0000000 457f 464c 0101 0001 0000 0000 0000 0000
0000010 0002 0003 0001 0000 1f9e 0010 0034 0000
0000020 a09c 0000 0000 0000 0034 0020 0003 0028
0000030 0012 0011 0001 0000 1000 0000 0000 0010
0000040 0000 0010 33bc 0000 33bc 0000 0007 0000
0000050 1000 0000 0001 0000 0000 0000 0000 0040
0000060 0000 0040 0000 0000 3a2c 0000 0006 0000
0000070 1000 0000 e551 6474 0000 0000 0000 0000
0000080 0000 0000 0000 0000 0000 0000 0006 0000
0000090 0010 0000 0000 0000 0000 0000 0000 0000
00000a0 0000 0000 0000 0000 0000 0000 0000 0000
*
0001000 b002 1bad 0000 0000 4ffe e452 8955 83e5
0001010 10ec 458b 8908 fc45 458b 890c f845 17eb
0001020 558b 8df8 0142 4589 8bf8 fc45 488d 8901
0001030 fc4d b60f 8812 8b10 1045 508d 89ff 1055
0001040 c085 dc75 458b c908 55c3 e589 ec83 8b10
0001050 0845 4589 ebfc 8b0e fc45 508d 8901 fc55
0001060 558b 880c 8b10 1045 508d 89ff 1055 c085
0001070 e575 458b c908 55c3 e589 ec83 8b10 0845
0001080 4589 8bfc 0c45 4589 ebf8 8b2e fc45 b60f
0001090 8b10 f845 b60f 3800 74c2 8b16 fc45 b60f
00010a0 0f00 d0b6 458b 0ff8 00b6 b60f 29c0 ebc2
00010b0 831a fc45 8301 f845 8b01 1045 508d 89ff
00010c0 1055 c085 c575 00ba 0000 8900 c9d0 55c3
00010d0 e589 ec83 c710 fc45 0000 0000 04eb 4583
00010e0 01fc 458b 8d08 0150 5589 0f08 00b6 c084
00010f0 ec75 458b c9fc 55c3 e589 8353 08ec 558b
0001100 8b08 0c45 8966 f855 4588 0ff4 4db7 0ff8
0001110 5db6 66f4 ca89 d888 90ee 5d8b c9fc 55c3
0001120 e589 ec83 8b14 0845 8966 ec45 b70f ec4d
0001130 8966 ecca c188 4d88 0fff 45b6 c9ff 55c3
0001140 e589 006a 8068 0000 e800 ffa9 ffff c483
0001150 9008 c3c9 8955 83e5 20ec 7d83 0008 0a75
0001160 00b8 0000 e900 013b 0000 458b 8308 07c0
0001170 e083 89f8 0845 458b 8308 08c0 4589 c7f4
0001180 fc45 1020 0040 20a1 4010 8900 f845 98e9
0001190 0000 8b00 f845 008b 453b 72f4 8b7c f845
00011a0 008b 452b 89f4 ec45 7d83 0fec 3176 558b
00011b0 8bf8 f445 d001 4589 8be8 e845 558b 89ec
00011c0 8b10 f845 508b 8b04 e845 5089 8b04 fc45
00011d0 558b 89e8 8b10 f845 558b 89f4 eb10 8b0b
00011e0 f845 508b 8b04 fc45 1089 00a1 4010 3d00
00011f0 03ff 0000 187f 00a1 4010 8d00 0150 1589
0001200 1000 0040 558b 89f8 8514 0000 0040 458b
0001210 83f8 08c0 8ce9 0000 8b00 f845 c083 8904
0001220 fc45 458b 8bf8 0440 4589 83f8 f87d 0f00
0001230 5e85 ffff 8bff b415 1033 8b00 f445 d001
0001240 158b 33b8 0010 c239 0773 00b8 0000 eb00
0001250 a154 33b4 0010 4589 8bf0 f045 558b 89f4
0001260 8b10 f045 40c7 0004 0000 a100 1000 0040
0001270 ff3d 0003 7f00 a118 1000 0040 508d 8901
0001280 0015 4010 8b00 f055 1489 0085 4000 8b00
0001290 b415 1033 8b00 f445 d001 b4a3 1033 8b00
00012a0 f045 c083 c908 55c3 e589 ec83 a110 1020
00012b0 0040 c085 0a74 20a1 4010 3900 0845 1673
00012c0 158b 1020 0040 458b 8908 0450 458b a308
00012d0 1020 0040 3deb 20a1 4010 8900 fc45 09eb
00012e0 458b 8bfc 0440 4589 8bfc fc45 408b 8504
00012f0 74c0 8b0b fc45 408b 3b04 0845 e272 458b
0001300 8bfc 0450 458b 8908 0450 458b 8bfc 0855
0001310 5089 c904 55c3 e589 ec83 a110 1020 0040
0001320 4589 ebfc 8b46 fc45 108b 458b 01fc 89d0
0001330 f845 458b 8bfc 0440 4539 75f8 8b25 fc45
0001340 108b 458b 8bfc 0440 008b c201 458b 89fc
0001350 8b10 fc45 408b 8b04 0450 458b 89fc 0450
0001360 09eb 458b 8bfc 0440 4589 83fc fc7d 7400
0001370 8b0a fc45 408b 8504 75c0 90aa c3c9 8955
0001380 83e5 10ec 7d83 0008 1b74 458b 8308 08e8
0001390 4589 fffc fc75 0ce8 ffff 83ff 04c4 72e8
00013a0 ffff ebff 9001 c3c9 8955 83e5 08ec 558b
00013b0 8b08 0c45 5588 88fc f845 0f66 55be 0ffc
00013c0 45b6 c1f8 08e0 d009 c3c9 8955 83e5 10ec
00013d0 458b 8908 89c2 c1d0 02e0 d001 e0c1 8904
00013e0 8bc2 0c45 d001 8966 fe45 0f6a d468 0003
00013f0 e800 fd01 ffff c483 0f08 45b7 0ffe c0b6
0001400 6850 03d5 0000 ece8 fffc 83ff 08c4 106a
0001410 d468 0003 e800 fcdd ffff c483 0f08 45b7
0001420 66fe e8c1 0f08 c0b6 6850 03d5 0000 c4e8
0001430 fffc 83ff 08c4 c990 55c3 e589 ec83 8b14
0001440 0845 4588 0fec 45b6 50ec 206a 57e8 ffff
0001450 83ff 08c4 8966 fa45 45c7 00fc 0000 eb00
0001460 ba17 8000 000b 458b 01fc 01c0 0fc2 45b7
0001470 66fa 0289 4583 01fc 7d81 cffc 0007 7e00
0001480 c7e0 2405 4010 0000 0000 c700 2805 4010
0001490 0000 0000 8b00 2815 4010 a100 1024 0040
00014a0 5052 23e8 ffff 83ff 08c4 c990 55c3 e589
00014b0 5356 ec83 8b18 0855 458b 880c e455 4588
00014c0 80e0 e47d 750a a11c 1024 0040 c083 a301
00014d0 1024 0040 05c7 1028 0040 0000 0000 09e9
00014e0 0001 8000 e47d 750d c70f 2805 4010 0000
00014f0 0000 e900 00f4 0000 7d80 09e4 1575 28a1
0001500 4010 8300 04c0 e083 a3fc 1028 0040 d9e9
0001510 0000 8000 e47d 7508 a16e 1028 0040 c085
0001520 0f7e 28a1 4010 8300 01e8 28a3 4010 eb00
0001530 a120 1024 0040 c085 177e 24a1 4010 8300
0001540 01e8 24a3 4010 c700 2805 4010 4f00 0000
0001550 0f00 4db6 bbe0 8000 000b 158b 1024 0040
0001560 d089 e0c1 0102 c1d0 04e0 c289 28a1 4010
0001570 0100 01d0 01c0 51c3 206a 29e8 fffe 83ff
0001580 08c4 8966 eb03 0f65 5db6 0fe0 4dbe bee4
0001590 8000 000b 158b 1024 0040 d089 e0c1 0102
00015a0 c1d0 04e0 c289 28a1 4010 0100 01d0 01c0
00015b0 53c6 e851 fdf0 ffff c483 6608 0689 28a1
00015c0 4010 8300 01c0 28a3 4010 a100 1028 0040
00015d0 f883 7e4f c717 2805 4010 0000 0000 a100
00015e0 1024 0040 c083 a301 1024 0040 24a1 4010
00015f0 8300 18f8 8e0f 00a8 0000 45c7 01f4 0000
0001600 eb00 c75b f045 0000 0000 48eb 00b9 0b80
0001610 8b00 f455 d089 e0c1 0102 c1d0 04e0 c289
0001620 458b 01f0 01d0 01c0 bbc1 8000 000b 458b
0001630 8df4 ff50 d089 e0c1 0102 c1d0 04e0 c289
0001640 458b 01f0 01d0 8dc0 0314 b70f 6601 0289
0001650 4583 01f0 7d83 4ff0 b27e 4583 01f4 7d83
0001660 18f4 9f7e 45c7 00ec 0000 eb00 ba25 8000
0001670 000b 458b 05ec 0780 0000 c001 1c8d 6a02
0001680 6a07 e820 fd20 ffff c483 6608 0389 4583
0001690 01ec 7d83 4fec d57e 05c7 1024 0040 0018
00016a0 0000 158b 1028 0040 24a1 4010 5200 e850
00016b0 fd16 ffff c483 9008 658d 5bf8 5d5e 55c3
00016c0 e589 ec83 8b14 0c45 4588 c7ec fc45 0000
00016d0 0000 20eb b60f ec55 4d8b 8bfc 0845 c801
00016e0 b60f 0f00 c0be 5052 c0e8 fffd 83ff 08c4
00016f0 4583 01fc 558b 8bfc 0845 d001 b60f 8400
0001700 75c0 90d1 c990 55c3 e589 ec83 8b18 0855
0001710 458b 880c ec55 4588 c7e8 fc45 2d84 0010
0001720 b60f ec45 e8c0 0f04 c0b6 e083 890f 8bc2
0001730 fc45 d001 b60f 8800 f945 b60f ec45 e083
0001740 890f 8bc2 fc45 d001 b60f 8800 fa45 45c6
0001750 00fb b60f e845 8d50 f945 e850 ff5f ffff
0001760 c483 9008 c3c9 8955 83e5 18ec 558b 8b08
0001770 0c45 8966 ec55 4588 c7e8 fc45 2d84 0010
0001780 b70f ec45 c166 0ce8 b70f 83c0 0fe0 c289
0001790 458b 01fc 0fd0 00b6 4588 0ff7 45b7 66ec
00017a0 e8c1 0f08 c0b7 e083 890f 8bc2 fc45 d001
00017b0 b60f 8800 f845 b70f ec45 c166 04e8 b70f
00017c0 83c0 0fe0 c289 458b 01fc 0fd0 00b6 4588
00017d0 0ff9 45b7 83ec 0fe0 c289 458b 01fc 0fd0
00017e0 00b6 4588 c6fa fb45 0f00 45b6 50e8 458d
00017f0 50f7 c8e8 fffe 83ff 08c4 c990 55c3 e589
0001800 ec83 8b24 0c45 4588 c7dc f845 2d84 0010
0001810 45c7 00fc 0000 eb00 8b2c fc45 e0c1 8b02
0001820 0855 c189 ead3 d089 e083 890f 8bc2 f845
0001830 c201 07b8 0000 2b00 fc45 b60f 8812 0554
0001840 83ef fc45 8301 fc7d 7e07 c6ce f745 0f00
0001850 45b6 50dc 458d 50ef 62e8 fffe 83ff 08c4
0001860 c990 55c3 e589 ec83 b810 34de 0012 00ba
0001870 0000 f700 0875 4589 68fc 00b6 0000 436a
0001880 72e8 fff8 83ff 08c4 458b 0ffc c0b6 6a50
0001890 e842 f861 ffff c483 8b08 fc45 e8c1 0f08
00018a0 c0b6 6a50 e842 f84d ffff c483 6a08 e861
00018b0 f86b ffff c483 8804 fb45 b60f fb45 e083
00018c0 8503 75c0 0f15 45b6 83fb 03c8 b60f 50c0
00018d0 616a 20e8 fff8 83ff 08c4 c990 55c3 e589
00018e0 ec83 6a10 e861 f835 ffff c483 8804 ff45
00018f0 b60f ff45 fc25 0000 5000 616a f6e8 fff7
0001900 83ff 08c4 c990 55c3 e589 ec83 c710 fc45
0001910 0000 0000 04eb 4583 01fc 558b 8bfc 0845
0001920 d001 b60f 8400 75c0 8bed fc45 c3c9 8955
0001930 57e5 5356 ec83 8b04 1445 4588 ebf0 0f43
0001940 5db6 8bf0 1045 508d 8901 1055 b60f 0f00
0001950 c8be 00be 0b80 8b00 0855 d089 e0c1 0102
0001960 c1d0 04e0 c789 458b 8d0c 0150 5589 010c
0001970 01f8 01c0 53c6 e851 fa2c ffff c483 6608
0001980 0689 458b 0f10 00b6 c084 b375 9090 658d
0001990 5bf4 5f5e c35d 8955 57e5 5356 ec83 8b14
00019a0 1445 4588 c7e0 f045 0000 0000 7d83 0010
00019b0 850f 0086 0000 b60f e04d 00bb 0b80 8b00
00019c0 0855 d089 e0c1 0102 c1d0 04e0 c289 458b
00019d0 010c 01d0 01c0 51c3 306a c9e8 fff9 83ff
00019e0 08c4 8966 e903 00a9 0000 4d8b ba10 6667
00019f0 6666 c889 eaf7 fac1 8902 c1c8 1ff8 c229
0001a00 d089 e0c1 0102 01d0 29c0 89c1 89ca 8dd0
0001a10 3048 458b 8df0 0150 5589 89f0 88ca 0554
0001a20 8be4 104d 67ba 6666 8966 f7c8 89ea c1d0
0001a30 02f8 f9c1 891f 29ca 89d0 1045 7d83 0010
0001a40 a87f 42eb b60f e05d 558d 8be4 f045 d001
0001a50 b60f 0f00 c8be 00be 0b80 8b00 0855 d089
0001a60 e0c1 0102 c1d0 04e0 c789 458b 8d0c 0150
0001a70 5589 010c 01f8 01c0 53c6 e851 f928 ffff
0001a80 c483 6608 0689 458b 8df0 ff50 5589 85f0
0001a90 75c0 8db1 f465 5e5b 5d5f 55c3 e589 5657
0001aa0 8353 14ec 458b 8814 e045 b60f e04d 00bb
0001ab0 0b80 8b00 0855 d089 e0c1 0102 c1d0 04e0
0001ac0 c689 458b 8d0c 0150 5589 010c 01f0 01c0
0001ad0 51c3 306a cfe8 fff8 83ff 08c4 8966 0f03
0001ae0 4db6 bbe0 8000 000b 558b 8908 c1d0 02e0
0001af0 d001 e0c1 8904 8bc6 0c45 508d 8901 0c55
0001b00 f001 c001 c301 6a51 e878 f89a ffff c483
0001b10 6608 0389 45c7 07f0 0000 eb00 8b68 f045
0001b20 e0c1 8b02 1055 c189 ead3 d089 e083 890f
0001b30 ec45 7d83 09ec 087f 458b 83ec 30c0 06eb
0001b40 458b 83ec 37c0 4588 0feb 5db6 0fe0 4dbe
0001b50 beeb 8000 000b 558b 8908 c1d0 02e0 d001
0001b60 e0c1 8904 8bc7 0c45 508d 8901 0c55 f801
0001b70 c001 c601 5153 2de8 fff8 83ff 08c4 8966
0001b80 8306 f06d 8301 f07d 7900 9092 8d90 f465
0001b90 5e5b 5d5f 55c3 e589 ec83 c710 fc45 0000
0001ba0 0000 21eb 45c7 00f8 0000 eb00 900a 458b
0001bb0 83f8 01c0 4589 8bf8 f845 7f3d faf0 7602
0001bc0 83ec fc45 8b01 fc45 453b 7c08 90d7 c990
0001bd0 55c3 e589 8353 40ec c7fa f845 0000 0000
0001be0 44eb 45c7 00f4 0000 eb00 b931 8000 000b
0001bf0 558b 89f8 c1d0 02e0 d001 e0c1 8904 8bc2
0001c00 f445 d001 c001 1c8d 6a01 6a4f e820 f796
0001c10 ffff c483 6608 0389 4583 01f4 7d83 4ff4
0001c20 c97e 4583 01f8 7d83 18f8 b67e 45c7 95ec
0001c30 102d ff00 ec75 cce8 fffc 83ff 04c4 c289
0001c40 50b8 0000 2900 89d0 c1c2 1fea d001 f8d1
0001c50 4589 6ae8 ff4f ec75 75ff 6ae8 e804 fccc
0001c60 ffff c483 ff10 0875 9ae8 fffc 83ff 04c4
0001c70 c289 50b8 0000 2900 89d0 c1c2 1fea d001
0001c80 f8d1 4589 6ae4 ff4f 0875 75ff 6ae4 e806
0001c90 fc9a ffff c483 c710 e045 2db4 0010 75ff
0001ca0 e8e0 fc61 ffff c483 8904 b8c2 0050 0000
0001cb0 d029 c289 eac1 011f d1d0 89f8 dc45 4f6a
0001cc0 75ff ffe0 dc75 086a 61e8 fffc 83ff 10c4
0001cd0 45c7 d4d8 102d ff00 d875 28e8 fffc 83ff
0001ce0 04c4 c289 50b8 0000 2900 89d0 c1c2 1fea
0001cf0 d001 f8d1 4589 6ad4 ff4f d875 75ff 6ad4
0001d00 e80a fc28 ffff c483 8910 89e0 d045 45c7
0001d10 00f0 0000 e900 00b3 0000 458b 83f0 0cc0
0001d20 4589 c7cc c845 0004 0000 00b9 0b80 8b00
0001d30 cc55 d089 e0c1 0102 c1d0 04e0 c389 458b
0001d40 8dc8 0150 5589 01c8 01d8 8dc0 011c 4f6a
0001d50 5b6a 51e8 fff6 83ff 08c4 8966 6a03 ff4f
0001d60 f075 75ff ffc8 cc75 29e8 fffc 83ff 10c4
0001d70 4583 02c8 00b9 0b80 8b00 cc55 d089 e0c1
0001d80 0102 c1d0 04e0 c389 458b 8dc8 0150 5589
0001d90 01c8 01d8 8dc0 011c 4f6a 5d6a 07e8 fff6
0001da0 83ff 08c4 8966 8b03 f045 148d 0085 0000
0001db0 8b00 d045 d001 008b 4f6a ff50 c875 75ff
0001dc0 e8cc fcd5 ffff c483 8310 f045 8301 f07d
0001dd0 0f0c 438e ffff f4ff fdeb 8955 83e5 08ec
0001de0 558b 8b14 1845 5588 88fc f845 458b 8910
0001df0 8bc2 0845 8966 c514 1040 0040 458b 890c
0001e00 8bc2 0845 8966 c514 1042 0040 458b c10c
0001e10 10e8 c289 458b 8808 c514 1044 0040 458b
0001e20 0f08 55b6 88fc c514 1045 0040 458b c110
0001e30 10e8 e083 890f 0fc2 45b6 83f8 f0e0 c209
0001e40 458b 8808 c514 1046 0040 458b c10c 18e8
0001e50 c289 458b 8808 c514 1047 0040 c990 55c3
0001e60 e589 458b 0f08 1001 5d90 55c3 e589 458b
0001e70 0f08 1801 5d90 55c3 e589 ec83 8b04 0845
0001e80 8966 fc45 b70f fc45 000f 90d8 c3c9 8955
0001e90 83e5 10ec 0f66 c800 8966 fe45 b70f fe45
0001ea0 c3c9 8955 66e5 10b8 8e00 8ed8 8ec0 8ee0
0001eb0 8ee8 90d0 c35d 8955 83e5 0cec 4d8b 8b08
0001ec0 1055 458b 8814 fc4d 8966 f855 4588 0ff4
0001ed0 45b6 8bfc 0c55 8966 c514 1080 0040 b60f
0001ee0 fc45 b70f f855 8966 c514 1082 0040 b60f
0001ef0 fc45 04c6 84c5 4010 0000 b60f fc45 b60f
0001f00 f455 1488 85c5 4010 8b00 0c45 e8c1 8910
0001f10 0fc2 45b6 66fc 1489 86c5 4010 9000 c3c9
0001f20 8955 83e5 10ec 216a f2e8 fff1 83ff 04c4
0001f30 4588 68ff 00a1 0000 e2e8 fff1 83ff 04c4
0001f40 4588 6afe 6a11 e820 f1ab ffff c483 e808
0001f50 f1eb ffff 116a a068 0000 e800 f197 ffff
0001f60 c483 e808 f1d7 ffff 206a 216a 86e8 fff1
0001f70 83ff 08c4 c6e8 fff1 6aff 6828 00a1 0000
0001f80 72e8 fff1 83ff 08c4 b2e8 fff1 6aff 6a04
0001f90 e821 f161 ffff c483 e808 f1a1 ffff 026a
0001fa0 a168 0000 e800 f14d ffff c483 e808 f18d
0001fb0 ffff 016a 216a 3ce8 fff1 83ff 08c4 7ce8
0001fc0 fff1 6aff 6801 00a1 0000 28e8 fff1 83ff
0001fd0 08c4 68e8 fff1 0fff 45b6 50ff 216a 14e8
0001fe0 fff1 83ff 08c4 b60f fe45 6850 00a1 0000
0001ff0 02e8 fff1 83ff 08c4 c990 55c3 e589 ec83
0002000 b810 34dc 0012 00ba 0000 f700 0875 4589
0002010 6afc 6a36 e843 f0dd ffff c483 8b08 fc45
0002020 b60f 50c0 406a cce8 fff0 83ff 08c4 458b
0002030 c1fc 08e8 b60f 50c0 406a b8e8 fff0 83ff
0002040 08c4 c990 55c3 e589 ec83 8b14 0845 4588
0002050 a1ec 3a20 0040 c083 2501 00ff 0000 4589
0002060 a1fc 3a24 0040 4539 74fc a117 3a20 0040
0002070 b60f ec55 9088 3920 0040 458b a3fc 3a20
0002080 0040 c990 55c3 e589 ec83 8b10 2415 403a
0002090 a100 3a20 0040 c239 0775 ffb8 ffff ebff
00020a0 a123 3a24 0040 b60f 2080 4039 8800 ff45
00020b0 24a1 403a 8300 01c0 b60f a3c0 3a24 0040
00020c0 be0f ff45 c3c9 8955 ebe5 e805 f06f ffff
00020d0 646a 48e8 fff0 83ff 04c4 b60f 83c0 02e0
00020e0 c085 e775 9090 c3c9 8955 ebe5 e805 f04d
00020f0 ffff 646a 26e8 fff0 83ff 04c4 b60f 83c0
0002100 01e0 c085 e774 9090 c3c9 8955 e8e5 ffb4
0002110 ffff 206a 646a dce8 ffef 83ff 08c4 c5e8
0002120 ffff 6aff e860 eff5 ffff c483 c904 55c3
0002130 e589 ec83 8b04 0845 4588 e8fc ff86 ffff
0002140 606a 646a aee8 ffef 83ff 08c4 75e8 ffff
0002150 0fff 45b6 50fc 606a 9ae8 ffef 83ff 08c4
0002160 c990 55c3 e589 ec83 e810 ff58 ffff ae68
0002170 0000 6a00 e864 ef7d ffff c483 e808 ff88
0002180 ffff 4588 80fb fb4d 8001 fb65 0fef 45b6
0002190 50fb 98e8 ffff 83ff 04c4 27e8 ffff 68ff
00021a0 00f4 0000 606a 4ce8 ffef 83ff 08c4 45c7
00021b0 00fc 0000 eb00 6a29 e864 ef61 ffff c483
00021c0 0f04 c0b6 e083 8501 74c0 6a0c e860 ef4d
00021d0 ffff c483 eb04 e813 ef63 ffff 4583 01fc
00021e0 7d81 e7fc 0003 7e00 90ce c990 55c3 e589
00021f0 ec83 6a10 e864 ef25 ffff c483 0f04 c0b6
0002200 e083 8501 0fc0 0484 0001 6a00 e860 ef0d
0002210 ffff c483 8804 fe45 7d80 2afe 0674 7d80
0002220 36fe 0f75 05c7 3910 0040 0001 0000 e3e9
0002230 0000 8000 fe7d 74aa 8006 fe7d 75b6 c70f
0002240 1005 4039 0000 0000 e900 00c8 0000 7d80
0002250 3afe 1275 14a1 4039 8300 01f0 14a3 4039
0002260 e900 00b0 0000 b60f fe45 c084 880f 00a0
0002270 0000 10a1 4039 8500 74c0 b807 2e80 0010
0002280 05eb 00b8 102e 8900 f845 45c6 00ff b60f
0002290 fe45 c084 0f78 b60f fe55 458b 01f8 0fd0
00022a0 00b6 4588 80ff ff7d 7400 806a ff7d 7e60
00022b0 8024 ff7d 7f7a a11e 3914 0040 c085 3f74
00022c0 10a1 4039 8500 75c0 0f36 45b6 83ff 20e8
00022d0 4588 ebff 802a ff7d 7e40 8025 ff7d 7f5a
00022e0 a11f 3914 0040 c085 1674 10a1 4039 8500
00022f0 74c0 0f0d 45b6 83ff 20c0 4588 ebff 9001
0002300 be0f ff45 e850 fd3b ffff c483 eb04 9007
0002310 04eb eb90 9001 206a 206a d8e8 ffed 83ff
0002320 08c4 c990 55c3 e589 ec83 8b04 0845 4588
0002330 6afc 680c 2f00 0010 82e8 fff3 83ff 08c4
0002340 b60f fc45 0c6a e850 f3bb ffff c483 6a08
0002350 680c 2f12 0010 64e8 fff3 83ff 08c4 7d80
0002360 27fc 1576 7d80 2ffc 0f77 206a a068 0000
0002370 e800 ed81 ffff c483 8008 fc7d 761f 8012
0002380 fc7d 772f 6a0c 6a20 e820 ed69 ffff c483
0002390 6808 2f15 0010 36e8 fff8 55ff e589 28a1
00023a0 403a 8300 01c0 28a3 403a 6a00 6a20 e820
00023b0 ed43 ffff c483 9008 c3c9 8955 83e5 087d
00023c0 7706 8b4b 0845 e0c1 0502 2f38 0010 008b
00023d0 e0ff 458b 6a0c 5007 e2e8 fff2 83ff 08c4
00023e0 00b8 0000 eb00 e82c fc99 ffff 25eb 076a
00023f0 2368 102f e800 f2c5 ffff c483 f408 fdeb
0002400 00b8 0000 eb00 b80c 0000 0000 05eb ffb8
0002410 ffff c9ff 55c3 e589 ec83 8b08 0855 458b
0002420 8810 fc55 8966 f845 0c6a 5468 102f e800
0002430 f28b ffff c483 0f08 45b6 6afc 500c c4e8
0002440 fff2 83ff 08c4 0c6a 1268 102f e800 f26d
0002450 ffff c483 6a08 680c 2f66 0010 5ee8 fff2
0002460 83ff 08c4 0c6a 75ff e80c f38f ffff c483
0002470 6a08 680c 2f6b 0010 42e8 fff2 83ff 08c4
0002480 b70f f845 0c6a e850 f2da ffff c483 6a08
0002490 680c 2f70 0010 24e8 fff2 83ff 08c4 0c6a
00024a0 75ff e814 f355 ffff c483 6a08 680c 2f79
00024b0 0010 08e8 fff2 83ff 08c4 7b68 102f e800
00024c0 f70d ffff 8955 83e5 08ec 558b 8b08 1445
00024d0 5588 66fc 4589 6af8 680c 2f54 0010 dce8
00024e0 fff1 83ff 08c4 b60f fc45 0c6a e850 f215
00024f0 ffff c483 6a08 680c 2f12 0010 bee8 fff1
0002500 83ff 08c4 0c6a 8568 102f e800 f1af ffff
0002510 c483 6a08 ff0c 0c75 e0e8 fff2 83ff 08c4
0002520 0c6a 8a68 102f e800 f193 ffff c483 6a08
0002530 ff0c 1075 c4e8 fff2 83ff 08c4 0c6a 6b68
0002540 102f e800 f177 ffff c483 0f08 45b7 6af8
0002550 500c 0fe8 fff2 83ff 08c4 0c6a 7068 102f
0002560 e800 f159 ffff c483 6a08 ff0c 1875 8ae8
0002570 fff2 83ff 08c4 0c6a 7968 102f e800 f13d
0002580 ffff c483 6808 2f90 0010 42e8 fff6 55ff
0002590 e589 ec83 8b14 1045 8966 ec45 0c6a ac68
00025a0 102f e800 f117 ffff c483 6a08 680c 2f85
00025b0 0010 08e8 fff1 83ff 08c4 0c6a 75ff e808
00025c0 f239 ffff c483 6a08 680c 2f8a 0010 ece8
00025d0 fff0 83ff 08c4 0c6a 75ff e80c f21d ffff
00025e0 c483 6a08 680c 2f6b 0010 d0e8 fff0 83ff
00025f0 08c4 b70f ec45 0c6a e850 f168 ffff c483
0002600 6a08 680c 2f70 0010 b2e8 fff0 83ff 08c4
0002610 0c6a 75ff e814 f1e3 ffff c483 6a08 680c
0002620 2f79 0010 96e8 fff0 83ff 08c4 458b 8308
0002630 fce0 8966 fe45 b70f fe45 c166 03e8 8966
0002640 fc45 458b c108 02e8 e083 8801 fb45 458b
0002650 8308 01e0 4588 6afa 680c 2fbe 0010 5ce8
0002660 fff0 83ff 08c4 b70f fe45 0c6a e850 f0f4
0002670 ffff c483 6a08 680c 2fc3 0010 3ee8 fff0
0002680 83ff 08c4 b70f fc45 0c6a e850 f0d6 ffff
0002690 c483 6a08 680c 2fc9 0010 20e8 fff0 83ff
00026a0 08c4 7d80 00fb 0774 ceb8 102f eb00 b805
00026b0 2fd0 0010 0c6a e850 f003 ffff c483 6a08
00026c0 680c 2fd2 0010 f4e8 ffef 83ff 08c4 7d80
00026d0 00fa 0774 ceb8 102f eb00 b805 2fd0 0010
00026e0 0c6a e850 efd7 ffff c483 6a08 680c 2f79
00026f0 0010 c8e8 ffef 83ff 08c4 0c6a d868 102f
0002700 e800 efb9 ffff c483 0f08 05b7 100c 0040
0002710 b70f 6ac0 500c 4be8 fff0 83ff 08c4 0c6a
0002720 e368 102f e800 ef95 ffff c483 0f08 05b7
0002730 1004 0040 b70f 6ac0 500c 27e8 fff0 83ff
0002740 08c4 0c6a e868 102f e800 ef71 ffff c483
0002750 a108 1008 0040 0c6a e850 f09f ffff c483
0002760 6a08 680c 2fee 0010 52e8 ffef 83ff 08c4
0002770 b70f 0e05 4010 0f00 c0b7 0c6a e850 efe4
0002780 ffff c483 6a08 680c 2f79 0010 2ee8 ffef
0002790 83ff 08c4 0c6a f368 102f e800 ef1f ffff
00027a0 c483 0f08 05b7 18a8 0040 b70f 6ac0 500c
00027b0 b1e8 ffef 83ff 08c4 0c6a fc68 102f e800
00027c0 eefb ffff c483 a108 18a4 0040 0c6a e850
00027d0 f029 ffff c483 6a08 680c 2f79 0010 dce8
00027e0 ffee 83ff 08c4 0768 1030 e800 f3e1 ffff
00027f0 8955 83e5 14ec 458b 6610 4589 0fec d020
0002800 4589 6afc 680c 3020 0010 b0e8 ffee 83ff
0002810 08c4 0c6a 3468 1030 e800 eea1 ffff c483
0002820 6a08 ff0c fc75 d2e8 ffef 83ff 08c4 0c6a
0002830 3968 1030 e800 ee85 ffff c483 6a08 ff0c
0002840 0875 b6e8 ffef 83ff 08c4 0c6a 8a68 102f
0002850 e800 ee69 ffff c483 6a08 ff0c 0c75 9ae8
0002860 ffef 83ff 08c4 0c6a 6b68 102f e800 ee4d
0002870 ffff c483 0f08 45b7 6aec 500c e5e8 ffee
0002880 83ff 08c4 0c6a 7068 102f e800 ee2f ffff
0002890 c483 6a08 ff0c 1475 60e8 ffef 83ff 08c4
00028a0 0c6a 7968 102f e800 ee13 ffff c483 6808
00028b0 303f 0010 18e8 fff3 55ff e589 7d83 0308
00028c0 2f74 7d83 0308 317f 7d83 0108 0874 7d83
00028d0 0208 1674 23eb 0f6a 75ff e80c eddf ffff
00028e0 c483 b808 0000 0000 19eb 96e8 fff7 ebff
00028f0 ff12 0c75 d8e8 fff2 68ff 304a 0010 cee8
0002900 fff2 c9ff 55c3 e589 006a 026a a8e8 ffff
0002910 83ff 08c4 c3c9 8955 ffe5 0875 016a 96e8
0002920 ffff 83ff 08c4 c3c9 8955 ffe5 0875 036a
0002930 84e8 ffff 83ff 08c4 c3c9 8955 b8e5 0004
0002940 0000 80cd 5d90 55c3 e589 0f6a 5768 1030
0002950 e800 ed69 ffff c483 6a08 680f 306f 0010
0002960 5ae8 ffed 83ff 08c4 0f6a 5768 1030 e800
0002970 ed4b ffff c483 9008 c3c9 8955 6ae5 680e
0002980 3086 0010 36e8 ffed 83ff 08c4 b70f 0c05
0002990 4010 0f00 c0b7 0e6a e850 edc8 ffff c483
00029a0 6a08 680e 2fe3 0010 12e8 ffed 83ff 08c4
00029b0 b70f 0405 4010 0f00 c0b7 0e6a e850 eda4
00029c0 ffff c483 6a08 680e 2fe8 0010 eee8 ffec
00029d0 83ff 08c4 08a1 4010 6a00 500e 1ce8 ffee
00029e0 83ff 08c4 0e6a ee68 102f e800 eccf ffff
00029f0 c483 0f08 05b7 100e 0040 b70f 6ac0 500e
0002a00 61e8 ffed 83ff 08c4 0e6a 7968 102f e800
0002a10 ecab ffff c483 9008 c3c9 8955 83e5 10ec
0002a20 45c7 10fc 4019 8b00 fc45 0005 0010 8900
0002a30 f845 0a6a 8f68 1030 e800 ec81 ffff c483
0002a40 6a08 ff0a fc75 b2e8 ffed 83ff 08c4 0a6a
0002a50 9c68 1030 e800 ec65 ffff c483 6a08 ff0a
0002a60 f875 96e8 ffed 83ff 08c4 0a6a fc68 102f
0002a70 e800 ec49 ffff c483 a108 18a4 0040 0a6a
0002a80 e850 ed77 ffff c483 6a08 680a 30a2 0010
0002a90 2ae8 ffec 83ff 08c4 b70f a805 4018 0f00
0002aa0 c0b7 0a6a e850 ecbc ffff c483 6a08 680a
0002ab0 2f79 0010 06e8 ffec 83ff 08c4 c990 55c3
0002ac0 e589 0e6a ac68 1030 e800 ebf1 ffff c483
0002ad0 0f08 05b7 101c 0040 b70f 6ac0 500e 83e8
0002ae0 ffec 83ff 08c4 0e6a 8a68 102f e800 ebcd
0002af0 ffff c483 a108 1010 0040 0e6a e850 ecfb
0002b00 ffff c483 6a08 680e 2f70 0010 aee8 ffeb
0002b10 83ff 08c4 14a1 4010 6a00 500e dce8 ffec
0002b20 83ff 08c4 0e6a e368 102f e800 eb8f ffff
0002b30 c483 0f08 05b7 101e 0040 b70f 6ac0 500e
0002b40 21e8 ffec 83ff 08c4 0e6a e868 102f e800
0002b50 eb6b ffff c483 a108 1018 0040 0e6a e850
0002b60 ec99 ffff c483 6a08 680e 2f79 0010 4ce8
0002b70 ffeb 83ff 08c4 c990 55c3 e589 ec81 0810
0002b80 0000 c0e8 fffd 68ff 30b4 0010 85e8 fffd
0002b90 83ff 04c4 45c7 00fc 0000 6800 30cf 0010
0002ba0 71e8 fffd 83ff 04c4 45c7 00fc 0000 e800
0002bb0 fd51 ffff 4589 83f4 f47d 7900 e80a fd78
0002bc0 ffff 99e9 0000 8300 f47d 750a 8d27 f495
0002bd0 fff7 8bff fc45 d001 00c6 6800 2f79 0010
0002be0 31e8 fffd 83ff 04c4 8390 fc7d 7500 e976
0002bf0 02a0 0000 7d83 08f4 1975 7d83 00fc 5f7e
0002c00 6d83 01fc d668 1030 e800 fd08 ffff c483
0002c10 eb04 834c f47d 7e1f 8396 f47d 7f7e 8190
0002c20 fc7d 07fe 0000 877f 458b 8dfc 0150 5589
0002c30 8bfc f455 9488 f405 fff7 8bff f445 8588
0002c40 f7f2 ffff 85c6 f7f3 ffff 8d00 f285 fff7
0002c50 50ff bfe8 fffc 83ff 04c4 50e9 ffff 90ff
0002c60 4ae9 ffff 83ff fc7d 7e04 0f41 85b6 f7f4
0002c70 ffff 703c 3675 b60f f585 fff7 3cff 7572
0002c80 0f2b 85b6 f7f6 ffff 6f3c 2075 b60f f785
0002c90 fff7 3cff 7562 0f15 85b6 f7f8 ffff 653c
0002ca0 0a75 d3e8 fffc e9ff 01e8 0000 7d83 05fc
0002cb0 4c7e b60f f485 fff7 3cff 7573 0f41 85b6
0002cc0 f7f5 ffff 743c 3675 b60f f685 fff7 3cff
0002cd0 7561 0f2b 85b6 f7f7 ffff 633c 2075 b60f
0002ce0 f885 fff7 3cff 756b 0f15 85b6 f7f9 ffff
0002cf0 733c 0a75 21e8 fffd e9ff 0196 0000 7d83
0002d00 03fc 2b75 b60f f485 fff7 3cff 7572 0f20
0002d10 85b6 f7f5 ffff 653c 1575 b60f f685 fff7
0002d20 3cff 7574 e80a fd95 ffff 65e9 0001 8300
0002d30 fc7d 7e03 0f3e 85b6 f7f4 ffff 683c 3375
0002d40 b60f f585 fff7 3cff 7565 0f28 85b6 f7f6
0002d50 ffff 6c3c 1d75 b60f f785 fff7 3cff 7570
0002d60 6812 30dc 0010 abe8 fffb 83ff 04c4 21e9
0002d70 0001 8300 fc7d 7e03 0f65 85b6 f7f4 ffff
0002d80 653c 5a75 b60f f585 fff7 3cff 7563 0f4f
0002d90 85b6 f7f6 ffff 683c 4475 b60f f785 fff7
0002da0 3cff 756f 8d39 f485 fff7 83ff 04c0 4589
0002db0 ebf8 8304 f845 8b01 f845 b60f 3c00 7420
0002dc0 fff2 f875 4de8 fffb 83ff 04c4 7968 102f
0002dd0 e800 fb40 ffff c483 e904 00b6 0000 7d83
0002de0 04fc 4a75 b60f f485 fff7 3cff 7565 0f3f
0002df0 85b6 f7f5 ffff 783c 3475 b60f f685 fff7
0002e00 3cff 7569 0f29 85b6 f7f7 ffff 743c 1e75
0002e10 ac68 1031 e800 fafc ffff c483 6a04 6806
0002e20 0cf9 0000 cee8 ffe2 83ff 08c4 66eb 7d83
0002e30 05fc 5375 b60f f485 fff7 3cff 7563 0f48
0002e40 85b6 f7f5 ffff 723c 3d75 b60f f685 fff7
0002e50 3cff 7561 0f32 85b6 f7f7 ffff 733c 2775
0002e60 b60f f885 fff7 3cff 7568 681c 31b2 0010
0002e70 a1e8 fffa 83ff 04c4 c468 1031 e800 faa6
0002e80 ffff c483 eb04 680d 31e4 0010 85e8 fffa
0002e90 83ff 04c4 02e9 fffd 55ff e589 ec83 6a10
0002ea0 680f 31f6 0010 14e8 ffe8 83ff 08c4 10b8
0002eb0 4029 0500 0ffc 0000 4589 8bfc fc45 558b
0002ec0 fa08 236a 6850 3202 0000 1b6a cf52 0c68
0002ed0 1032 e800 ecf9 ffff b866 0023 d88e c08e
0002ee0 e08e e88e e8fb fc8f ffff 3468 1032 e800
0002ef0 ecdd ffff 8955 83e5 10ec 0f6a 5568 1032
0002f00 e800 e7b9 ffff c483 6a08 e808 e244 ffff
0002f10 c483 8904 fc45 7d83 00fc 0a75 6968 1032
0002f20 e800 ecab ffff 75ff e8fc e450 ffff c483
0002f30 9004 c3c9 8955 81e5 18ec 0002 6a00 680f
0002f40 3280 0010 76e8 ffe7 83ff 08c4 ec83 8d08
0002f50 f085 fffd 50ff 006a a3e8 0007 8300 10c4
0002f60 4589 83f0 f07d 7400 830d 0cec a068 1032
0002f70 e800 ec5b ffff 45c7 00f4 0000 eb00 8d12
0002f80 f095 fffd 8bff f445 d001 00c6 8300 f445
0002f90 8101 f47d 01ff 0000 e57e 9090 c3c9 8955
0002fa0 83e5 18ec 006a 006a 006a 006a 006a 27e8
0002fb0 ffee 83ff 14c4 cf68 0000 6800 009a 0000
0002fc0 ff68 0fff 6a00 6a00 e801 ee0c ffff c483
0002fd0 6814 00cf 0000 9268 0000 6800 ffff 000f
0002fe0 006a 026a f1e8 ffed 83ff 14c4 cf68 0000
0002ff0 6800 00fa 0000 ff68 0fff 6a00 6a00 e803
0003000 edd6 ffff c483 6814 00cf 0000 f268 0000
0003010 6800 ffff 000f 006a 046a bbe8 ffed 83ff
0003020 14c4 45c7 00f4 0000 eb00 8b0f f445 a005
0003030 4018 c600 0000 4583 01f4 7d83 67f4 eb76
0003040 10b8 4019 0500 0ffc 0000 a4a3 4018 6600
0003050 05c7 18a8 0040 0010 c766 0605 4019 6800
0003060 c700 f045 18a0 0040 45c7 67ec 0000 6a00
0003070 6800 0089 0000 75ff ffec f075 056a 57e8
0003080 ffed 83ff 14c4 c766 7005 4010 2f00 b800
0003090 1040 0040 72a3 4010 6800 1070 0040 bce8
00030a0 ffed 83ff 04c4 f7e8 ffed 6aff e828 edc5
00030b0 ffff c483 e804 edd4 ffff a366 100e 0040
00030c0 0c6a 72e8 ffe3 83ff 04c4 0c6a c168 1032
00030d0 e800 e5e9 ffff c483 6a08 680c 0000 0010
00030e0 dae8 ffe5 83ff 08c4 0c6a d468 1032 e800
00030f0 e5cb ffff c483 b808 2b45 0010 8e68 0000
0003100 6a00 5008 006a abe8 ffed 83ff 10c4 5db8
0003110 102b 6800 008e 0000 086a 6a50 e801 ed94
0003120 ffff c483 b810 2b75 0010 8e68 0000 6a00
0003130 5008 026a 7de8 ffed 83ff 10c4 8db8 102b
0003140 6800 008e 0000 086a 6a50 e803 ed66 ffff
0003150 c483 b810 2ba5 0010 8e68 0000 6a00 5008
0003160 046a 4fe8 ffed 83ff 10c4 bdb8 102b 6800
0003170 008e 0000 086a 6a50 e805 ed38 ffff c483
0003180 b810 2bd5 0010 8e68 0000 6a00 5008 066a
0003190 21e8 ffed 83ff 10c4 edb8 102b 6800 008e
00031a0 0000 086a 6a50 e807 ed0a ffff c483 b810
00031b0 2c05 0010 8e68 0000 6a00 5008 086a f3e8
00031c0 ffec 83ff 10c4 21b8 102c 6800 008e 0000
00031d0 086a 6a50 e809 ecdc ffff c483 b810 2c39
00031e0 0010 8e68 0000 6a00 5008 0a6a c5e8 ffec
00031f0 83ff 10c4 55b8 102c 6800 008e 0000 086a
0003200 6a50 e80b ecae ffff c483 b810 2c71 0010
0003210 8e68 0000 6a00 5008 0c6a 97e8 ffec 83ff
0003220 10c4 8db8 102c 6800 008e 0000 086a 6a50
0003230 e80d ec80 ffff c483 b810 2ca7 0010 8e68
0003240 0000 6a00 5008 0e6a 69e8 ffec 83ff 10c4
0003250 c1b8 102c 6800 008e 0000 086a 6a50 e810
0003260 ec52 ffff c483 b810 2cd9 0010 8e68 0000
0003270 6a00 5008 116a 3be8 ffec 83ff 10c4 f5b8
0003280 102c 6800 008e 0000 086a 6a50 e812 ec24
0003290 ffff c483 b810 2d0d 0010 8e68 0000 6a00
00032a0 5008 136a 0de8 ffec 83ff 10c4 25b8 102d
00032b0 6800 008e 0000 086a 6a50 e81d ebf6 ffff
00032c0 c483 b810 2d3d 0010 8e68 0000 6a00 5008
00032d0 1e6a dfe8 ffeb 83ff 10c4 55b8 102d 6800
00032e0 008e 0000 086a 6a50 e81f ebc8 ffff c483
00032f0 6a10 680c 32ec 0010 c2e8 ffe3 83ff 08c4
0003300 a5b8 1028 6800 008e 0000 086a 6a50 e820
0003310 eba2 ffff c483 b810 28df 0010 8e68 0000
0003320 6a00 5008 216a 8be8 ffeb 83ff 10c4 19b8
0003330 1029 6800 008e 0000 086a 6a50 e822 eb74
0003340 ffff c483 b810 293f 0010 8e68 0000 6a00
0003350 5008 236a 5de8 ffeb 83ff 10c4 65b8 1029
0003360 6800 008e 0000 086a 6a50 e824 eb46 ffff
0003370 c483 b810 298b 0010 8e68 0000 6a00 5008
0003380 256a 2fe8 ffeb 83ff 10c4 b1b8 1029 6800
0003390 008e 0000 086a 6a50 e826 eb18 ffff c483
00033a0 b810 29d7 0010 8e68 0000 6a00 5008 276a
00033b0 01e8 ffeb 83ff 10c4 fdb8 1029 6800 008e
00033c0 0000 086a 6a50 e828 eaea ffff c483 b810
00033d0 2a23 0010 8e68 0000 6a00 5008 296a d3e8
00033e0 ffea 83ff 10c4 49b8 102a 6800 008e 0000
00033f0 086a 6a50 e82a eabc ffff c483 b810 2a6f
0003400 0010 8e68 0000 6a00 5008 2b6a a5e8 ffea
0003410 83ff 10c4 95b8 102a 6800 008e 0000 086a
0003420 6a50 e82c ea8e ffff c483 b810 2abb 0010
0003430 8e68 0000 6a00 5008 2d6a 77e8 ffea 83ff
0003440 10c4 e1b8 102a 6800 008e 0000 086a 6a50
0003450 e82e ea60 ffff c483 b810 2b07 0010 8e68
0003460 0000 6a00 5008 2f6a 49e8 ffea 83ff 10c4
0003470 0c6a 1c68 1033 e800 e243 ffff c483 b808
0003480 2b2d 0010 ef68 0000 6a00 5008 8068 0000
0003490 e800 ea20 ffff c483 6610 05c7 1880 0040
00034a0 07ff 80b8 4010 a300 1882 0040 8068 4018
00034b0 e800 e9b5 ffff c483 e804 ea62 ffff 0c6a
00034c0 6168 1033 e800 e1f5 ffff c483 6a08 e864
00034d0 eb27 ffff c483 6a04 e821 dc41 ffff c483
00034e0 8804 eb45 6580 fceb b60f eb45 6a50 e821
00034f0 dc03 ffff c483 6808 00ff 0000 a168 0000
0003500 e800 dbf1 ffff c483 e808 ec55 ffff e1e8
0003510 fff9 e8ff fa1c ffff ec83 6a08 680a 3377
0003520 0010 98e8 ffe1 83ff 10c4 b70f 0e05 4010
0003530 0f00 c0b7 ec83 6a08 500a 27e8 ffe2 83ff
0003540 10c4 ec83 6a08 680a 30a2 0010 6ee8 ffe1
0003550 83ff 10c4 b70f a805 4018 0f00 c0b7 ec83
0003560 6a08 500a fde8 ffe1 83ff 10c4 ec83 6a08
0003570 680a 2ffc 0010 44e8 ffe1 83ff 10c4 a4a1
0003580 4018 8300 08ec 0a6a e850 e26f ffff c483
0003590 8310 08ec 0a6a 7968 102f e800 e11f ffff
00035a0 c483 8310 08ec 0f6a 7b68 1033 e800 e10d
00035b0 ffff c483 e810 f460 ffff ec83 6a08 680f
00035c0 3390 0010 f6e8 ffe0 83ff 10c4 ec83 680c
00035d0 1ed8 0010 c0e8 fff8 55ff e589 ec83 8b08
00035e0 0855 458b 660c 5589 88fc f845 b60f f845
00035f0 b70f fc55 90ee c3c9 8955 83e5 14ec 458b
0003600 6608 4589 0fec 45b7 89ec ecc2 4588 0fff
0003610 45b6 c9ff 55c3 e589 5357 ec83 8b04 0845
0003620 8966 f445 b70f f455 4d8b 8b0c 1045 cb89
0003630 df89 c189 f366 896d 89c8 89fb 0c5d 4589
0003640 9010 c483 5b04 5d5f 55c3 e589 5356 ec83
0003650 8b04 0845 8966 f445 b70f f455 4d8b 8b0c
0003660 1045 cb89 de89 c189 f366 896f 89c8 89f3
0003670 0c5d 4589 9010 c483 5b04 5d5e 55c3 e589
0003680 ec83 6810 01f7 0000 6be8 ffff 83ff 04c4
0003690 4588 0fff 45b6 84ff 78c0 0fe8 45b6 83ff
00036a0 01e0 c085 0774 ffb8 ffff ebff b805 0000
00036b0 0000 c3c9 8955 83e5 10ec f768 0001 e800
00036c0 ff34 ffff c483 8804 ff45 b60f ff45 e083
00036d0 8501 74c0 b807 ffff ffff 22eb b60f ff45
00036e0 e083 8520 74c0 b807 fffe ffff 10eb b60f
00036f0 ff45 e083 8508 74c0 b8c1 0000 0000 c3c9
0003700 8955 81e5 087d ffff 0fff 0a76 ffb8 ffff
0003710 e9ff 00ac 0000 62e8 ffff 8bff 0845 e8c1
0003720 8318 0fe0 c883 0fe0 c0b6 6850 01f6 0000
0003730 a4e8 fffe 83ff 08c4 016a f268 0001 e800
0003740 fe95 ffff c483 8b08 0845 b60f 50c0 f368
0003750 0001 e800 fe81 ffff c483 8b08 0845 e8c1
0003760 0f08 c0b6 6850 01f4 0000 6ae8 fffe 83ff
0003770 08c4 458b c108 10e8 b60f 50c0 f568 0001
0003780 e800 fe53 ffff c483 6a08 6820 01f7 0000
0003790 44e8 fffe 83ff 08c4 17e8 ffff 85ff 79c0
00037a0 b807 ffff ffff 1aeb 0068 0001 ff00 0c75
00037b0 f068 0001 e800 fe5b ffff c483 b80c 0000
00037c0 0000 c3c9 8955 81e5 087d ffff 0fff 0a76
00037d0 ffb8 ffff e9ff 00c3 0000 9ee8 fffe 8bff
00037e0 0845 e8c1 8318 0fe0 c883 0fe0 c0b6 6850
00037f0 01f6 0000 e0e8 fffd 83ff 08c4 016a f268
0003800 0001 e800 fdd1 ffff c483 8b08 0845 b60f
0003810 50c0 f368 0001 e800 fdbd ffff c483 8b08
0003820 0845 e8c1 0f08 c0b6 6850 01f4 0000 a6e8
0003830 fffd 83ff 08c4 458b c108 10e8 b60f 50c0
0003840 f568 0001 e800 fd8f ffff c483 6a08 6830
0003850 01f7 0000 80e8 fffd 83ff 08c4 53e8 fffe
0003860 85ff 79c0 b807 ffff ffff 31eb 0068 0001
0003870 ff00 0c75 f068 0001 e800 fdcb ffff c483
0003880 680c 00e7 0000 f768 0001 e800 fd49 ffff
0003890 c483 e808 fde5 ffff 00b8 0000 c900 55c3
00038a0 e589 5d90 fcc3 8c66 66c8 e083 6603 0ca3
00038b0 4010 6600 d08c a366 1004 0040 e089 08a3
00038c0 4010 1e00 0f06 0fa0 66a8 10b8 8e00 8ed8
00038d0 60c0 c4e8 ffea 61ff a90f a10f 1f07 fccf
00038e0 8c66 66c8 e083 6603 0ca3 4010 6600 d08c
00038f0 a366 1004 0040 e089 08a3 4010 1e00 0f06
0003900 0fa0 66a8 10b8 8e00 8ed8 60c0 dce8 ffe8
0003910 61ff a90f a10f 1f07 fccf 061e a00f a80f
0003920 b866 0010 d88e c08e b860 0022 0000 e850
0003930 e9f1 ffff c483 6104 a90f a10f 1f07 fccf
0003940 061e a00f a80f b866 0010 d88e c08e b860
0003950 0023 0000 e850 e9cb ffff c483 6104 a90f
0003960 a10f 1f07 fccf 061e a00f a80f b866 0010
0003970 d88e c08e b860 0024 0000 e850 e9a5 ffff
0003980 c483 6104 a90f a10f 1f07 fccf 061e a00f
0003990 a80f b866 0010 d88e c08e b860 0025 0000
00039a0 e850 e97f ffff c483 6104 a90f a10f 1f07
00039b0 fccf 061e a00f a80f b866 0010 d88e c08e
00039c0 b860 0026 0000 e850 e959 ffff c483 6104
00039d0 a90f a10f 1f07 fccf 061e a00f a80f b866
00039e0 0010 d88e c08e b860 0027 0000 e850 e933
00039f0 ffff c483 6104 a90f a10f 1f07 fccf 061e
0003a00 a00f a80f b866 0010 d88e c08e b860 0028
0003a10 0000 e850 e90d ffff c483 6104 a90f a10f
0003a20 1f07 fccf 061e a00f a80f b866 0010 d88e
0003a30 c08e b860 0029 0000 e850 e8e7 ffff c483
0003a40 6104 a90f a10f 1f07 fccf 061e a00f a80f
0003a50 b866 0010 d88e c08e b860 002a 0000 e850
0003a60 e8c1 ffff c483 6104 a90f a10f 1f07 fccf
0003a70 061e a00f a80f b866 0010 d88e c08e b860
0003a80 002b 0000 e850 e89b ffff c483 6104 a90f
0003a90 a10f 1f07 fccf 061e a00f a80f b866 0010
0003aa0 d88e c08e b860 002c 0000 e850 e875 ffff
0003ab0 c483 6104 a90f a10f 1f07 fccf 061e a00f
0003ac0 a80f b866 0010 d88e c08e b860 002d 0000
0003ad0 e850 e84f ffff c483 6104 a90f a10f 1f07
0003ae0 fccf 061e a00f a80f b866 0010 d88e c08e
0003af0 b860 002e 0000 e850 e829 ffff c483 6104
0003b00 a90f a10f 1f07 fccf 061e a00f a80f b866
0003b10 0010 d88e c08e b860 002f 0000 e850 e803
0003b20 ffff c483 6104 a90f a10f 1f07 fccf 8b60
0003b30 2404 5c8b 0c24 5053 7de8 ffe8 83ff 08c4
0003b40 0489 6124 55cf e589 458b 8b04 084d 558b
0003b50 520c 5051 006a bae8 ffe8 faff 55f4 e589
0003b60 458b 8b04 084d 558b 520c 5051 016a a2e8
0003b70 ffe8 faff 55f4 e589 458b 8b04 084d 558b
0003b80 520c 5051 026a 8ae8 ffe8 faff 55f4 e589
0003b90 458b 8b04 084d 558b 520c 5051 036a 72e8
0003ba0 ffe8 faff 55f4 e589 458b 8b04 084d 558b
0003bb0 520c 5051 046a 5ae8 ffe8 faff 55f4 e589
0003bc0 458b 8b04 084d 558b 520c 5051 056a 42e8
0003bd0 ffe8 faff 55f4 e589 458b 8b04 084d 558b
0003be0 520c 5051 066a 2ae8 ffe8 faff 55f4 e589
0003bf0 458b 8b04 084d 558b 520c 5051 076a 12e8
0003c00 ffe8 faff 55f4 e589 458b 8b04 0855 4d8b
0003c10 8b0c 105d 5153 5052 086a a5e8 ffe8 faff
0003c20 55f4 e589 458b 8b04 084d 558b 520c 5051
0003c30 096a dee8 ffe7 faff 55f4 e589 458b 8b04
0003c40 0855 4d8b 8b0c 105d 5153 5052 0a6a 71e8
0003c50 ffe8 faff 55f4 e589 458b 8b04 0855 4d8b
0003c60 8b0c 105d 5153 5052 0b6a 55e8 ffe8 faff
0003c70 55f4 e589 458b 8b04 0855 4d8b 8b0c 105d
0003c80 5153 5052 0c6a 39e8 ffe8 faff 55f4 e589
0003c90 458b 8b04 0855 4d8b 8b0c 105d 5153 5052
0003ca0 eae8 ffe8 faff 55f4 e589 458b 8b04 0855
0003cb0 4d8b 8b0c 105d 5153 5052 31e8 ffeb faff
0003cc0 55f4 e589 458b 8b04 084d 558b 520c 5051
0003cd0 106a 3ee8 ffe7 faff 55f4 e589 458b 8b04
0003ce0 0855 4d8b 8b0c 105d 5153 5052 116a d1e8
0003cf0 ffe7 faff 55f4 e589 458b 8b04 084d 558b
0003d00 520c 5051 126a 0ae8 ffe7 faff 55f4 e589
0003d10 458b 8b04 084d 558b 520c 5051 136a f2e8
0003d20 ffe6 faff 55f4 e589 458b 8b04 084d 558b
0003d30 520c 5051 1d6a dae8 ffe6 faff 55f4 e589
0003d40 458b 8b04 084d 558b 520c 5051 1e6a c2e8
0003d50 ffe6 faff 55f4 e589 458b 8b04 084d 558b
0003d60 520c 5051 1f6a aae8 ffe6 faff 00f4 0000
0003d70 0000 0000 0000 0000 0000 0000 0000 0000
0003d80 8000 000b 3130 3332 3534 3736 3938 4241
0003d90 4443 4645 3c00 2d2d 465b 4355 2e4b 4120
0003da0 4b20 5245 454e 204c 4150 494e 2143 2d5d
0003db0 3e2d 0000 5953 5453 4d45 4820 4c41 4554
0003dc0 3a44 5220 5345 4154 5452 4d20 4e41 4155
0003dd0 4c4c 0059 654b 6e72 6c65 7320 6174 6b63
0003de0 7420 6172 6563 003a 0000 0000 0000 0000
0003df0 0000 0000 0000 0000 0000 0000 0000 0000
0003e00 1b00 3231 3433 3635 3837 3039 3d2d 0908
0003e10 7771 7265 7974 6975 706f 5d5b 000a 7361
0003e20 6664 6867 6b6a 3b6c 6027 5c00 787a 7663
0003e30 6e62 2c6d 2f2e 2a00 2000 0000 0000 0000
0003e40 0000 0000 0000 0000 0000 0000 0000 0000
*
0003e80 1b00 4021 2423 5e25 2a26 2928 2b5f 0908
0003e90 5751 5245 5954 4955 504f 7d7b 000a 5341
0003ea0 4644 4847 4b4a 3a4c 7e22 7c00 585a 5643
0003eb0 4e42 3c4d 3f3e 2a00 2000 0000 0000 0000
0003ec0 0000 0000 0000 0000 0000 0000 0000 0000
*
0003f00 5b0a 6e55 6168 646e 656c 2064 5249 3a51
0003f10 0020 0a5d 5500 686e 6e61 6c64 6465 4920
0003f20 5152 0a00 705b 6f72 6563 7373 6520 6978
0003f30 6574 5d64 000a 0000 140e 0010 13d2 0010
0003f40 13e7 0010 13ee 0010 1400 0010 140e 0010
0003f50 1407 0010 5b0a 5043 2055 7865 6563 7470
0003f60 6f69 3a6e 0020 4945 3d50 2000 5343 003d
0003f70 4520 4c46 4741 3d53 0a00 4500 6378 7065
0003f80 6974 6e6f 4500 5252 003d 4520 5049 003d
0003f90 7845 6563 7470 6f69 206e 7728 7469 2068
0003fa0 7265 6f72 2072 6f63 6564 0029 5b0a 5047
0003fb0 6620 7561 746c 3020 3078 5d44 000a 4553
0003fc0 3d4c 2000 4449 3d58 2000 4954 003d 0031
0003fd0 0030 4520 5458 003d 7250 626f 2065 5043
0003fe0 3d4c 2000 5353 003d 4520 5053 003d 5420
0003ff0 3d52 5400 5353 732e 3073 003d 5420 5353
0004000 652e 7073 3d30 4700 6e65 7265 6c61 7020
0004010 6f72 6574 7463 6f69 206e 6166 6c75 0074
0004020 5b0a 6150 6567 6620 7561 746c 3020 3078
0004030 5d45 000a 5243 3d32 2000 5245 3d52 5000
0004040 6761 2065 6166 6c75 0074 6142 2064 7973
0004050 6373 6c61 216c 2d00 2d2d 2d2d 2d2d 2d2d
0004060 2d2d 2d2d 2d2d 2d2d 2d2d 2d2d 0a2d 4300
0004070 6c61 756c 4f6d 2053 6853 6c65 206c 4328
0004080 534f 2948 000a 5349 2052 5043 3d4c 6b00
0004090 7473 6361 206b 6162 6573 003d 7420 706f
00040a0 003d 5420 5353 732e 3073 003d 4552 2054
00040b0 5343 003d 7954 6570 2720 6568 706c 2027
00040c0 726f 2720 6365 6f68 5820 2e27 0a0a 4300
00040d0 534f 3e48 0020 2008 0008 0000 6f43 6d6d
00040e0 6e61 7364 0a3a 2020 6568 706c 2020 2d20
00040f0 7320 6f68 2077 6568 706c 200a 6520 6863
0004100 206f 2058 202d 7270 6e69 2074 0a58 2020
0004110 7270 626f 2065 2d20 7020 6972 746e 4920
0004120 5253 4320 4c50 532f 2f53 5345 2f50 5254
0004130 200a 7320 6174 6b63 2073 202d 6873 776f
0004140 6b20 7265 656e 206c 7473 6361 206b 6f62
0004150 6e75 7364 200a 7220 7465 2020 2020 202d
0004160 6873 776f 6c20 7361 2074 5249 2051 6572
0004170 7574 6e72 6620 6172 656d 200a 6520 6978
0004180 2074 2020 202d 7865 7469 200a 6320 6172
0004190 6873 2020 202d 7274 6769 6567 2072 656b
00041a0 6e72 6c65 7020 6e61 6369 000a 7942 2e65
00041b0 000a 7243 7361 6968 676e 6e20 776f 2e2e
00041c0 0a2e 0000 7243 7361 2068 6f63 6d6d 6e61
00041d0 2064 6e69 6f76 656b 2064 7266 6d6f 4320
00041e0 534f 0048 6e55 6e6b 776f 206e 6f63 6d6d
00041f0 6e61 2e64 000a 6e65 6574 6972 676e 6320
0004200 6c61 756c 6c6d 6e61 2164 000a 6e65 6574
0004210 5f72 7375 7265 616c 646e 7220 7465 7275
0004220 656e 2064 6e75 7865 6570 7463 6465 796c
0004230 0000 0000 7375 7265 655f 746e 7972 7220
0004240 7465 7275 656e 2064 6e75 7865 6570 7463
0004250 6465 796c 5400 7365 6974 676e 4b20 616d
0004260 6c6c 636f 2e2e 0a2e 4b00 616d 6c6c 636f
0004270 7420 7365 2074 6166 6c69 6465 0021 0000
0004280 6554 7473 6e69 2067 6c42 636f 206b 6544
0004290 6976 6563 4420 6972 6576 2e72 2e2e 000a
00042a0 6c42 636f 206b 6544 6976 6563 4420 6972
00042b0 6576 2072 6554 7473 4620 4941 454c 2144
00042c0 4b00 7265 656e 206c 7473 7261 7374 6120
00042d0 3a74 0020 530a 7465 6974 676e 7520 2070
00042e0 7865 6563 7470 6f69 736e 000a 6553 7474
00042f0 6e69 2067 7075 6520 6378 7065 6974 6e6f
0004300 2073 6f64 656e 202c 6573 7474 6e69 2067
0004310 7075 4920 5152 0a73 0000 0000 6553 7474
0004320 6e69 2067 7075 4920 5152 2073 6f64 656e
0004330 202c 6573 7474 6e69 2067 7075 7320 7379
0004340 6163 6c6c 6720 7461 2065 6e61 2064 6572
0004350 616d 7070 6e69 2067 6874 2065 4950 0a43
0004360 4900 696e 6974 6c61 7a69 6e69 2067 6874
0004370 2065 4950 0a54 5400 3d52 4c00 7561 636e
0004380 6968 676e 4320 534f 2e48 2e2e 0a0a 0000
0004390 6e45 6574 6972 676e 4320 6c61 756c 6c6d
00043a0 6e61 2064 6873 726f 6c74 2e79 2e2e 202e
00043b0 000a 0000 3a2c 0040 3a2c 00c0 01b7 0000
00043c0 0005 0401 0000 0000 1507 0000 1d00 0017
00043d0 0000 0000 0000 000c 0010 00eb 0000 0000
00043e0 0000 0408 6905 746e 0900 000e 0000 d602
00043f0 3917 0000 0200 0704 01a1 0000 0402 0505
0004400 0000 0200 0508 0000 0000 0c02 c504 0000
0004410 0200 0410 009f 0000 be05 0000 1a00 2d08
0004420 0000 cf00 1000 2800 0000 0100 909c 0000
0004430 0100 0073 1b1a 0090 0000 9102 0300 656c
0004440 006e 0c1b 002d 0000 9102 0074 9c04 0000
0004450 0200 0601 00b2 0000 9506 0000 0500 0098
0004460 0000 0511 0026 0000 0077 0010 0058 0000
0004470 9c01 00f7 0000 6101 1100 f718 0000 0200
0004480 0091 6201 1100 f727 0000 0200 0491 6e01
0004490 1100 2d31 0000 0200 0891 7803 1200 fd1a
00044a0 0000 0200 7491 7903 1200 fd22 0000 0200
00044b0 7091 0400 00fc 0000 040a 0109 0000 0102
00044c0 a908 0000 0600 0102 0000 d105 0000 0b00
00044d0 5c07 0001 4900 1000 2e00 0000 0100 5c9c
00044e0 0001 0100 7364 0074 140b 015c 0000 9102
00044f0 0100 6176 006c 1d0b 0026 0000 9102 0104
0004500 006e 290b 002d 0000 9102 0308 0064 140c
0004510 015e 0000 9102 0074 040b 0204 0001 0c00
0004520 00b7 0000 0401 5c07 0001 0c00 1000 3d00
0004530 0000 0100 019c 7364 0074 1404 015c 0000
0004540 9102 0100 7273 0063 2504 00f7 0000 9102
0004550 0104 006e 3104 002d 0000 9102 0308 0064
0004560 1405 015e 0000 9102 0374 0073 1a06 00fd
0004570 0000 9102 0070 0f00 0018 0500 0100 b304
0004580 0000 2a00 0015 0000 681d 0000 0000 0000
0004590 f700 1000 e200 0024 1800 0001 0d00 0601
00045a0 00ab 0000 020d 6505 0006 2b00 0504 6e69
00045b0 0074 080d 0005 0000 1400 0840 0000 2e02
00045c0 4e18 0000 0d00 0801 00a9 0000 ba14 0002
00045d0 0200 1931 0066 0000 551e 0000 0d00 0702
00045e0 03ae 0000 bd14 0006 0200 1934 007e 0000
00045f0 6d1e 0000 0d00 0704 01a1 0000 7e1e 0000
0004600 0d00 0708 0197 0000 2514 0001 0200 1a56
0004610 007e 0000 0e14 0000 0300 17d6 007e 0000
0004620 040d 0505 0000 0d00 040c 00c5 0000 100d
0004630 9f04 0000 2c00 010c 0717 00ec 0000 7c19
0004640 0006 1700 6d19 0000 0000 0519 0003 1700
0004650 6d20 0000 0400 2f19 0001 1700 6d27 0000
0004660 0800 1c00 00be 0000 031a 0008 1700 ec33
0004670 0000 0500 0003 1000 2d00 081e 0000 0108
0004680 101d 0128 0000 9119 0006 1e00 9d0c 0000
0004690 0000 f519 0001 1f00 2818 0001 0400 0f00
00046a0 0102 0000 c014 0001 0100 0320 0102 0000
00046b0 b520 0005 2100 0143 0000 010d b206 0000
00046c0 1c00 0143 0000 051a 0004 2200 910b 0000
00046d0 0500 b403 1033 1a00 05b1 0000 0b25 0091
00046e0 0000 0305 33b8 0010 c509 0007 2600 8216
00046f0 0001 0500 2003 4010 0f00 012d 0000 910a
0004700 0000 9800 0001 1d00 007e 0000 03ff 1a00
0004710 06e3 0000 0b28 0187 0000 0305 0000 0040
0004720 711a 0003 2900 3405 0000 0500 0003 4010
0004730 0a00 0143 0000 01c5 0000 002e d620 0007
0004740 2a00 01ba 0000 560b 4147 c600 e521 0001
0004750 0500 8003 102d 0f00 0061 0000 e01c 0001
0004760 0900 026e 0000 0cc7 0034 0000 0305 1024
0004770 0040 3509 0008 c700 341a 0000 0500 2803
0004780 4010 1000 05a4 0000 0170 6113 0000 0500
0004790 0403 4010 1000 0591 0000 0171 7913 0000
00047a0 0500 0803 4010 1000 0534 0000 0172 6113
00047b0 0000 0500 0c03 4010 1000 02a9 0000 0173
00047c0 6113 0000 0500 0e03 4010 1000 0785 0000
00047d0 0176 7913 0000 0500 1003 4010 1000 0300
00047e0 0000 0176 791e 0000 0500 1403 4010 1000
00047f0 0232 0000 0176 792c 0000 0500 1803 4010
0004800 1000 0651 0000 0177 6113 0000 0500 1c03
0004810 4010 1000 06f0 0000 0177 611d 0000 0500
0004820 1e03 4010 1b00 06d9 0000 7a08 0901 0003
0004830 0400 035d 0000 017a 5534 0000 0000 9604
0004840 0006 7a00 4701 0055 0000 0402 06b4 0000
0004850 017a 4258 0000 0400 0e04 0004 7a00 6a01
0004860 0042 0000 0405 04f6 0000 017a 427a 0000
0004870 0600 b404 0004 7a00 8801 0042 0000 0007
0004880 661b 0002 0600 017b 0330 0000 fa04 0002
0004890 7b00 3201 0055 0000 0400 0219 0000 017b
00048a0 6d42 0000 0200 1b00 014d 0000 7c08 7e01
00048b0 0003 0400 0696 0000 017c 5534 0000 0000
00048c0 7306 6c65 7c00 4601 0055 0000 0402 048a
00048d0 0000 017c 4253 0000 0400 0504 0003 7c00
00048e0 6401 0042 0000 0405 04b4 0000 017c 5574
00048f0 0000 0600 1b00 02b2 0000 7d06 a501 0003
0004900 0400 02fa 0000 017d 5532 0000 0000 1904
0004910 0002 7d00 4201 006d 0000 0002 d61b 0002
0004920 6800 0180 059a 0000 dc04 0008 8100 0f01
0004930 0055 0000 0400 07e3 0000 0181 5519 0000
0004940 0200 d604 0003 8200 0e01 006d 0000 0604
0004950 7373 0030 0183 550e 0000 0800 c304 0005
0004960 8300 1301 0055 0000 040a 03db 0000 0184
0004970 6d0e 0000 0c00 7306 3173 8500 0e01 0055
0004980 0000 0410 0296 0000 0185 5513 0000 1200
0004990 e004 0003 8600 0e01 006d 0000 0614 7373
00049a0 0032 0187 550e 0000 1800 bb04 0007 8700
00049b0 1301 0055 0000 061a 7263 0033 0188 6d0e
00049c0 0000 1c00 6506 7069 8900 0e01 006d 0000
00049d0 0420 0304 0000 018a 6d0e 0000 2400 6506
00049e0 7861 8b00 0e01 006d 0000 0628 6365 0078
00049f0 018b 6d13 0000 2c00 6506 7864 8b00 1801
0004a00 006d 0000 0630 6265 0078 018b 6d1d 0000
0004a10 3400 6506 7073 8c00 0e01 006d 0000 0638
0004a20 6265 0070 018c 6d13 0000 3c00 6506 6973
0004a30 8c00 1801 006d 0000 0640 6465 0069 018c
0004a40 6d1d 0000 4400 6506 0073 018d 550e 0000
0004a50 4800 ba04 0005 8d00 1201 0055 0000 064a
0004a60 7363 8e00 0e01 0055 0000 044c 0383 0000
0004a70 018e 5512 0000 4e00 7306 0073 018f 550e
0004a80 0000 5000 5304 0007 8f00 1201 0055 0000
0004a90 0652 7364 9000 0e01 0055 0000 0454 046c
0004aa0 0000 0190 5512 0000 5600 6606 0073 0191
0004ab0 550e 0000 5800 ee04 0000 9100 1201 0055
0004ac0 0000 065a 7367 9200 0e01 0055 0000 045c
0004ad0 020c 0000 0192 5512 0000 5e00 6c06 7464
0004ae0 9300 0e01 0055 0000 0460 030b 0000 0193
0004af0 5513 0000 6200 a904 0003 9400 0e01 0055
0004b00 0000 0464 04f0 0000 0195 550e 0000 6600
0004b10 0a00 02ae 0000 05aa 0000 7e11 0000 0500
0004b20 0100 6467 0074 0197 9a19 0005 0500 4003
0004b30 4010 0100 7067 9700 3701 0309 0000 0305
0004b40 1070 0040 300a 0003 dd00 0005 1100 007e
0004b50 0000 00ff 6901 7464 9800 1901 05cd 0000
0004b60 0305 1080 0040 6901 0070 0198 7e39 0003
0004b70 0500 8003 4018 0100 7374 0073 0199 a519
0004b80 0003 0500 a003 4018 0a00 0042 0000 0623
0004b90 0000 7e1d 0000 ff00 000f 1d21 0006 9c00
0004ba0 1201 0006 0500 1003 4019 2100 07ee 0000
0004bb0 019d 0612 0000 0305 2910 0040 6905 0008
0004bc0 cc00 0c01 0034 0000 0305 3910 0040 d805
0004bd0 0000 cc00 1501 0034 0000 0305 3914 0040
0004be0 4a0a 0001 7900 0006 1100 007e 0000 007f
0004bf0 691c 0006 0500 07cf 0000 01cd 7913 0006
0004c00 0500 0003 102e 0500 0862 0000 01d1 7913
0004c10 0006 0500 8003 102e 0a00 0143 0000 06b2
0004c20 0000 7e11 0000 ff00 0500 059f 0000 01d7
0004c30 a20d 0006 0500 2003 4039 0500 089f 0000
0004c40 01d7 8537 0000 0500 2003 403a 0500 042f
0004c50 0000 01d7 8540 0000 0500 2403 403a 2f00
0004c60 0407 007e 0000 0601 0602 071c 0000 2715
0004c70 0003 0100 6615 0003 0200 a015 0002 0300
0004c80 8c15 0002 0400 4815 0008 0500 9615 0007
0004c90 0600 0300 0226 0000 0d34 8d03 0007 3300
0004ca0 0329 02e0 0000 0d33 7c03 0007 3200 0345
0004cb0 0773 0000 2932 6a03 0007 3200 030d 0761
0004cc0 0000 4531 8303 0002 3100 0329 074a 0000
0004cd0 0d31 4103 0007 3000 0345 0738 0000 2930
0004ce0 2f03 0007 3000 030d 0726 0000 452f 1d03
0004cf0 0007 2f00 0329 0714 0000 0d2f 2203 0005
0004d00 2e00 030d 03fb 0000 0d2d 6f03 0006 3e00
0004d10 030d 0877 0000 4d3d 5803 0006 3d00 032d
0004d20 0624 0000 0d3d 2203 0004 3c00 034d 0610
0004d30 0000 2d3c 0303 0006 3c00 030d 0569 0000
0004d40 4d3b 5c03 0005 3b00 032d 054f 0000 0d3b
0004d50 4203 0005 3a00 034d 0109 0000 2d3a 1503
0004d60 0005 3a00 030d 0508 0000 4d39 fb03 0004
0004d70 3900 032d 08b2 0000 0d39 a503 0008 3800
0004d80 034d 04e3 0000 2d38 d603 0004 3800 030d
0004d90 04c9 0000 4d37 bc03 0004 3700 032d 0415
0004da0 0000 0d37 3130 0006 0400 0507 0034 0000
0004db0 0848 0000 6d22 0000 2200 0848 0000 3100
0004dc0 2304 0315 0000 02fb 1f9e 0010 063b 0000
0004dd0 9c01 08a2 0000 1505 0002 0900 0e03 006d
0004de0 0000 9102 0568 02f6 0000 0309 6d30 0000
0004df0 0200 6491 6d01 4a00 0d03 0042 0000 9102
0004e00 0763 2022 0010 001e 0000 6901 0400 1003
0004e10 009d 0000 9102 006c 2400 088f 0000 02ea
0004e20 1f34 0010 006a 0000 9c01 08ee 0000 cf05
0004e30 0002 ec00 0d02 08ee 0000 9103 7be8 2905
0004e40 0008 ee00 0902 0034 0000 9102 0768 1f76
0004e50 0010 0024 0000 6901 f600 0e02 0034 0000
0004e60 9102 006c 0a00 0042 0000 08ff 0000 7e1d
0004e70 0000 ff00 0001 e924 0002 e100 f402 101e
0004e80 4000 0000 0100 249c 0009 0500 0584 0000
0004e90 02e3 480a 0008 0200 7491 1600 08d1 0000
0004ea0 02dd d824 101e 1c00 0000 0100 329c 0116
0004eb0 0000 c801 0d02 1e99 0010 003f 0000 9c01
0004ec0 096c 0000 d608 0008 c800 2302 096d 0000
0004ed0 9102 0500 0830 0000 02ca 6d0e 0000 0200
0004ee0 7491 3300 6c0f 0009 0c00 05cd 0000 0293
0004ef0 790d 101b 2000 0003 0100 f19c 0009 0500
0004f00 075c 0000 0297 f10a 0009 0300 ec91 016f
0004f10 656c 006e 0297 341a 0000 0200 7491 0c34
0004f20 0000 d900 0009 0100 6863 9b00 1102 0034
0004f30 0000 9102 076c 1c28 0010 0037 0000 6f01
0004f40 7475 a200 1a02 0a02 0000 9103 6fea 0000
0004f50 a507 101d 3400 0000 0100 0073 02b8 1219
0004f60 000a 0200 7091 0000 430a 0001 0200 000a
0004f70 1d00 007e 0000 07ff 0a00 0143 0000 0a12
0004f80 0000 7e11 0000 0100 0f00 014a 0000 d616
0004f90 0001 8a00 0d02 1abf 0010 00ba 0000 9c01
0004fa0 fa0c 0001 8200 0d02 1a1a 0010 00a5 0000
0004fb0 9c01 0a5e 0000 1905 0002 8300 0e02 006d
0004fc0 0000 9102 0174 6f74 0070 0284 6d0e 0000
0004fd0 0200 7091 1600 0475 0000 027c 7a0d 1019
0004fe0 a000 0000 0100 169c 025a 0000 0277 470d
0004ff0 1019 3300 0000 0100 259c 0448 0000 0274
0005000 193a 0010 000d 0000 9c01 ac26 0004 7100
0005010 3402 0000 2800 1019 1200 0000 0100 ba9c
0005020 000a 0200 0073 0271 1227 000a 0200 0091
0005030 2600 086f 0000 026d 0034 0000 1916 0010
0005040 0012 0000 9c01 0ae1 0000 7302 6d00 2702
0005050 0a12 0000 9102 0000 f727 0000 6900 1302
0005060 0034 0000 1905 0010 0011 0000 9c01 a128
0005070 0007 5800 0502 0034 0000 18b9 0010 004c
0005080 0000 9c01 0b30 0000 6e02 6d75 5800 1a02
0005090 0034 0000 9102 0200 7261 0067 0258 122b
00050a0 000a 0200 0491 1300 01b7 0000 0249 17f0
00050b0 0010 00c9 0000 9c01 0b90 0000 6502 7272
00050c0 4900 1802 006d 0000 9102 0200 6965 0070
00050d0 0249 6d26 0000 0200 0491 6302 0073 0249
00050e0 5534 0000 0200 6491 0408 0003 4900 4102
00050f0 006d 0000 9102 010c 7263 0032 024a 6d0e
0005100 0000 0200 7491 1300 057b 0000 022f 158f
0005110 0010 0261 0000 9c01 0c1c 0000 6502 7272
0005120 2f00 1802 006d 0000 9102 0200 6965 0070
0005130 022f 6d26 0000 0200 0491 6302 0073 022f
0005140 5534 0000 0200 6491 0408 0003 2f00 4102
0005150 006d 0000 9102 010c 6573 006c 0236 550e
0005160 0000 0200 7691 6901 7864 3700 0e02 0055
0005170 0000 9102 0174 6974 3800 0d02 0042 0000
0005180 9102 0173 7865 0074 0239 420d 0000 0200
0005190 7291 1300 0157 0000 0227 14c4 0010 00cb
00051a0 0000 9c01 0c7c 0000 7602 6365 2700 1f02
00051b0 0042 0000 9102 0274 7265 0072 0227 6d2d
00051c0 0000 0200 0491 6502 7069 2700 3b02 006d
00051d0 0000 9102 0208 7363 2700 4902 0055 0000
00051e0 9102 0870 0304 0000 0227 6d56 0000 0200
00051f0 1091 1300 0435 0000 0220 1415 0010 00af
0005200 0000 9c01 0ccd 0000 7602 6365 2000 2102
0005210 0042 0000 9102 0274 6965 0070 0220 6d2f
0005220 0000 0200 0491 6302 0073 0220 553d 0000
0005230 0200 7091 0408 0003 2000 4a02 006d 0000
0005240 9102 000c ec28 0005 0a00 0a02 006d 0000
0005250 13ba 0010 005b 0000 9c01 0d06 0000 6e02
0005260 6d75 0a00 2102 006d 0000 9102 0200 7261
0005270 0067 020a 6d2f 0000 0200 0491 1300 02c3
0005280 0000 0200 139b 0010 001f 0000 9c01 0d2e
0005290 0000 2105 0003 0100 1502 006d 0000 0305
00052a0 3a28 0040 1300 013d 0000 01f9 1325 0010
00052b0 0076 0000 9c01 0d53 0000 7602 6365 f900
00052c0 1e01 0042 0000 9102 0074 4e13 0003 e700
00052d0 ed01 1011 3800 0001 0100 a09c 000d 3500
00052e0 6f65 0069 f501 0101 1316 0010 7301 0063
00052f0 01e9 420d 0000 0200 7691 6b01 006d 01ee
0005300 1211 000a 0200 7091 6301 0068 01ee 4334
0005310 0001 0200 7791 0c00 0641 0000 01df 630d
0005320 1011 8a00 0000 0100 dd9c 000d 0100 6663
0005330 0067 01e1 420d 0000 0200 7391 ae07 1011
0005340 3b00 0000 0100 0069 01e3 340d 0000 0200
0005350 7491 0000 dd0c 0000 de00 0d01 112f 0010
0005360 0034 0000 9c01 0e03 0000 6302 6766 de00
0005370 2601 0042 0000 9102 0074 e527 0001 dd00
0005380 1001 0042 0000 110a 0010 0025 0000 9c01
0005390 9716 0004 dc00 1401 10e8 0010 0022 0000
00053a0 9c01 f716 0006 db00 1401 10c6 0010 0022
00053b0 0000 9c01 ab1f 0006 d900 0c01 0034 0000
00053c0 1085 0010 0041 0000 9c01 0e65 0000 6301
00053d0 d900 3d01 0143 0000 9102 0077 5017 0004
00053e0 d800 0d01 1045 0010 0040 0000 9c01 0e96
00053f0 0000 6302 d800 1c01 0143 0000 9102 0164
0005400 006e 01d8 7e29 0000 0200 7491 0c00 05fa
0005410 0000 01c0 fb0d 100f 4a00 0000 0100 ca9c
0005420 000e 0200 7a68 c000 1f01 006d 0000 9102
0005430 0500 06d1 0000 01c1 6d0e 0000 0200 7491
0005440 0c00 0814 0000 01b8 200d 100f db00 0000
0005450 0100 fd9c 000e 0100 3161 b900 0d01 0042
0005460 0000 9102 0177 3261 b900 1b01 0042 0000
0005470 9102 0076 3117 0003 b300 0d01 0eb6 0010
0005480 006a 0000 9c01 0f50 0000 6e02 6d75 b300
0005490 2201 0042 0000 9102 0874 0219 0000 01b3
00054a0 6d2f 0000 0200 0491 7302 6c65 b300 3d01
00054b0 0055 0000 9102 0870 0305 0000 01b3 4249
00054c0 0000 0200 6c91 2500 03c1 0000 01b0 0ea2
00054d0 0010 0014 0000 9c01 821f 0006 ac00 1801
00054e0 0055 0000 0e8e 0010 0014 0000 9c01 0f8a
00054f0 0000 7401 0072 01ad 550e 0000 0200 7691
0005500 3600 746c 0072 ab01 1401 0e77 0010 0017
0005510 0000 9c01 0fb1 0000 7302 6c65 ab00 2101
0005520 0055 0000 9102 0074 9217 0004 aa00 1401
0005530 0e6b 0010 000c 0000 9c01 0fd5 0000 7002
0005540 aa00 2901 0fd5 0000 9102 0000 7e0f 0003
0005550 1700 038c 0000 01a9 5f14 100e 0c00 0000
0005560 0100 fe9c 000f 0200 0070 01a9 fe29 000f
0005570 0200 0091 0f00 0309 0000 a317 0006 a500
0005580 0d01 0dda 0010 0085 0000 9c01 1063 0000
0005590 6902 a500 1901 0034 0000 9102 0800 0219
00055a0 0000 01a5 6d24 0000 0200 0491 fa08 0002
00055b0 a500 3201 006d 0000 9102 0808 040e 0000
00055c0 01a5 4240 0000 0200 7491 f608 0004 a500
00055d0 4f01 0042 0000 9102 0070 ae23 0004 4300
00055e0 d101 100b 0900 0002 0100 719c 0011 0200
00055f0 736d 0067 0143 1232 000a 0200 0091 5f05
0005600 0002 4c00 1101 0a12 0000 9102 0564 0852
0005610 0000 014d 3409 0000 0200 6091 1e05 0002
0005620 5100 0901 0034 0000 9102 055c 037c 0000
0005630 0155 1211 000a 0200 5891 5a05 0004 5600
0005640 0901 0034 0000 9102 0154 6468 0072 015a
0005650 1211 000a 0200 5091 3f05 0002 5b00 0901
0005660 0034 0000 9102 014c 7365 0070 015f 710f
0005670 0011 0200 4891 d929 100b 5300 0000 3100
0005680 0011 0100 0072 0147 340e 0000 0200 7091
0005690 e207 100b 4000 0000 0100 0063 0148 3412
00056a0 0000 0200 6c91 0000 0e07 100d c900 0000
00056b0 0100 0069 0163 340e 0000 0200 6891 1a07
00056c0 100d af00 0000 0100 6f72 0077 0164 340d
00056d0 0000 0200 4491 6301 6c6f 6500 0d01 0034
00056e0 0000 9102 0040 0000 6d0f 0000 1700 0182
00056f0 0000 013a 950d 100b 3c00 0000 0100 ca9c
0005700 0011 0200 6573 0063 013a 341e 0000 0200
0005710 0091 9b07 100b 3200 0000 0100 0073 013b
0005720 340e 0000 0200 7491 a407 100b 1d00 0000
0005730 0100 0069 013c 7920 0000 0200 7091 0000
0005740 0c00 033e 0000 012e 9b0d 100a fa00 0000
0005750 0100 589c 0012 0200 6f72 0077 012e 3421
0005760 0000 0200 0091 6302 6c6f 2e00 2a01 0034
0005770 0000 9102 0204 6176 006c 012e 6d38 0000
0005780 0200 0891 8a08 0008 2e00 4501 0042 0000
0005790 9102 0758 0b14 0010 0077 0000 6901 3100
00057a0 0e01 0034 0000 9102 0768 0b1d 0010 0064
00057b0 0000 6401 3200 0d01 0034 0000 9102 0164
00057c0 0063 0133 430e 0001 0200 6391 0000 0c00
00057d0 0168 0000 0127 960e 1009 0500 0001 0100
00057e0 c59c 0012 0200 6f72 0077 0127 3420 0000
00057f0 0200 0091 6302 6c6f 2700 2901 0034 0000
0005800 9102 0204 006e 0127 3432 0000 0200 0891
0005810 8a08 0008 2700 3d01 0042 0000 9102 0158
0005820 7562 0066 0128 c50a 0012 0200 5c91 6901
0005830 2800 1701 0034 0000 9102 0068 430a 0001
0005840 d500 0012 1100 007e 0000 000b 910c 0003
0005850 2100 0d01 092e 0010 0068 0000 9c01 1326
0005860 0000 7202 776f 2100 1d01 0034 0000 9102
0005870 0200 6f63 006c 0121 3426 0000 0200 0491
0005880 7302 2100 3701 0a12 0000 9102 0808 088a
0005890 0000 0121 4242 0000 0200 6891 1f00 070c
00058a0 0000 011f 340c 0000 0700 1009 2700 0000
00058b0 0100 5b9c 0013 0200 0073 011f 1220 000a
00058c0 0200 0091 6e01 1f00 2901 0034 0000 9102
00058d0 0074 760c 0001 0f00 0d01 08dd 0010 002a
00058e0 0000 9c01 1381 0000 7401 706d 1000 0d01
00058f0 0042 0000 9102 0077 470c 0002 0600 0d01
0005900 0863 0010 007a 0000 9c01 13c5 0000 3a08
0005910 0002 0600 2101 006d 0000 9102 0100 6964
0005920 0076 0107 6d0e 0000 0200 7491 7401 706d
0005930 0b00 0d01 0042 0000 9102 0073 ef0c 0003
0005940 0200 0d01 07fd 0010 0066 0000 9c01 142b
0005950 0000 7602 0200 2201 006d 0000 9102 0800
0005960 088a 0000 0102 422d 0000 0200 5491 6801
0005970 0300 1101 0a12 0000 9102 0170 756f 0074
0005980 0103 2b2c 0014 0200 6791 1007 1008 3b00
0005990 0000 0100 0069 0104 340d 0000 0200 7491
00059a0 0000 430a 0001 3b00 0014 1100 007e 0000
00059b0 0008 9d18 0003 fe00 0766 0010 0097 0000
00059c0 9c01 1484 0000 7612 fe00 5522 0000 0200
00059d0 6491 8a0e 0008 fe00 422d 0000 0200 6091
00059e0 680b ff00 1211 000a 0200 7491 6f0b 7475
00059f0 ff00 842c 0014 0200 6f91 0a00 0143 0000
0005a00 1494 0000 7e11 0000 0400 1800 06c6 0000
0005a10 07fa 1007 5f00 0000 0100 dd9c 0014 1200
0005a20 0076 20fa 0042 0000 9102 0e64 088a 0000
0005a30 2bfa 0042 0000 9102 0b60 0068 11fb 0a12
0005a40 0000 9102 0b74 756f 0074 2cfb 14dd 0000
0005a50 9102 0071 430a 0001 ed00 0014 1100 007e
0005a60 0000 0002 e518 0003 f900 06bf 0010 0048
0005a70 0000 9c01 1532 0000 7312 f900 1223 000a
0005a80 0200 0091 8a0e 0008 f900 422d 0000 0200
0005a90 6491 cb07 1006 3800 0000 0b00 0069 3cf9
0005aa0 0034 0000 9102 0074 1800 0100 0000 add3
0005ab0 1004 1200 0002 0100 a79c 0015 1200 0063
0005ac0 1bd3 0143 0000 9102 0e5c 088a 0000 26d3
0005ad0 0042 0000 9102 2958 05fa 0010 006a 0000
0005ae0 1590 0000 720b ef00 3412 0000 0200 6c91
0005af0 0307 1006 5700 0000 0b00 0063 16f0 0034
0005b00 0000 9102 0068 0700 0664 0010 0034 0000
0005b10 630b f200 3412 0000 0200 6491 0000 f918
0005b20 0007 ce00 0439 0010 0074 0000 9c01 15ee
0005b30 0000 8a0e 0008 ce00 421f 0000 0200 6491
0005b40 9e09 0006 cf00 550e 0000 0200 7291 5807
0005b50 1004 2900 0000 0b00 0069 0dd0 0034 0000
0005b60 9102 0074 1800 08bf 0000 cac9 1003 6f00
0005b70 0000 0100 2d9c 0016 1200 6f72 0077 23c9
0005b80 0034 0000 9102 1200 6f63 006c 2bc9 0034
0005b90 0000 9102 0b04 6f70 0073 0eca 0055 0000
0005ba0 9102 0076 b237 0007 0100 18c8 0055 0000
0005bb0 03a8 0010 0022 0000 9c01 1663 0000 6312
0005bc0 0068 26c8 0143 0000 9102 0e74 088a 0000
0005bd0 32c8 0042 0000 9102 0070 8438 0008 0100
0005be0 06b7 037e 0010 002a 0000 9c01 1696 0000
0005bf0 7012 7274 b700 4812 0008 0200 0091 2309
0005c00 0008 bc00 8213 0001 0200 7491 3900 01ae
0005c10 0000 a001 150d 1003 6900 0000 0100 d39c
0005c20 0016 0900 063c 0000 13a1 0182 0000 9102
0005c30 0774 0325 0010 0046 0000 6309 0004 a500
0005c40 9113 0000 0200 7091 0000 d83a 0005 0100
0005c50 0d8d 02a7 0010 006e 0000 9c01 1706 0000
0005c60 230e 0008 8d00 822f 0001 0200 0091 3c09
0005c70 0006 9500 8213 0001 0200 7491 3b00 0252
0005c80 0000 4a01 4807 0008 5400 1001 5300 0001
0005c90 0100 979c 0017 0e00 0691 0000 164a 009d
0005ca0 0000 9102 0900 068b 0000 0c52 009d 0000
0005cb0 9102 096c 0138 0000 1455 1797 0000 9102
0005cc0 0974 063c 0000 1356 0182 0000 9102 0970
0005cd0 0823 0000 1381 0182 0000 9102 0768 019d
0005ce0 0010 007c 0000 cd09 0001 5b00 9d14 0000
0005cf0 0200 6491 ae07 1001 2f00 0000 0900 0279
0005d00 0000 1f5f 0182 0000 9102 0060 0000 820f
0005d10 0001 3c00 018f 0000 4901 3f14 1001 1500
0005d20 0000 0100 3d9c 6e69 0062 4401 4217 0000
0005d30 1f00 1001 2000 0000 0100 e39c 0017 0e00
0005d40 085d 0000 2444 0055 0000 9102 0b64 0076
0005d50 0d45 0042 0000 9102 0077 763e 0005 0100
0005d60 1441 00f7 0010 0028 0000 9c01 5d0e 0008
0005d70 4100 5522 0000 0200 7091 7612 6c61 4100
0005d80 4230 0000 0200 6c91 0000 0232 0000 0005
0005d90 0401 0543 0000 1509 0000 1d00 0098 0000
0005da0 0000 0000 25d9 0010 02cc 0000 12d5 0000
0005db0 0102 ab06 0000 0200 0502 0665 0000 040a
0005dc0 6905 746e 0200 0508 0000 0000 4003 0008
0005dd0 2e00 4d18 0000 0200 0801 00a9 0000 ba03
0005de0 0002 3100 5f19 0000 0200 0702 03ae 0000
0005df0 bd03 0006 3400 7119 0000 0200 0704 01a1
0005e00 0000 0802 9707 0001 0b00 0922 0000 8601
0005e10 9f06 1028 0600 0000 0100 059c 08fd 0000
0005e20 346a 0000 c400 1027 db00 0000 0100 c69c
0005e30 0000 0400 626c 0061 1a6a 0066 0000 9102
0005e40 0100 02cf 0000 2b6a 00c6 0000 9102 0004
0005e50 040c 00cc 0000 050d 0631 0000 3453 0000
0005e60 0000 1027 c400 0000 0100 029c 0001 0400
0005e70 626c 0061 1953 0066 0000 9102 0100 02cf
0005e80 0000 2453 0102 0000 9102 0004 040e f006
0005e90 0008 4500 0034 0000 26b4 0010 004c 0000
0005ea0 9c01 012a 0000 2907 0008 4600 0042 0000
0005eb0 9102 0077 0906 0009 3d00 0034 0000 267d
0005ec0 0010 0037 0000 9c01 0150 0000 2907 0008
0005ed0 3e00 0042 0000 9102 0077 1c08 0009 1600
0005ee0 2649 0010 0034 0000 9c01 018f 0000 5d01
0005ef0 0008 1600 5423 0000 0200 6c91 eb01 0008
0005f00 1600 c635 0000 0200 0491 e501 0008 1600
0005f10 6644 0000 0200 0891 0800 0917 0000 1512
0005f20 1026 3400 0000 0100 ce9c 0001 0100 085d
0005f30 0000 2212 0054 0000 9102 016c 08eb 0000
0005f40 2e12 0102 0000 9102 0104 08e5 0000 3d12
0005f50 0066 0000 9102 0008 690f 626e 0100 170c
0005f60 0042 0000 25f8 0010 001d 0000 9c01 0206
0005f70 0000 5d01 0008 0c00 5424 0000 0200 6491
0005f80 7210 7465 0100 0d0d 0042 0000 9102 0077
0005f90 7611 0005 0100 1408 25d9 0010 001f 0000
0005fa0 9c01 5d01 0008 0800 5422 0000 0200 7491
0005fb0 7604 6c61 0800 4230 0000 0200 7091 0000
0005fc0 0021 0000 0005 0401 067c 0000 5801 0014
0005fd0 a500 1028 c800 2b09 0009 3c00 0009 5300
0005fe0 0009 0100 0180 0005 0803 213a 3b01 390b
0005ff0 490b 0213 0018 0200 0024 0b0b 0b3e 0e03
0006000 0000 3403 0300 3a08 0121 0b3b 0b39 1349
0006010 1802 0000 0f04 0b00 0421 1349 0000 2e05
0006020 3f01 0319 3a0e 0121 0b3b 0b39 1927 1349
0006030 0111 0612 1840 197a 1301 0000 2606 4900
0006040 0013 0700 0111 0e25 0b13 1f03 1f1b 0111
0006050 0612 1710 0000 2408 0b00 3e0b 030b 0008
0006060 0900 0016 0e03 0b3a 0b3b 0b39 1349 0000
0006070 260a 0000 0b00 000f 0b0b 0000 2e0c 3f01
0006080 0319 3a0e 3b0b 390b 270b 4919 1113 1201
0006090 4006 7a18 0019 0000 3401 0300 3a08 0121
00060a0 053b 0b39 1349 1802 0000 0502 0300 3a08
00060b0 0121 053b 0b39 1349 1802 0000 2e03 3f00
00060c0 0319 3a0e 0121 0b3b 0b39 1927 193c 0000
00060d0 0d04 0300 3a0e 0121 053b 0b39 1349 0b38
00060e0 0000 3405 0300 3a0e 0121 053b 0b39 1349
00060f0 1802 0000 0d06 0300 3a08 0121 053b 0b39
0006100 1349 0b38 0000 0b07 1101 1201 0006 0800
0006110 0005 0e03 213a 3b01 3905 490b 0213 0018
0006120 0900 0034 0e03 213a 3b01 390b 490b 0213
0006130 0018 0a00 0101 1349 1301 0000 340b 0300
0006140 3a08 0121 0b3b 0b39 1349 1802 0000 2e0c
0006150 0301 3a0e 0121 053b 0b39 1927 0111 0612
0006160 1840 197c 1301 0000 240d 0b00 3e0b 030b
0006170 000e 0e00 0005 0e03 213a 3b01 390b 490b
0006180 0213 0018 0f00 000f 210b 4904 0013 1000
0006190 0034 0e03 213a 3b01 3905 490b 3f13 0219
00061a0 0018 1100 0021 1349 0b2f 0000 0512 0300
00061b0 3a08 0121 0b3b 0b39 1349 1802 0000 2e13
00061c0 3f01 0319 3a0e 0121 053b 2139 2706 1119
00061d0 1201 4006 7c18 0119 0013 1400 0016 0e03
00061e0 0b3a 0b3b 0b39 1349 0000 2815 0300 1c0e
00061f0 000b 1600 002e 0e03 213a 3b01 3905 270b
0006200 1119 1201 4006 7c18 0019 1700 012e 0e03
0006210 213a 3b01 3905 270b 1119 1201 4006 7a18
0006220 0119 0013 1800 012e 0e03 213a 3b01 390b
0006230 0d21 1927 0111 0612 1840 197c 1301 0000
0006240 0d19 0300 3a0e 0121 0b3b 0b39 1349 0b38
0006250 0000 341a 0300 3a0e 0121 0b3b 0b39 1349
0006260 193f 1802 0000 131b 0301 0b0e 3a0b 0121
0006270 053b 2139 0120 0013 1c00 0026 1349 0000
0006280 211d 4900 2f13 0005 1e00 0035 1349 0000
0006290 2e1f 0301 3a0e 0121 053b 0b39 1927 1349
00062a0 0111 0612 1840 197a 1301 0000 3420 0300
00062b0 3a0e 0121 0b3b 2139 490d 3f13 3c19 0019
00062c0 2100 0034 0e03 213a 3b01 3905 1021 1349
00062d0 0188 1021 1802 0000 0522 4900 0013 2300
00062e0 012e 193f 0e03 213a 3b01 3905 2021 1927
00062f0 0187 1119 1201 4006 7c18 0119 0013 2400
0006300 012e 193f 0e03 213a 3b01 3905 0621 0111
0006310 0612 1840 197c 1301 0000 2e25 0300 3a0e
0006320 0121 053b 2139 2714 1119 1201 4006 7a18
0006330 0019 2600 012e 0e03 213a 3b01 3905 1321
0006340 1927 1349 0111 0612 1840 197c 1301 0000
0006350 2e27 0300 3a0e 0121 053b 0b39 1927 1349
0006360 0111 0612 1840 197c 0000 2e28 3f01 0319
0006370 3a0e 0121 053b 0b39 1927 1349 0111 0612
0006380 1840 197c 1301 0000 0b29 1101 1201 0106
0006390 0013 2a00 0111 0e25 0b13 1f03 1f1b 0111
00063a0 0612 1710 0000 242b 0b00 3e0b 030b 0008
00063b0 2c00 0113 0b0b 0b3a 0b3b 0b39 1301 0000
00063c0 132d 0301 0b0e 3a0b 3b0b 390b 010b 0013
00063d0 2e00 0021 0000 042f 3e01 0b0b 490b 3a13
00063e0 3b0b 3905 010b 0013 3000 012e 193f 0e03
00063f0 0b3a 0b3b 0b39 1927 1349 193c 1301 0000
0006400 0f31 0b00 000b 3200 012e 0e03 0b3a 053b
0006410 0b39 1927 0187 1119 1201 4006 7c18 0119
0006420 0013 3300 0015 1927 0000 0b34 5501 0117
0006430 0013 3500 000a 0803 0b3a 053b 0b39 0111
0006440 0000 2e36 0301 3a08 3b0b 3905 270b 1119
0006450 1201 4006 7a18 0119 0013 3700 012e 0e03
0006460 0b3a 0b3b 0b39 1927 1349 0111 0612 1840
0006470 197a 1301 0000 2e38 3f01 0319 3a0e 3b0b
0006480 390b 270b 1119 1201 4006 7c18 0119 0013
0006490 3900 012e 0e03 0b3a 0b3b 0b39 0111 0612
00064a0 1840 197a 1301 0000 2e3a 0301 3a0e 3b0b
00064b0 390b 270b 1119 1201 4006 7a18 0119 0013
00064c0 3b00 012e 193f 0e03 0b3a 0b3b 0b39 1927
00064d0 1349 0111 0612 1840 197a 1301 0000 2e3c
00064e0 0300 3a0e 3b0b 390b 270b 1119 1201 4006
00064f0 7c18 0019 3d00 012e 0803 0b3a 0b3b 0b39
0006500 1927 1349 0111 0612 1840 197a 1301 0000
0006510 2e3e 0301 3a0e 3b0b 390b 270b 1119 1201
0006520 4006 7a18 0019 0000 0501 0300 3a0e 0121
0006530 0b3b 0b39 1349 1802 0000 2402 0b00 3e0b
0006540 030b 000e 0300 0016 0e03 213a 3b02 390b
0006550 490b 0013 0400 0005 0803 213a 3b01 390b
0006560 490b 0213 0018 0500 012e 193f 0e03 213a
0006570 3b01 390b 0521 1927 1349 0111 0612 1840
0006580 197c 1301 0000 2e06 0301 3a0e 0121 0b3b
0006590 2139 270c 4919 1113 1201 4006 7c18 0119
00065a0 0013 0700 0034 0e03 213a 3b01 390b 0d21
00065b0 1349 1802 0000 2e08 0301 3a0e 0121 0b3b
00065c0 2139 2714 1119 1201 4006 7a18 0119 0013
00065d0 0900 0111 0e25 0b13 1f03 1f1b 0111 0612
00065e0 1710 0000 240a 0b00 3e0b 030b 0008 0b00
00065f0 002e 193f 0e03 0b3a 0b3b 0b39 1927 0111
0006600 0612 1840 197a 0000 0f0c 0b00 490b 0013
0006610 0d00 0026 0000 0f0e 0b00 000b 0f00 012e
0006620 0803 0b3a 0b3b 0b39 1927 1349 0111 0612
0006630 1840 197a 1301 0000 3410 0300 3a08 3b0b
0006640 390b 490b 0213 0018 1100 012e 0e03 0b3a
0006650 0b3b 0b39 1927 0111 0612 1840 197a 0000
0006660 0100 0011 1710 0111 0f12 0e03 0e1b 0e25
0006670 0513 0000 0000 0000 001c 0000 0002 0000
0006680 0000 0004 0000 0000 000c 0010 00eb 0000
0006690 0000 0000 0000 0000 001c 0000 0002 01bb
00066a0 0000 0004 0000 0000 00f7 0010 24e2 0000
00066b0 0000 0000 0000 0000 001c 0000 0002 19ce
00066c0 0000 0004 0000 0000 25d9 0010 02cc 0000
00066d0 0000 0000 0000 0000 001c 0000 0002 1c04
00066e0 0000 0004 0000 0000 28a5 0010 04c8 0000
00066f0 0000 0000 0000 0000 0114 0000 0005 0004
0006700 0037 0000 0101 fb01 0d0e 0100 0101 0001
0006710 0000 0001 0100 0101 031f 0000 0000 002b
0006720 0000 0036 0000 0102 021f 030f 0022 0000
0006730 2201 0000 0100 005f 0000 0502 0034 0205
0006740 000c 0010 0515 6714 1a05 0567 670b 1a05
0006750 0200 0204 052e 0013 0402 9002 1805 0200
0006760 0204 0590 0016 0402 3c02 0d05 0200 0104
0006770 052e 000c 0402 9001 054b 3d01 2c05 0530
0006780 6714 0b05 0567 0013 0402 2e02 1805 0200
0006790 0204 0590 0016 0402 3c02 0d05 0200 0104
00067a0 052e 000c 0402 9001 054b 3d01 3405 0530
00067b0 671a 2205 0566 670b 0d05 052f 6613 0c05
00067c0 0566 001e 0402 4a01 2305 0200 0104 0590
00067d0 0021 0402 9001 2e06 0a05 2f06 0f05 054a
00067e0 480d 0c05 4e90 0105 0559 4c1e 0c05 0567
00067f0 750b 1505 0200 0204 052e 000e 0402 4a01
0006800 0c05 0200 0104 7590 0105 023d 0002 0101
0006810 11b9 0000 0005 0004 0041 0000 0101 fb01
0006820 0d0e 0100 0101 0001 0000 0001 0100 0101
0006830 031f 0000 0000 002b 0000 0036 0000 0102
0006840 021f 050f 0073 0000 7301 0000 0100 007c
0006850 0000 5f02 0000 0200 0089 0000 0501 0034
0006860 0205 00f7 0010 c003 0100 0505 3d08 0105
0006870 05d7 6729 0505 05ca c90c 0105 054b 2f21
0006880 2305 053c e431 1c05 053d 6708 1005 0567
0006890 a212 0a05 0566 680c 1405 0593 7513 0b05
00068a0 0584 5911 0c05 0558 5a23 1405 0558 6810
00068b0 1f05 0568 af21 2705 0583 6621 1705 0569
00068c0 851c 1d05 05a2 6617 1c05 055c 5810 2805
00068d0 0575 d62e 2c05 053c 7714 0e05 91af 0c05
00068e0 5f03 0590 0312 9e25 1f05 05ac 6608 1005
00068f0 054b 771b 1305 0558 3d11 0583 a014 0805
0006900 0558 7520 2605 05d6 3c24 0e05 0577 f40c
0006910 0105 0567 2f36 0905 0568 5808 1d05 0200
0006920 0104 054a 0014 0402 5801 1505 0559 bb13
0006930 0905 0583 3113 0b05 0585 2f0e 1005 058f
0006940 6617 1e05 0200 0104 054a 0017 0402 6601
0006950 055d 6611 1005 0567 9101 1805 052f 6713
0006960 0b05 0584 3034 1e05 0558 3c13 2805 055b
0006970 660c 1105 055a 581f 2505 0566 2e18 1e05
0006980 0577 6624 1805 053c 8812 1105 7003 0590
0006990 0018 0402 6601 1105 0200 0104 0566 0301
00069a0 4a13 1705 053d 6708 1305 056a 9305 05af
00069b0 0309 7477 0105 0a03 0520 3337 4005 2008
00069c0 4d05 0558 9064 2f05 052f 6712 0e05 3c08
00069d0 0505 0567 0022 0402 e401 1705 0200 0104
00069e0 054a 0805 0513 0022 0402 e401 1705 0200
00069f0 0104 0582 0801 0513 3d24 1505 05bb 080d
0006a00 052f 7405 2105 0200 0304 052e 0025 0402
0006a10 ba03 1a05 0200 0304 0574 0012 0402 4a01
0006a20 0f05 0591 9e1d 2105 059e 0801 054b 3d2c
0006a30 0805 3d08 1305 0567 c914 0f05 05e5 6714
0006a40 0f05 05e5 6722 2705 0582 3c14 0f05 059f
0006a50 6818 0c05 0558 4b17 1f05 05e5 5813 1705
0006a60 054b c918 2d05 05a0 4a0c 1805 0558 081d
0006a70 0520 740c 2d05 054a 002b 0402 ac01 2d05
0006a80 055a 820c 1805 0558 081d 0520 740c 2d05
0006a90 054a 002b 0402 9e01 1305 053d c918 0c05
0006aa0 0558 5918 1705 059f cd14 0805 0558 9112
0006ab0 0905 0574 2f16 0d05 0574 2f2c 2f05 0558
0006ac0 e434 2c05 0558 4a14 1805 0558 661d 2205
0006ad0 05ba 5814 2c05 0558 3c27 2605 0200 0304
0006ae0 053b 001f 0402 4a01 2205 0200 0204 0565
0006af0 001b 0402 4a01 1205 0569 7409 1005 052f
0006b00 5819 1005 0582 5820 1e05 0200 0104 05ba
0006b10 0022 0402 3b03 1b05 0200 0104 054a 6814
0006b20 0505 05a1 0801 054b 8332 3c05 05ba 7434
0006b30 4a05 0200 0304 052e 0054 0402 4a03 4a05
0006b40 0200 0304 05ac 0046 0402 c803 4105 0200
0006b50 0204 054a 0040 0402 ac02 5f05 054a 4b30
0006b60 1105 2108 1405 0575 e40d 0b05 0582 3c25
0006b70 2305 0590 8221 3205 053c 4a36 0105 1308
0006b80 3205 053d 0811 052f 7515 0d05 05f2 820b
0006b90 2b05 053c f224 2205 0582 3c41 3a05 05f2
0006ba0 8238 5205 053c 9050 4e05 0582 3c5f 6305
0006bb0 054a 0801 0513 3d32 1105 05bb 750d 0505
0006bc0 0574 002b 0402 2e03 2705 0200 0304 0566
0006bd0 002f 0402 9003 2405 0200 0304 0558 001f
0006be0 0402 5803 2405 0200 0304 0582 0022 0402
0006bf0 3c03 1605 0200 0304 054a 0012 0402 4a01
0006c00 3c05 0200 0404 0566 0040 0402 4a04 0105
0006c10 1308 2705 053d 670e 0505 05f3 e510 0505
0006c20 053c d71f 0505 0566 d713 0f05 05c9 7408
0006c30 1505 0200 0104 054a 0801 054b 3e1f 1305
0006c40 0567 c914 0505 054a f301 2305 0d03 053c
0006c50 6629 3305 0574 003b 0402 2e03 3505 0200
0006c60 0104 054a 0034 0402 ac01 4605 0200 0404
0006c70 054a 3c49 4805 0530 e50b 2705 052f 4a32
0006c80 3005 0590 3c27 0c05 053c 5811 2105 05e4
0006c90 901c 0c05 052e 4a27 2505 0200 0104 059e
0006ca0 3b0c 0105 05a1 a043 1705 05e5 7508 2705
0006cb0 0200 0104 059e 0014 0402 4a01 1805 0200
0006cc0 0104 0558 0021 0402 e401 1405 0200 0104
0006cd0 0558 0027 0402 4a01 2605 0200 0104 05ac
0006ce0 3c3b 2205 0200 0204 0559 001f 0402 0202
0006cf0 1223 1805 0200 0204 0558 001f 0402 9002
0006d00 1b05 0200 0204 052e 0029 0402 4a02 0d05
0006d10 0200 0104 9e08 0b05 0567 0029 0402 2e02
0006d20 3505 0200 0204 054a 0029 0402 ac02 1405
0006d30 0200 0204 053c 0018 0402 5802 2505 0200
0006d40 0204 05e4 0021 0402 9002 1405 0200 0204
0006d50 052e 0029 0402 4a02 2805 0200 0204 059e
0006d60 000d 0402 3c01 0c05 0200 0104 0590 4b01
0006d70 4b05 0584 e51d 0805 054a 580c 1905 05e4
0006d80 9015 0805 052e 4a1d 1c05 0200 0104 05ac
0006d90 3d1d 0805 054a 580c 1905 05e4 9015 0805
0006da0 052e 4a1d 1c05 0200 0104 05ac 3d0e 0505
0006db0 0574 2f17 1305 0566 900d 0e05 0567 001b
0006dc0 0402 6601 2305 0200 0204 0582 000e 0402
0006dd0 6604 2105 053d 820c 1005 0558 e41d 1905
0006de0 0590 2e0c 2105 054a 0020 0402 9e01 1805
0006df0 0200 0204 0539 0013 0402 4a01 0105 056b
0006e00 a223 0e05 0567 7405 2005 052f 7409 0d05
0006e10 052f 0036 0402 1f03 2905 0200 0104 0590
0006e20 001f 0402 9d02 1705 0200 0104 054a 8701
0006e30 3705 054d 7505 0e05 0523 7405 1205 052f
0006e40 7409 1005 052f 5812 1b05 05e4 5810 1f05
0006e50 0558 001e 0402 ba01 2205 0200 0304 053b
0006e60 0017 0402 4a01 1e05 0200 0204 0565 0013
0006e70 0402 4a01 1105 056b 751e 1d05 0200 0104
0006e80 05c8 0009 0402 7401 0505 05bb 081b 0523
0006e90 001a 0402 c801 0905 0200 0104 0574 bb05
0006ea0 1105 2308 1c05 0575 001b 0402 c801 0905
0006eb0 0200 0104 0574 bb05 1105 2308 1b05 0575
0006ec0 001a 0402 c801 0905 0200 0104 0574 bb05
0006ed0 2408 0e05 055b 7405 0d05 9159 0c05 0575
0006ee0 5810 1d05 05e4 9019 0c05 052e 5821 2005
0006ef0 0200 0104 05ba 3d09 0c05 2f08 054b 5810
0006f00 1d05 05e4 9019 0c05 052e 5821 2005 0200
0006f10 0104 05ba 3d24 0905 05e4 0018 0402 0303
0006f20 0879 052e 0013 0402 4a01 0e05 0200 0104
0006f30 0903 059e 0354 3c39 1405 2108 3105 05f2
0006f40 f254 4e05 0566 bb12 2e05 05d6 6633 3f05
0006f50 0558 7439 2605 052e 9e60 5505 0566 bb01
0006f60 2b05 053d 3c2d 6405 0566 3d2b 2d05 053c
0006f70 6664 2505 053d c827 9205 7401 2605 053d
0006f80 6712 0c05 0583 4b01 2e05 052f 3d05 0105
0006f90 05d7 3d4f 0d05 8308 1505 054a ac2b 2f05
0006fa0 054a ba3d 4505 054a 8251 5705 054a ac7a
0006fb0 6705 0582 4a6f 0105 0583 3f1c 1005 0567
0006fc0 001e 0402 c801 0505 05f3 0016 0402 ba01
0006fd0 2105 0200 0204 0558 0032 0402 e403 0505
0006fe0 0559 0016 0402 ba01 2105 0200 0204 0558
0006ff0 0032 0402 e403 0505 0559 0016 0402 ba01
0007000 2105 0200 0204 0558 0032 0402 e403 0505
0007010 0559 0016 0402 ba01 2105 0200 0204 0558
0007020 0032 0402 e403 0505 0559 0014 0402 e401
0007030 0105 2108 2205 053d 670e 0505 05f3 bb0f
0007040 0505 053c d721 0505 0566 d701 1e05 1303
0007050 053c ba31 2905 0582 8244 4205 0558 0052
0007060 0402 5801 5905 0200 0104 0558 0062 0402
0007070 9e01 6805 0582 3d1a 2405 0566 ac1e 3405
0007080 0200 0104 064a 0558 0043 0402 0602 052e
0007090 003d 0402 5802 5805 0200 0204 059e 005b
00070a0 0402 8202 5105 0200 0204 053c 006e 0402
00070b0 5802 7605 054a 302e 3505 053c 0047 0402
00070c0 2e02 3605 0200 0104 0558 003f 0402 9e01
00070d0 3605 0200 0104 0566 4a54 2e05 054b 3c35
00070e0 4a05 0200 0204 052e 0038 0402 5801 4105
00070f0 0200 0104 059e 0036 0402 6601 5705 054a
0007100 4b25 2705 053c 003f 0402 5801 5005 0200
0007110 0204 05ba 006f 0402 5803 7a05 059e 2f2a
0007120 2c05 05ba 0044 0402 5801 5505 0200 0204
0007130 05ba 006d 0402 5803 7d05 05e4 3d22 0505
0007140 0567 001d 0402 5801 1105 05e5 0027 0402
0007150 8201 3205 0200 0104 054a 003b 0402 4a01
0007160 0505 05c9 001d 0402 5801 0d05 05e5 7405
0007170 2105 0200 0504 052e 002a 0402 9e05 2005
0007180 0200 0504 0566 0038 0402 4a02 4305 059e
0007190 004c 0402 2e03 1905 0200 0104 0558 0012
00071a0 0402 4a04 0105 0591 4d1a 0a05 0567 0013
00071b0 0402 9e01 0705 0200 0104 0566 8310 0705
00071c0 05c9 0015 0402 6602 2c05 0200 0304 0566
00071d0 9e30 0705 0559 0022 0402 6602 4605 0200
00071e0 0304 0566 9e4a 0705 0559 001a 0402 6601
00071f0 1f05 05c8 5908 0705 054a 8319 2605 0058
0007200 0402 0601 004a 0402 7402 1105 0200 0404
0007210 5806 3405 0200 0404 053c 4b0a 0705 054a
0007220 0015 0402 4a01 1205 0200 0104 0590 6707
0007230 0b05 0567 0013 0402 6601 2205 0200 0204
0007240 0566 0021 0402 5802 2805 0200 0304 054a
0007250 0026 0402 5803 4005 0200 0404 054a 0032
0007260 0402 7404 2105 053c 2f10 1805 0200 0104
0007270 0566 0027 0402 6602 2605 0200 0204 0558
0007280 002b 0402 4a03 4405 0200 0404 0590 0036
0007290 0402 7404 2105 0557 2209 1b05 7503 05e4
00072a0 4117 0105 0544 2105 0105 05bb 3e22 0505
00072b0 05bb 002b 0402 e401 4105 0200 0204 05e4
00072c0 e507 1205 0200 0104 0566 0020 0402 6602
00072d0 0705 05e5 0012 0402 6601 2005 0200 0204
00072e0 0566 bb05 1705 05a1 3d30 0505 05c9 bb01
00072f0 3305 0543 3d05 0d05 4c08 1405 05d7 761e
0007300 1405 0558 300d 1605 0200 0104 05e5 3f14
0007310 0e05 0576 7714 0105 055a 3151 0505 2f08
0007320 2b05 0200 0104 05e4 0041 0402 e402 0505
0007330 05e5 001d 0402 e401 0505 05c9 001d 0402
0007340 e401 0505 05e5 0021 0402 e401 3b05 0200
0007350 0204 05c8 e505 5d05 05a0 0805 052f 002b
0007360 0402 e401 4105 0200 0204 05e4 e505 1d05
0007370 0200 0104 05e4 c905 1e05 0200 0104 05e4
0007380 c905 1d05 0200 0104 05e4 e505 2105 0200
0007390 0104 05e4 003b 0402 c802 0505 05e5 a048
00073a0 0505 e5c9 1d05 0200 0104 05e4 c905 1e05
00073b0 0200 0104 05e4 c905 1d05 0200 0104 05e4
00073c0 e505 2105 0200 0104 05e4 003b 0402 c802
00073d0 1205 05e6 3c0e 0575 bb17 0d05 0566 6717
00073e0 0d05 053c 6705 1d05 0200 0104 05e4 e505
00073f0 1e05 0200 0104 05e4 e505 1d05 0200 0104
0007400 00e4 0402 0602 00c8 0402 5804 0505 ad06
0007410 1e05 0200 0104 00e4 0402 0602 00c8 0402
0007420 5804 3b05 0200 0104 ac06 0505 05e6 0023
0007430 0402 e401 0505 4b08 1d05 0200 0104 05e4
0007440 0805 054b 001e 0402 e401 0505 05f3 001d
0007450 0402 e401 3905 0200 0204 4a08 0505 05e6
0007460 0030 0402 e401 2105 0200 0104 0574 d705
0007470 2305 0200 0104 05e4 003f 0402 f202 0505
0007480 05e6 a048 1305 05c9 6705 05e5 001d 0402
0007490 e401 0505 05c9 001e 0402 e401 0505 05c9
00074a0 001e 0402 e401 0505 05c9 001d 0402 e401
00074b0 0505 05e5 0021 0402 e401 3b05 0200 0204
00074c0 05c8 e505 3005 05a5 3d05 0d05 9208 1405
00074d0 76c9 0d05 8476 0105 05a0 3322 0c05 053d
00074e0 bb01 2a05 0530 3d0c 0105 05c9 302a 0c05
00074f0 053d c901 2105 052f 3c23 8f05 7401 1e05
0007500 053f 3d05 e5e5 0105 05e5 3d27 0505 053d
0007510 0021 0402 e401 0505 4b08 1d05 0200 0104
0007520 05e4 0805 054b 001e 0402 e401 0505 05f3
0007530 001d 0402 e401 3905 0200 0204 4a08 0105
0007540 05e5 3d24 0e05 7567 0505 05ad 0025 0402
0007550 e401 0505 05c9 001e 0402 e401 0505 05c9
0007560 0023 0402 e401 0505 05f3 0031 0402 e401
0007570 2205 0200 0104 0574 003d 0402 d602 0105
0007580 05e5 3d21 0505 053d 0020 0402 e401 0505
0007590 4b08 1e05 0200 0104 05e4 f305 2105 0200
00075a0 0104 05e4 f305 1d05 0200 0104 05e4 0805
00075b0 054b 001e 0402 e401 3905 0200 0204 05f2
00075c0 e501 1d05 053f 9105 055a c91a 0905 0576
00075d0 001f 0402 c801 1405 0576 830f 1705 0200
00075e0 0104 0566 5822 0f05 0559 0024 0402 6601
00075f0 2b05 0200 0104 05d6 c83a 0b05 0a03 0520
0007600 6614 0f05 7703 0558 001a 0402 6601 2605
0007610 0200 0204 0566 002a 0402 4a02 3e05 05c8
0007620 2f0f 1705 0200 0104 0566 6713 1d05 0591
0007630 9021 2005 053c 7523 1a05 053c c915 3e05
0007640 3708 1005 051c 030b 580e 1a05 0200 0104
0007650 0566 0013 0402 7401 2805 0200 0204 054a
0007660 0022 0402 7402 3605 0200 0304 054a 0030
0007670 0402 7403 4405 0200 0404 054a 003e 0402
0007680 7404 5205 0200 0504 054a 004c 0402 7405
0007690 0d05 054b 9f12 2105 0200 0104 0566 001a
00076a0 0402 7401 2f05 0200 0204 054a 0029 0402
00076b0 7402 3d05 0200 0304 054a 0037 0402 7403
00076c0 4b05 0200 0404 054a 0045 0402 7404 5905
00076d0 0200 0504 054a 0053 0402 7405 6705 0200
00076e0 0604 054a 0061 0402 7406 0d05 054b 9f12
00076f0 2105 0200 0104 0566 001a 0402 7401 2f05
0007700 0200 0204 054a 0029 0402 7402 3d05 0200
0007710 0304 054a 0037 0402 7403 0d05 054b 9f12
0007720 2105 0200 0104 0566 001a 0402 7401 2f05
0007730 0200 0204 054a 0029 0402 7402 3d05 0200
0007740 0304 054a 0037 0402 7403 4b05 0200 0404
0007750 054a 0045 0402 7404 0d05 054b 0812 0528
0007760 0021 0402 6601 1a05 0200 0104 0574 002f
0007770 0402 4a02 2905 0200 0204 0574 003d 0402
0007780 4a03 3705 0200 0304 0574 004b 0402 4a04
0007790 4505 0200 0404 0574 4b19 2805 05ba 0033
00077a0 0402 2e03 2905 0200 0104 054a 002b 0402
00077b0 6601 0d05 054b 0019 0402 ac01 5405 05c6
00077c0 5b12 2105 0200 0104 0566 001a 0402 7401
00077d0 2f05 0200 0204 054a 0029 0402 7402 3d05
00077e0 0200 0304 054a 0037 0402 7403 4b05 0200
00077f0 0404 054a 0045 0402 7404 0d05 c94b 1205
0007800 1308 2105 0200 0104 0566 001a 0402 7401
0007810 2f05 0200 0204 054a 0029 0402 7402 3d05
0007820 0200 0304 054a 0037 0402 7403 4b05 0200
0007830 0404 054a 0045 0402 7404 5905 0200 0504
0007840 054a 0053 0402 7405 0d05 c94b 05e6 0309
0007850 c858 3005 2f03 0558 6705 1505 05e5 580e
0007860 0505 0383 080e 052e a234 0505 0813 0521
0007870 a015 0405 0567 e519 0705 05c9 6708 0405
0007880 05a0 ad01 1805 053e 9105 1205 05e7 0808
0007890 0568 6709 0e05 05cd 7405 1305 052f 001f
00078a0 0402 d503 1705 0200 0104 054a 9301 3105
00078b0 054c 6805 2108 9f08 9f08 9f08 1005 a108
00078c0 0505 0574 0037 0402 2e03 3a05 0200 0304
00078d0 0582 0023 0402 3c03 1505 0200 0104 054a
00078e0 6710 3205 0558 580e 0559 910f 0e05 0592
00078f0 7430 0505 0575 080d 0568 9025 2405 0558
0007900 5835 0505 5bc9 1005 059f 000e 0402 5801
0007910 0505 9f67 e5e5 08e6 0867 0867 0867 0867
0007920 0867 0867 0867 0867 0867 0867 0867 0867
*
0007940 0867 e667 6708 6708 6708 6708 6708 6708
0007950 6708 6708 6708 6708 6708 6708 6708 6708
0007960 6708 6708 05e6 080d 0592 9025 2405 0558
0007970 5835 0505 59ca 05e5 a10f 1c05 0200 0104
0007980 05c8 0028 0402 4a01 0505 08e5 5921 5959
0007990 1c05 0200 0104 2008 0505 7508 3105 0200
00079a0 0104 2008 2205 0200 0104 0574 0805 0513
00079b0 0023 0402 0801 0520 003f 0402 0802 052e
00079c0 0805 0821 5921 2208 0d02 0100 7f01 0001
00079d0 0500 0400 3700 0000 0100 0101 0efb 000d
00079e0 0101 0101 0000 0100 0000 0101 1f01 0003
00079f0 0000 2b00 0000 3600 0000 0200 1f01 0f02
0007a00 a303 0000 0100 00a3 0000 7c01 0000 0200
0007a10 3505 0500 d902 1025 1900 0505 2f08 0105
0007a20 0591 3e2a 0505 05ca 9f0c 0105 054b 3044
0007a30 0505 05e5 0801 05bb 844b 0505 05e5 0801
0007a40 05bb 0320 8225 1205 0569 000e 0402 f301
0007a50 1405 0583 7427 0200 0104 4a06 0058 0402
0007a60 2e02 0105 5906 1f05 0530 6912 1405 05f3
0007a70 740c 2905 0200 0104 064a 0558 0614 052f
0007a80 740c 2805 0200 0104 064a 0558 0617 052f
0007a90 740e 0c05 054b 5901 2c05 0534 3d08 2205
0007aa0 0200 0104 0690 0558 0605 055a 5a3a 4105
0007ab0 0566 3c32 0505 083c 0513 e529 0505 053c
0007ac0 0837 0513 6605 3705 1308 0505 0866 0514
0007ad0 e609 0805 0200 0104 0558 0024 0402 4a01
0007ae0 5806 0505 3006 0c05 4b08 0105 0559 3433
0007af0 0805 053d 0022 0402 9001 5806 0505 5a06
0007b00 3a05 055a 6641 3205 053c 3c05 1308 2905
0007b10 05e5 3c05 3705 1308 0505 0566 0837 0513
0007b20 6605 1408 0905 05e6 0008 0402 5801 2405
0007b30 0200 0104 064a 0558 0605 0830 084c 0521
0007b40 5a0c 0105 0559 3515 0105 023e 0003 0101
0007b50 00ec 0000 0005 0004 002e 0000 0101 fb01
0007b60 0d0e 0100 0101 0001 0000 0001 0100 0101
0007b70 021f 0000 0000 002b 0000 0102 021f 020f
0007b80 00b2 0000 b201 0000 0100 0500 a502 1028
0007b90 0300 0128 3d22 674b 673d 5b2f 2121 2f2f
0007ba0 2f4b 2130 2259 2f2f 2121 2124 4b3d 3d67
0007bb0 2f67 215a 2f21 4b2f 302f 5921 2f22 212f
0007bc0 0321 201a 2602 0213 1326 2602 0213 1326
0007bd0 2602 0213 1326 2602 0213 1326 2602 0213
0007be0 1326 2602 0213 1326 2602 0213 1726 2321
0007bf0 4d3d 2121 3f59 213e 2803 0820 0875 0875
0007c00 0875 0875 0875 0875 0875 0876 08ad 0875
0007c10 08ad 08ad 21b1 3d2f 3d3d 213d 2121 5921
0007c20 2421 2f21 3d3d 3d3d 2121 2121 2159 0823
0007c30 0875 08ad 0875 0875 0875 0275 0018 0101
0007c40 6f6c 676e 6c20 6e6f 2067 6e69 0074 6973
0007c50 657a 745f 4700 554e 4320 3731 3120 2e34
0007c60 2e32 2030 6d2d 3233 2d20 746d 6e75 3d65
0007c70 6567 656e 6972 2063 6d2d 7261 6863 693d
0007c80 3836 2036 672d 2d20 304f 2d20 6666 6572
0007c90 7365 6174 646e 6e69 2067 662d 6f6e 702d
0007ca0 6569 2d20 6e66 2d6f 7473 6361 2d6b 7270
0007cb0 746f 6365 6f74 2072 662d 6f6e 612d 7973
0007cc0 636e 7268 6e6f 756f 2d73 6e75 6977 646e
0007cd0 742d 6261 656c 0073 656d 636d 706d 5f00
0007ce0 6c46 616f 3174 3832 7500 736e 6769 656e
0007cf0 2064 6863 7261 6d00 6d65 7063 0079 7473
0007d00 6c72 6e65 6c00 6e6f 2067 6f64 6275 656c
0007d10 6d00 6d65 6573 0074 6163 7370 7000 3273
0007d20 775f 6972 6574 635f 6e6f 6966 0067 5f5f
0007d30 7366 705f 6461 7500 725f 6165 6364 0068
0007d40 6776 5f61 7570 6374 6900 7273 655f 6378
0007d50 305f 3078 0041 6e65 6574 5f72 7375 7265
0007d60 616c 646e 7500 6e69 7074 7274 745f 6300
0007d70 6568 6b63 7573 006d 7270 7665 6900 7172
0007d80 755f 686e 6e61 6c64 6465 635f 6900 7464
0007d90 655f 746e 7972 6500 6378 635f 6d6f 6f6d
0007da0 5f6e 7265 5f72 0063 6776 5f61 7570 6474
0007db0 6365 615f 0074 7073 6165 656b 5f72 666f
0007dc0 0066 6177 7469 735f 6365 6e6f 7364 6900
0007dd0 5f6f 6177 7469 6c00 6e6f 2067 6f6c 676e
0007de0 7520 736e 6769 656e 2064 6e69 0074 6f63
0007df0 6c61 7365 6563 6500 6378 705f 5f66 0063
0007e00 7266 6565 625f 6f6c 6b63 745f 6c00 6665
0007e10 6f74 6576 0072 6873 776f 725f 7465 665f
0007e20 6172 656d 7000 3273 725f 6165 5f64 6f63
0007e30 666e 6769 6e00 7865 0074 6873 776f 735f
0007e40 6174 6b63 625f 756f 646e 0073 5f5f 7367
0007e50 705f 6461 7400 7373 625f 7361 0065 736d
0007e60 5f67 6f63 006c 7369 5f72 7973 6373 6c61
0007e70 006c 6572 5f74 7365 0070 7266 7165 6800
0007e80 7264 635f 6c6f 7300 6570 6b61 7265 6f5f
0007e90 006e 6d6b 6c61 6f6c 0063 6f63 6873 625f
0007ea0 6e61 656e 0072 6467 5f74 7470 0072 7563
0007eb0 7372 726f 725f 776f 6e00 7765 625f 6f6c
0007ec0 6b63 6900 7172 305f 3278 0039 5953 5f53
0007ed0 6979 6c65 0064 5f5f 7373 5f31 6170 0064
0007ee0 5953 5f53 7865 7469 7400 5f72 7270 626f
0007ef0 0065 6469 5f74 7470 0072 6975 746e 3631
0007f00 745f 6900 7172 745f 6d69 7265 635f 6200
0007f10 6675 6566 0072 7374 5f73 6e65 7274 0079
0007f20 7269 5f71 7830 4532 5400 7365 5f74 6d4b
0007f30 6c61 6f6c 0063 7374 5f73 696c 696d 0074
0007f40 6572 5f74 6665 616c 7367 5f00 6c5f 7464
0007f50 705f 6461 6b00 7265 656e 5f6c 616d 6e69
0007f60 7400 6369 736b 5300 5359 775f 6972 6574
0007f70 6900 7464 735f 7465 675f 7461 0065 6776
0007f80 5f61 7570 6874 7865 3233 615f 0074 656b
0007f90 6279 616f 6472 695f 7273 635f 6c00 6d69
0007fa0 7469 6c5f 006f 5953 5f53 6572 6461 6863
0007fb0 6d00 7261 656b 5f72 6f74 0070 6168 746c
0007fc0 6465 5f00 635f 5f73 6170 0064 676c 7464
0007fd0 7600 6167 705f 7475 5f73 7461 7000 6972
0007fe0 746e 685f 7865 3631 7400 6172 0070 6873
0007ff0 726f 2074 6e75 6973 6e67 6465 6920 746e
0008000 6c00 616f 5f64 656b 6e72 6c65 735f 6765
0008010 656d 746e 0073 7365 3070 6500 7073 0031
0008020 7365 3270 7600 6167 775f 6972 6574 7000
0008030 6972 746e 685f 7865 3233 6900 7172 745f
0008040 6d69 7265 6800 6165 5f70 7470 0072 6361
0008050 6563 7373 6900 7273 655f 6378 305f 3078
0008060 0030 7369 5f72 7865 5f63 7830 3231 6b00
0008070 6174 6c69 6500 6378 635f 6d6f 6f6d 5f6e
0008080 6f6e 7265 5f72 0063 5f75 6979 6c65 0064
0008090 626b 6675 705f 7375 0068 6168 746c 635f
00080a0 6c6f 6300 7275 5f72 6e65 0064 5f5f 7364
00080b0 705f 6461 7300 6f68 5f77 7369 5f72 7473
00080c0 6361 5f6b 7270 626f 0065 6c61 6177 7379
00080d0 0030 696c 7464 7000 3273 775f 6961 5f74
00080e0 756f 7074 7475 665f 6c75 006c 5f75 6170
00080f0 696e 0063 6162 6573 685f 0069 7369 5f72
0008100 7865 5f63 7830 3130 6900 7273 655f 6378
0008110 305f 3078 0032 7369 5f72 7865 5f63 7830
0008120 3330 6900 7273 655f 6378 305f 3078 0034
0008130 6f69 616d 0070 7267 6e61 6900 7273 655f
0008140 6378 305f 3078 0037 7369 5f72 7865 5f63
0008150 7830 3830 6900 7273 655f 6378 305f 3078
0008160 0039 7269 5f71 656b 6279 616f 6472 735f
0008170 7574 0062 7369 5f72 7270 626f 5f65 7063
0008180 006c 7369 5f72 7865 5f63 7830 4230 6900
0008190 7273 655f 6378 305f 3078 0043 7369 5f72
00081a0 7865 5f63 7830 4430 6900 7273 655f 6378
00081b0 305f 3078 0045 756f 6274 6500 6378 675f
00081c0 5f70 0063 6d6b 6c61 6f6c 5f63 6574 7473
00081d0 6900 7273 705f 6f72 6562 655f 7073 6b00
00081e0 7562 0066 7369 5f72 7270 626f 5f65 7373
00081f0 6800 6165 5f70 6e65 0064 5f5f 7365 705f
0008200 6461 5f00 735f 3073 705f 6461 7500 6573
0008210 5f72 6873 6c65 006c 6e69 6573 7472 625f
0008220 6f6c 6b63 735f 726f 6574 0064 7369 5f72
0008230 7973 6373 6c61 5f6c 0063 6970 5f74 6e69
0008240 7469 6900 7273 655f 6378 305f 3178 0030
0008250 7369 5f72 7865 5f63 7830 3131 6b00 7473
0008260 6361 006b 7369 5f72 7865 5f63 7830 3331
0008270 6100 6174 725f 6165 3264 0038 7563 7272
0008280 6b00 7965 6f62 7261 5f64 6e65 6261 656c
0008290 7200 7465 635f 0073 7369 5f72 7865 5f63
00082a0 7830 4431 7300 6f68 7472 6920 746e 6900
00082b0 7273 655f 6378 305f 3178 0046 616d 6967
00082c0 0063 7473 5f72 6572 6461 7400 746f 6c61
00082d0 735f 7a69 0065 6162 6573 6c5f 006f 6966
00082e0 6c6c 6700 7464 735f 7465 6b00 7562 5f66
00082f0 6f70 0070 6162 6573 6d5f 6469 7500 6e69
0008300 3374 5f32 0074 7270 6e69 5f74 6568 3878
0008310 6400 7669 7369 726f 6700 7464 655f 746e
0008320 7972 6d00 7261 656b 5f72 7473 6361 006b
0008330 6572 5f74 7373 7000 3273 775f 6961 5f74
0008340 6e69 7570 5f74 6c63 6165 0072 7473 5f72
0008350 656c 006e 7269 5f71 7830 3232 6900 7172
0008360 305f 3278 0033 7269 5f71 7830 3432 6900
0008370 7172 305f 3278 0035 7269 5f71 7830 3632
0008380 6900 7172 305f 3278 0037 7269 5f71 7830
0008390 3832 5f00 735f 5f73 6170 0064 696c 656e
00083a0 6900 7172 305f 3278 0041 7269 5f71 7830
00083b0 4232 6900 7172 305f 3278 0043 7269 5f71
00083c0 7830 4432 7200 7465 655f 7069 6900 7172
00083d0 305f 3278 0046 5953 5f53 6572 6f62 746f
00083e0 7300 7379 6163 6c6c 645f 7369 6170 6374
00083f0 0068 6776 5f61 6563 6c6c 5f00 735f 3273
0008400 705f 6461 6600 6572 5f65 696c 7473 6b00
0008410 7965 616d 0070 454b 4e52 4c45 535f 4154
0008420 5452 5f00 705f 6572 5f76 6170 0064 7375
0008430 7265 735f 6174 6b63 7600 6167 635f 656c
0008440 7261 6d00 6c75 6974 6f62 746f 685f 6165
0008450 6564 0072 6970 5f63 6572 616d 0070 7266
0008460 6565 625f 6f6c 6b63 7300 6174 7574 0073
0008470 6575 7073 6300 7275 6f73 5f72 6f63 006c
0008480 6975 746e 5f38 0074 5953 5f53 6c61 6f6c
0008490 0063 6162 6e6e 7265 635f 6c6f 7000 726f
00084a0 0074 656b 6d79 7061 735f 6968 7466 7500
00084b0 775f 6972 6574 6900 7273 655f 6378 305f
00084c0 3178 0045 666b 6572 0065 7461 7274 5400
00084d0 7365 5f74 6c42 5f6b 7244 7669 7265 6b00
00084e0 6568 6461 6900 7273 655f 6378 305f 3078
00084f0 0035 7369 5f72 7865 5f63 7830 3630 7600
0008500 6167 685f 5f77 7563 7372 726f 735f 7465
0008510 7500 6573 5f72 6e65 7274 0079 7270 7665
0008520 745f 7373 6300 756f 746e 6100 6464 0072
0008530 7461 5f61 6177 7469 645f 7172 6100 6174
0008540 775f 6972 6574 3832 6100 6174 775f 6961
0008550 5f74 7562 7973 6900 736e 0077 756f 7374
0008560 0077 7461 5f61 6e69 7469 7300 6372 6b2f
0008570 7265 656e 2f6c 7269 2e71 0053 682f 6d6f
0008580 2f65 6163 6c6c 6d75 432f 4c41 554c 5f4d
0008590 534f 4700 554e 4120 2053 2e32 3434 2f00
00085a0 6f68 656d 632f 6c61 756c 2f6d 4143 4c4c
00085b0 4d55 4f5f 0053 7273 2f63 656b 6e72 6c65
00085c0 732f 7274 6e69 2e67 0063 7273 2f63 656b
00085d0 6e72 6c65 2f00 7375 2f72 696c 2f62 6367
00085e0 2f63 3878 5f36 3436 6c2d 6e69 7875 672d
00085f0 756e 312f 2f34 6e69 6c63 6475 0065 7473
0008600 6464 6665 682e 7300 6372 6b2f 7265 656e
0008610 2f6c 656b 6e72 6c65 632e 7300 6474 6e69
0008620 2d74 6367 2e63 0068 6c62 636f 5f6b 6564
0008630 6976 6563 682e 7300 6372 6b2f 7265 656e
0008640 2f6c 6c62 636f 5f6b 6564 6976 6563 632e
0008650 6900 7172 532e 4700 4343 203a 4428 6265
0008660 6169 206e 3431 322e 302e 312d 2939 3120
0008670 2e34 2e32 0030 0000 0010 0000 ffff ffff
0008680 0001 7c01 0c08 0404 0188 0000 001c 0000
0008690 0000 0000 000c 0010 003d 0000 0e41 8508
00086a0 4202 050d c579 040c 0004 0000 001c 0000
00086b0 0000 0000 0049 0010 002e 0000 0e41 8508
00086c0 4202 050d c56a 040c 0004 0000 001c 0000
00086d0 0000 0000 0077 0010 0058 0000 0e41 8508
00086e0 4202 050d 5402 0cc5 0404 0000 001c 0000
00086f0 0000 0000 00cf 0010 0028 0000 0e41 8508
0008700 4202 050d c564 040c 0004 0000 0010 0000
0008710 ffff ffff 0001 7c01 0c08 0404 0188 0000
0008720 0020 0000 0094 0000 00f7 0010 0028 0000
0008730 0e41 8508 4202 050d 8344 6003 c3c5 040c
0008740 0004 0000 001c 0000 0094 0000 011f 0010
0008750 0020 0000 0e41 8508 4202 050d c55c 040c
0008760 0004 0000 001c 0000 0094 0000 013f 0010
0008770 0015 0000 0e41 8508 4202 050d c551 040c
0008780 0004 0000 001c 0000 0094 0000 0154 0010
0008790 0153 0000 0e41 8508 4202 050d 4f03 c501
00087a0 040c 0004 001c 0000 0094 0000 02a7 0010
00087b0 006e 0000 0e41 8508 4202 050d 6a02 0cc5
00087c0 0404 0000 001c 0000 0094 0000 0315 0010
00087d0 0069 0000 0e41 8508 4202 050d 6502 0cc5
00087e0 0404 0000 001c 0000 0094 0000 037e 0010
00087f0 002a 0000 0e41 8508 4202 050d c566 040c
0008800 0004 0000 001c 0000 0094 0000 03a8 0010
0008810 0022 0000 0e41 8508 4202 050d c55e 040c
0008820 0004 0000 001c 0000 0094 0000 03ca 0010
0008830 006f 0000 0e41 8508 4202 050d 6b02 0cc5
0008840 0404 0000 001c 0000 0094 0000 0439 0010
0008850 0074 0000 0e41 8508 4202 050d 7002 0cc5
0008860 0404 0000 0024 0000 0094 0000 04ad 0010
0008870 0212 0000 0e41 8508 4202 050d 8645 8303
0008880 0304 0207 41c3 41c6 0cc5 0404 001c 0000
0008890 0094 0000 06bf 0010 0048 0000 0e41 8508
00088a0 4202 050d 4402 0cc5 0404 0000 001c 0000
00088b0 0094 0000 0707 0010 005f 0000 0e41 8508
00088c0 4202 050d 5b02 0cc5 0404 0000 001c 0000
00088d0 0094 0000 0766 0010 0097 0000 0e41 8508
00088e0 4202 050d 9302 0cc5 0404 0000 001c 0000
00088f0 0094 0000 07fd 0010 0066 0000 0e41 8508
0008900 4202 050d 6202 0cc5 0404 0000 001c 0000
0008910 0094 0000 0863 0010 007a 0000 0e41 8508
0008920 4202 050d 7602 0cc5 0404 0000 001c 0000
0008930 0094 0000 08dd 0010 002a 0000 0e41 8508
0008940 4202 050d c566 040c 0004 0000 001c 0000
0008950 0094 0000 0907 0010 0027 0000 0e41 8508
0008960 4202 050d c563 040c 0004 0000 0028 0000
0008970 0094 0000 092e 0010 0068 0000 0e41 8508
0008980 4202 050d 8746 8603 8304 0205 c35b c641
0008990 c741 c541 040c 0004 0028 0000 0094 0000
00089a0 0996 0010 0105 0000 0e41 8508 4202 050d
00089b0 8746 8603 8304 0205 c3f8 c641 c741 c541
00089c0 040c 0004 0028 0000 0094 0000 0a9b 0010
00089d0 00fa 0000 0e41 8508 4202 050d 8746 8603
00089e0 8304 0205 c3ed c641 c741 c541 040c 0004
00089f0 001c 0000 0094 0000 0b95 0010 003c 0000
0008a00 0e41 8508 4202 050d c578 040c 0004 0000
0008a10 0018 0000 0094 0000 0bd1 0010 0209 0000
0008a20 0e41 8508 4202 050d 8344 0003 001c 0000
0008a30 0094 0000 0dda 0010 0085 0000 0e41 8508
0008a40 4202 050d 8102 0cc5 0404 0000 001c 0000
0008a50 0094 0000 0e5f 0010 000c 0000 0e41 8508
0008a60 4202 050d c548 040c 0004 0000 001c 0000
0008a70 0094 0000 0e6b 0010 000c 0000 0e41 8508
0008a80 4202 050d c548 040c 0004 0000 001c 0000
0008a90 0094 0000 0e77 0010 0017 0000 0e41 8508
0008aa0 4202 050d c553 040c 0004 0000 001c 0000
0008ab0 0094 0000 0e8e 0010 0014 0000 0e41 8508
0008ac0 4202 050d c550 040c 0004 0000 001c 0000
0008ad0 0094 0000 0ea2 0010 0014 0000 0e41 8508
0008ae0 4202 050d c550 040c 0004 0000 001c 0000
0008af0 0094 0000 0eb6 0010 006a 0000 0e41 8508
0008b00 4202 050d 6602 0cc5 0404 0000 001c 0000
0008b10 0094 0000 0f20 0010 00db 0000 0e41 8508
0008b20 4202 050d d702 0cc5 0404 0000 001c 0000
0008b30 0094 0000 0ffb 0010 004a 0000 0e41 8508
0008b40 4202 050d 4602 0cc5 0404 0000 001c 0000
0008b50 0094 0000 1045 0010 0040 0000 0e41 8508
0008b60 4202 050d c57c 040c 0004 0000 001c 0000
0008b70 0094 0000 1085 0010 0041 0000 0e41 8508
0008b80 4202 050d c57d 040c 0004 0000 001c 0000
0008b90 0094 0000 10c6 0010 0022 0000 0e41 8508
0008ba0 4202 050d c55e 040c 0004 0000 001c 0000
0008bb0 0094 0000 10e8 0010 0022 0000 0e41 8508
0008bc0 4202 050d c55e 040c 0004 0000 001c 0000
0008bd0 0094 0000 110a 0010 0025 0000 0e41 8508
0008be0 4202 050d c561 040c 0004 0000 001c 0000
0008bf0 0094 0000 112f 0010 0034 0000 0e41 8508
0008c00 4202 050d c570 040c 0004 0000 001c 0000
0008c10 0094 0000 1163 0010 008a 0000 0e41 8508
0008c20 4202 050d 8602 0cc5 0404 0000 001c 0000
0008c30 0094 0000 11ed 0010 0138 0000 0e41 8508
0008c40 4202 050d 3403 c501 040c 0004 0014 0000
0008c50 0094 0000 1325 0010 0076 0000 0e41 8508
0008c60 4202 050d 001c 0000 0094 0000 139b 0010
0008c70 001f 0000 0e41 8508 4202 050d c55b 040c
0008c80 0004 0000 001c 0000 0094 0000 13ba 0010
0008c90 005b 0000 0e41 8508 4202 050d 5702 0cc5
0008ca0 0404 0000 0014 0000 0094 0000 1415 0010
0008cb0 00af 0000 0e41 8508 4202 050d 0014 0000
0008cc0 0094 0000 14c4 0010 00cb 0000 0e41 8508
0008cd0 4202 050d 0014 0000 0094 0000 158f 0010
0008ce0 0261 0000 0e41 8508 4202 050d 0014 0000
0008cf0 0094 0000 17f0 0010 00c9 0000 0e41 8508
0008d00 4202 050d 001c 0000 0094 0000 18b9 0010
0008d10 004c 0000 0e41 8508 4202 050d 4802 0cc5
0008d20 0404 0000 001c 0000 0094 0000 1905 0010
0008d30 0011 0000 0e41 8508 4202 050d c54d 040c
0008d40 0004 0000 001c 0000 0094 0000 1916 0010
0008d50 0012 0000 0e41 8508 4202 050d c54e 040c
0008d60 0004 0000 001c 0000 0094 0000 1928 0010
0008d70 0012 0000 0e41 8508 4202 050d c54e 040c
0008d80 0004 0000 001c 0000 0094 0000 193a 0010
0008d90 000d 0000 0e41 8508 4202 050d c549 040c
0008da0 0004 0000 001c 0000 0094 0000 1947 0010
0008db0 0033 0000 0e41 8508 4202 050d c56f 040c
0008dc0 0004 0000 001c 0000 0094 0000 197a 0010
0008dd0 00a0 0000 0e41 8508 4202 050d 9c02 0cc5
0008de0 0404 0000 001c 0000 0094 0000 1a1a 0010
0008df0 00a5 0000 0e41 8508 4202 050d a102 0cc5
0008e00 0404 0000 001c 0000 0094 0000 1abf 0010
0008e10 00ba 0000 0e41 8508 4202 050d b602 0cc5
0008e20 0404 0000 0014 0000 0094 0000 1b79 0010
0008e30 0320 0000 0e41 8508 4202 050d 0014 0000
0008e40 0094 0000 1e99 0010 003f 0000 0e41 8508
0008e50 4202 050d 0010 0000 0094 0000 1ed8 0010
0008e60 001c 0000 0e57 0008 001c 0000 0094 0000
0008e70 1ef4 0010 0040 0000 0e41 8508 4202 050d
0008e80 c57c 040c 0004 0000 001c 0000 0094 0000
0008e90 1f34 0010 006a 0000 0e41 8508 4202 050d
0008ea0 6602 0cc5 0404 0000 0014 0000 0094 0000
0008eb0 1f9e 0010 063b 0000 0e41 8508 4202 050d
0008ec0 0010 0000 ffff ffff 0001 7c01 0c08 0404
0008ed0 0188 0000 001c 0000 0848 0000 25d9 0010
0008ee0 001f 0000 0e41 8508 4202 050d c55b 040c
0008ef0 0004 0000 001c 0000 0848 0000 25f8 0010
0008f00 001d 0000 0e41 8508 4202 050d c559 040c
0008f10 0004 0000 0024 0000 0848 0000 2615 0010
0008f20 0034 0000 0e41 8508 4202 050d 8745 8303
0008f30 6904 41c3 41c7 0cc5 0404 0000 0024 0000
0008f40 0848 0000 2649 0010 0034 0000 0e41 8508
0008f50 4202 050d 8645 8303 6904 41c3 41c6 0cc5
0008f60 0404 0000 001c 0000 0848 0000 267d 0010
0008f70 0037 0000 0e41 8508 4202 050d c573 040c
0008f80 0004 0000 001c 0000 0848 0000 26b4 0010
0008f90 004c 0000 0e41 8508 4202 050d 4802 0cc5
0008fa0 0404 0000 001c 0000 0848 0000 2700 0010
0008fb0 00c4 0000 0e41 8508 4202 050d c002 0cc5
0008fc0 0404 0000 001c 0000 0848 0000 27c4 0010
0008fd0 00db 0000 0e41 8508 4202 050d d702 0cc5
0008fe0 0404 0000 001c 0000 0848 0000 289f 0010
0008ff0 0006 0000 0e41 8508 4202 050d c542 040c
0009000 0004 0000 0013 0000 0005 0004 0000 0000
0009010 b804 f235 0435 35fd 36e9 0000 0000 0000
0009020 0000 0000 0000 0000 0000 0000 0001 0000
0009030 0000 0000 0000 0000 0004 fff1 000a 0000
0009040 1020 0040 0004 0000 0001 0005 0014 0000
0009050 00f7 0010 0028 0000 0002 0002 0019 0000
0009060 011f 0010 0020 0000 0002 0002 001d 0000
0009070 013f 0010 0015 0000 0002 0002 0025 0000
0009080 02a7 0010 006e 0000 0002 0002 0039 0000
0009090 0315 0010 0069 0000 0002 0002 0042 0000
00090a0 2d80 0010 0004 0000 0001 0003 0046 0000
00090b0 1024 0040 0004 0000 0001 0005 0051 0000
00090c0 1028 0040 0004 0000 0001 0005 005c 0000
00090d0 03a8 0010 0022 0000 0002 0002 0065 0000
00090e0 03ca 0010 006f 0000 0002 0002 0077 0000
00090f0 0439 0010 0074 0000 0002 0002 0081 0000
0009100 04ad 0010 0212 0000 0002 0002 008a 0000
0009110 06bf 0010 0048 0000 0002 0002 0094 0000
0009120 0707 0010 005f 0000 0002 0002 009f 0000
0009130 0766 0010 0097 0000 0002 0002 00ab 0000
0009140 07fd 0010 0066 0000 0002 0002 00b7 0000
0009150 0863 0010 007a 0000 0002 0002 00c2 0000
0009160 08dd 0010 002a 0000 0002 0002 00ce 0000
0009170 0907 0010 0027 0000 0002 0002 00d6 0000
0009180 092e 0010 0068 0000 0002 0002 00e2 0000
0009190 0996 0010 0105 0000 0002 0002 00f0 0000
00091a0 0a9b 0010 00fa 0000 0002 0002 0100 0000
00091b0 0b95 0010 003c 0000 0002 0002 012f 0000
00091c0 1040 0040 0030 0000 0001 0005 010d 0000
00091d0 1070 0040 0006 0000 0001 0005 0134 0000
00091e0 1080 0040 0800 0000 0001 0005 034d 0000
00091f0 1880 0040 0006 0000 0001 0005 0110 0000
0009200 18a0 0040 0068 0000 0001 0005 0114 0000
0009210 1910 0040 1000 0000 0001 0005 011b 0000
0009220 2910 0040 1000 0000 0001 0005 0126 0000
0009230 0dda 0010 0085 0000 0002 0002 012e 0000
0009240 0e5f 0010 000c 0000 0002 0002 0133 0000
0009250 0e6b 0010 000c 0000 0002 0002 0138 0000
0009260 0e77 0010 0017 0000 0002 0002 013c 0000
0009270 0e8e 0010 0014 0000 0002 0002 0145 0000
0009280 0ea2 0010 0014 0000 0002 0002 015a 0000
0009290 0eb6 0010 006a 0000 0002 0002 0167 0000
00092a0 0f20 0010 00db 0000 0002 0002 0171 0000
00092b0 0ffb 0010 004a 0000 0002 0002 018d 0000
00092c0 3910 0040 0004 0000 0001 0005 017a 0000
00092d0 3914 0040 0004 0000 0001 0005 017f 0000
00092e0 2e00 0010 0080 0000 0001 0003 0186 0000
00092f0 2e80 0010 0080 0000 0001 0003 0193 0000
0009300 3920 0040 0100 0000 0001 0005 0198 0000
0009310 3a20 0040 0004 0000 0001 0005 019e 0000
0009320 3a24 0040 0004 0000 0001 0005 01a4 0000
0009330 1045 0010 0040 0000 0002 0002 01ae 0000
0009340 1085 0010 0041 0000 0002 0002 01b7 0000
0009350 10c6 0010 0022 0000 0002 0002 01cc 0000
0009360 10e8 0010 0022 0000 0002 0002 01e1 0000
0009370 110a 0010 0025 0000 0002 0002 01f1 0000
0009380 112f 0010 0034 0000 0002 0002 0202 0000
0009390 1163 0010 008a 0000 0002 0002 0212 0000
00093a0 3a28 0040 0004 0000 0001 0005 021a 0000
00093b0 1905 0010 0011 0000 0002 0002 0223 0000
00093c0 1916 0010 0012 0000 0002 0002 022b 0000
00093d0 1928 0010 0012 0000 0002 0002 0233 0000
00093e0 193a 0010 000d 0000 0002 0002 023b 0000
00093f0 1947 0010 0033 0000 0002 0002 0247 0000
0009400 197a 0010 00a0 0000 0002 0002 025c 0000
0009410 1a1a 0010 00a5 0000 0002 0002 026e 0000
0009420 1abf 0010 00ba 0000 0002 0002 027d 0000
0009430 1b79 0010 0320 0000 0002 0002 0288 0000
0009440 1e99 0010 003f 0000 0002 0002 0297 0000
0009450 1ed8 0010 001c 0000 0002 0002 02a2 0000
0009460 0000 0000 0000 0000 0004 fff1 02ab 0000
0009470 0000 0000 0000 0000 0004 fff1 0014 0000
0009480 25d9 0010 001f 0000 0002 0002 0019 0000
0009490 25f8 0010 001d 0000 0002 0002 02ba 0000
00094a0 2615 0010 0034 0000 0002 0002 02bf 0000
00094b0 2649 0010 0034 0000 0002 0002 02c5 0000
00094c0 267d 0010 0037 0000 0002 0002 02d3 0000
00094d0 26b4 0010 004c 0000 0002 0002 02e0 0000
00094e0 2abb 0010 0000 0000 0010 0002 02e9 0000
00094f0 2c8d 0010 0000 0000 0010 0002 02f6 0000
0009500 2b2d 0010 0000 0000 0010 0002 0302 0000
0009510 1ef4 0010 0040 0000 0012 0002 030f 0000
0009520 2bd5 0010 0000 0000 0010 0002 031c 0000
0009530 2b07 0010 0000 0000 0010 0002 0325 0000
0009540 29fd 0010 0000 0000 0010 0002 032e 0000
0009550 2919 0010 0000 0000 0010 0002 0337 0000
0009560 293f 0010 0000 0000 0010 0002 0340 0000
0009570 1018 0040 0004 0000 0011 0005 0348 0000
0009580 1010 0040 0004 0000 0011 0005 0350 0000
0009590 2c21 0010 0000 0000 0010 0002 035d 0000
00095a0 000c 0010 003d 0000 0012 0002 0364 0000
00095b0 037e 0010 002a 0000 0012 0002 036a 0000
00095c0 2d0d 0010 0000 0000 0010 0002 0377 0000
00095d0 2c55 0010 0000 0000 0010 0002 0384 0000
00095e0 139b 0010 001f 0000 0012 0002 0390 0000
00095f0 2b5d 0010 0000 0000 0010 0002 039d 0000
0009600 289f 0010 0006 0000 0012 0002 03a6 0000
0009610 100c 0040 0002 0000 0011 0005 03b4 0000
0009620 33b4 0010 0004 0000 0011 0004 03bd 0000
0009630 2a23 0010 0000 0000 0010 0002 03c6 0000
0009640 2ba5 0010 0000 0000 0010 0002 03d3 0000
0009650 101c 0040 0002 0000 0011 0005 03da 0000
0009660 2d3d 0010 0000 0000 0010 0002 03e7 0000
0009670 158f 0010 0261 0000 0012 0002 03f0 0000
0009680 13ba 0010 005b 0000 0012 0002 03fe 0000
0009690 2a49 0010 0000 0000 0010 0002 0407 0000
00096a0 2ca7 0010 0000 0000 0010 0002 0414 0000
00096b0 1f9e 0010 063b 0000 0012 0002 0420 0000
00096c0 29b1 0010 0000 0000 0010 0002 0429 0000
00096d0 29d7 0010 0000 0000 0010 0002 0432 0000
00096e0 101e 0040 0002 0000 0011 0005 0439 0000
00096f0 2cd9 0010 0000 0000 0010 0002 0446 0000
0009700 0000 0010 000c 0000 0011 0001 0457 0000
0009710 18b9 0010 004c 0000 0012 0002 0468 0000
0009720 2c05 0010 0000 0000 0010 0002 0475 0000
0009730 11ed 0010 0138 0000 0012 0002 0484 0000
0009740 17f0 0010 00c9 0000 0012 0002 048d 0000
0009750 2700 0010 00c4 0000 0012 0002 0498 0000
0009760 1014 0040 0004 0000 0011 0005 022d 0000
0009770 0bd1 0010 0209 0000 0012 0002 04a3 0000
0009780 0077 0010 0058 0000 0012 0002 04aa 0000
0009790 2c71 0010 0000 0000 0010 0002 04b7 0000
00097a0 1000 0040 0004 0000 0011 0005 04c2 0000
00097b0 2cf5 0010 0000 0000 0010 0002 04cf 0000
00097c0 2b8d 0010 0000 0000 0010 0002 04dc 0000
00097d0 1325 0010 0076 0000 0012 0002 04ec 0000
00097e0 2a95 0010 0000 0000 0010 0002 04f5 0000
00097f0 0049 0010 002e 0000 0012 0002 04fc 0000
0009800 2b45 0010 0000 0000 0010 0002 0509 0000
0009810 2bed 0010 0000 0000 0010 0002 0516 0000
0009820 33b8 0010 0004 0000 0011 0004 051f 0000
0009830 27c4 0010 00db 0000 0012 0002 052b 0000
0009840 2ae1 0010 0000 0000 0010 0002 0534 0000
0009850 1004 0040 0002 0000 0011 0005 0541 0000
0009860 1415 0010 00af 0000 0012 0002 0554 0000
0009870 2d55 0010 0000 0000 0010 0002 0561 0000
0009880 0000 0040 1000 0000 0011 0005 056e 0000
0009890 2a6f 0010 0000 0000 0010 0002 0577 0000
00098a0 298b 0010 0000 0000 0010 0002 0580 0000
00098b0 2965 0010 0000 0000 0010 0002 0589 0000
00098c0 28df 0010 0000 0000 0010 0002 051a 0000
00098d0 3a2c 0040 0000 0000 0010 0005 059b 0000
00098e0 2c39 0010 0000 0000 0010 0002 05a8 0000
00098f0 2cc1 0010 0000 0000 0010 0002 05b5 0000
0009900 0154 0010 0153 0000 0012 0002 05bd 0000
0009910 0000 0010 0000 0000 0010 0001 05ca 0000
0009920 14c4 0010 00cb 0000 0012 0002 05db 0000
0009930 00cf 0010 0028 0000 0012 0002 05e2 0000
0009940 1f34 0010 006a 0000 0012 0002 05f2 0000
0009950 100e 0040 0002 0000 0011 0005 05fb 0000
0009960 28a5 0010 0000 0000 0010 0002 0605 0000
0009970 2bbd 0010 0000 0000 0010 0002 0612 0000
0009980 1008 0040 0004 0000 0011 0005 0620 0000
0009990 2b75 0010 0000 0000 0010 0002 062d 0000
00099a0 2d25 0010 0000 0000 0010 0002 6b00 7265
00099b0 656e 2e6c 0063 7266 6565 6c5f 7369 0074
00099c0 756f 6274 6900 626e 6900 5f6f 6177 7469
00099d0 6900 736e 7265 5f74 6c62 636f 5f6b 6f73
00099e0 7472 6465 6300 616f 656c 6373 0065 4756
00099f0 0041 7563 7372 726f 725f 776f 6300 7275
0009a00 6f73 5f72 6f63 006c 6776 5f61 6563 6c6c
0009a10 7600 6167 685f 5f77 7563 7372 726f 735f
0009a20 7465 7600 6167 635f 656c 7261 7600 6167
0009a30 705f 7475 0063 6776 5f61 7277 7469 0065
0009a40 7270 6e69 5f74 6568 3878 7000 6972 746e
0009a50 685f 7865 3631 7000 6972 746e 685f 7865
0009a60 3233 7300 6570 6b61 7265 6f5f 006e 7073
0009a70 6165 656b 5f72 666f 0066 7473 5f72 656c
0009a80 006e 6776 5f61 7570 7374 615f 0074 6776
0009a90 5f61 7570 6474 6365 615f 0074 6776 5f61
0009aa0 7570 6874 7865 3233 615f 0074 6177 7469
0009ab0 735f 6365 6e6f 7364 6700 0070 7374 0073
0009ac0 736b 6174 6b63 7500 6573 5f72 7473 6361
0009ad0 006b 6467 5f74 6573 0074 676c 7464 6c00
0009ae0 6469 0074 746c 0072 7473 5f72 6572 6461
0009af0 6c00 616f 5f64 656b 6e72 6c65 735f 6765
0009b00 656d 746e 0073 6469 5f74 6573 5f74 6167
0009b10 6574 7000 6369 725f 6d65 7061 7000 7469
0009b20 695f 696e 0074 6163 7370 6b00 7965 616d
0009b30 0070 656b 6d79 7061 735f 6968 7466 6b00
0009b40 7562 0066 686b 6165 0064 746b 6961 006c
0009b50 626b 6675 705f 7375 0068 626b 6675 705f
0009b60 706f 7000 3273 775f 6961 5f74 6e69 7570
0009b70 5f74 6c63 6165 0072 7370 5f32 6177 7469
0009b80 6f5f 7475 7570 5f74 7566 6c6c 7000 3273
0009b90 725f 6165 5f64 6f63 666e 6769 7000 3273
0009ba0 775f 6972 6574 635f 6e6f 6966 0067 656b
0009bb0 6279 616f 6472 655f 616e 6c62 0065 6974
0009bc0 6b63 2e73 0030 5f75 6572 6461 6863 7500
0009bd0 775f 6972 6574 7500 705f 6e61 6369 7500
0009be0 795f 6569 646c 6300 736f 5f68 6162 6e6e
0009bf0 7265 7300 6f68 5f77 7369 5f72 7473 6361
0009c00 5f6b 7270 626f 0065 6873 776f 735f 6174
0009c10 6b63 625f 756f 646e 0073 6873 776f 725f
0009c20 7465 665f 6172 656d 7500 6573 5f72 6873
0009c30 6c65 006c 6e65 6574 5f72 7375 7265 616c
0009c40 646e 7500 6573 5f72 6e65 7274 0079 7473
0009c50 6972 676e 632e 6200 6f6c 6b63 645f 7665
0009c60 6369 2e65 0063 6e69 7773 6f00 7475 7773
0009c70 6100 6174 775f 6961 5f74 7562 7973 6100
0009c80 6174 775f 6961 5f74 7264 0071 7269 5f71
0009c90 7830 4432 6900 7273 655f 6378 305f 3078
0009ca0 0044 7369 5f72 7973 6373 6c61 006c 6554
0009cb0 7473 4b5f 616d 6c6c 636f 6900 7273 655f
0009cc0 6378 305f 3078 0036 7269 5f71 7830 4632
0009cd0 6900 7172 305f 3278 0038 7269 5f71 7830
0009ce0 3232 6900 7172 305f 3278 0033 6572 5f74
0009cf0 7365 0070 6572 5f74 6965 0070 7369 5f72
0009d00 7865 5f63 7830 3930 6d00 6d65 7063 0079
0009d10 666b 6572 0065 7369 5f72 7865 5f63 7830
0009d20 3331 6900 7273 655f 6378 305f 3078 0042
0009d30 7269 5f71 6974 656d 5f72 0063 7369 5f72
0009d40 7865 5f63 7830 3130 6100 6174 695f 696e
0009d50 0074 7369 5f72 7270 626f 5f65 7063 006c
0009d60 6568 7061 705f 7274 6900 7172 305f 3278
0009d70 0039 7369 5f72 7865 5f63 7830 3430 7200
0009d80 7465 635f 0073 7369 5f72 7865 5f63 7830
0009d90 4531 6500 6378 675f 5f70 0063 7369 5f72
0009da0 7973 6373 6c61 5f6c 0063 7269 5f71 7830
0009db0 4132 6900 7273 655f 6378 305f 3078 0045
0009dc0 656b 6e72 6c65 6d5f 6961 006e 7269 5f71
0009dd0 7830 3632 6900 7172 305f 3278 0037 6572
0009de0 5f74 7373 6900 7273 655f 6378 305f 3178
0009df0 0031 756d 746c 6269 6f6f 5f74 6568 6461
0009e00 7265 7300 7379 6163 6c6c 645f 7369 6170
0009e10 6374 0068 7369 5f72 7865 5f63 7830 3830
0009e20 6b00 7965 6f62 7261 5f64 7369 5f72 0063
0009e30 7865 5f63 6670 635f 6100 6174 725f 6165
0009e40 3264 0038 6572 5f74 6665 616c 7367 6d00
0009e50 6d65 6d63 0070 7369 5f72 7865 5f63 7830
0009e60 4330 6d00 7261 656b 5f72 6f74 0070 7369
0009e70 5f72 7865 5f63 7830 3231 6900 7273 655f
0009e80 6378 305f 3078 0033 7269 5f71 6e75 6168
0009e90 646e 656c 5f64 0063 7269 5f71 7830 4332
0009ea0 6d00 6d65 6573 0074 7369 5f72 7865 5f63
0009eb0 7830 3030 6900 7273 655f 6378 305f 3078
0009ec0 0037 6568 7061 655f 646e 6100 6174 775f
0009ed0 6972 6574 3832 6900 7172 305f 3278 0045
0009ee0 7369 5f72 7270 626f 5f65 7373 6500 6378
0009ef0 635f 6d6f 6f6d 5f6e 6f6e 7265 5f72 0063
0009f00 7369 5f72 7865 5f63 7830 4631 6d00 7261
0009f10 656b 5f72 7473 6361 006b 7269 5f71 7830
0009f20 4232 6900 7172 305f 3278 0035 7269 5f71
0009f30 7830 3432 6900 7172 6b5f 7965 6f62 7261
0009f40 5f64 7473 6275 6900 7273 655f 6378 305f
0009f50 3078 0041 7369 5f72 7865 5f63 7830 3031
0009f60 6b00 616d 6c6c 636f 4b00 5245 454e 5f4c
0009f70 5453 5241 0054 7865 5f63 6f63 6d6d 6e6f
0009f80 655f 7272 635f 7300 7274 656c 006e 6554
0009f90 7473 425f 6b6c 445f 6972 6576 0072 7274
0009fa0 705f 6f72 6562 6900 7172 745f 6d69 7265
0009fb0 6900 7273 655f 6378 305f 3078 0035 7369
0009fc0 5f72 7270 626f 5f65 7365 0070 7369 5f72
0009fd0 7865 5f63 7830 3230 6900 7273 655f 6378
0009fe0 305f 3178 0044 2e00 7973 746d 6261 2e00
0009ff0 7473 7472 6261 2e00 6873 7473 7472 6261
000a000 2e00 756d 746c 6269 6f6f 0074 742e 7865
000a010 0074 722e 646f 7461 0061 642e 7461 0061
000a020 622e 7373 2e00 6564 7562 5f67 6e69 6f66
000a030 2e00 6564 7562 5f67 6261 7262 7665 2e00
000a040 6564 7562 5f67 7261 6e61 6567 0073 642e
000a050 6265 6775 6c5f 6e69 0065 642e 6265 6775
000a060 735f 7274 2e00 6564 7562 5f67 696c 656e
000a070 735f 7274 2e00 6f63 6d6d 6e65 0074 642e
000a080 6265 6775 665f 6172 656d 2e00 6564 7562
000a090 5f67 6e72 6c67 7369 7374 0000 0000 0000
000a0a0 0000 0000 0000 0000 0000 0000 0000 0000
*
000a0c0 0000 0000 001b 0000 0001 0000 0002 0000
000a0d0 0000 0010 1000 0000 000c 0000 0000 0000
000a0e0 0000 0000 0004 0000 0000 0000 0026 0000
000a0f0 0001 0000 0006 0000 000c 0010 100c 0000
000a100 2d61 0000 0000 0000 0000 0000 0001 0000
000a110 0000 0000 002c 0000 0001 0000 0002 0000
000a120 2d80 0010 3d80 0000 0632 0000 0000 0000
000a130 0000 0000 0020 0000 0000 0000 0034 0000
000a140 0001 0000 0003 0000 33b4 0010 43b4 0000
000a150 0008 0000 0000 0000 0000 0000 0004 0000
000a160 0000 0000 003a 0000 0008 0000 0003 0000
000a170 0000 0040 5000 0000 3a2c 0000 0000 0000
000a180 0000 0000 0020 0000 0000 0000 003f 0000
000a190 0001 0000 0000 0000 0000 0000 43bc 0000
000a1a0 1c29 0000 0000 0000 0000 0000 0001 0000
000a1b0 0000 0000 004b 0000 0001 0000 0000 0000
000a1c0 0000 0000 5fe5 0000 0690 0000 0000 0000
000a1d0 0000 0000 0001 0000 0000 0000 0059 0000
000a1e0 0001 0000 0000 0000 0000 0000 6678 0000
000a1f0 0080 0000 0000 0000 0000 0000 0008 0000
000a200 0000 0000 0068 0000 0001 0000 0000 0000
000a210 0000 0000 66f8 0000 1548 0000 0000 0000
000a220 0000 0000 0001 0000 0000 0000 0074 0000
000a230 0001 0000 0030 0000 0000 0000 7c40 0000
000a240 095f 0000 0000 0000 0000 0000 0001 0000
000a250 0001 0000 007f 0000 0001 0000 0030 0000
000a260 0000 0000 859f 0000 00b8 0000 0000 0000
000a270 0000 0000 0001 0000 0001 0000 008f 0000
000a280 0001 0000 0030 0000 0000 0000 8657 0000
000a290 001f 0000 0000 0000 0000 0000 0001 0000
000a2a0 0001 0000 0098 0000 0001 0000 0000 0000
000a2b0 0000 0000 8678 0000 098c 0000 0000 0000
000a2c0 0000 0000 0004 0000 0000 0000 00a5 0000
000a2d0 0001 0000 0000 0000 0000 0000 9004 0000
000a2e0 0017 0000 0000 0000 0000 0000 0001 0000
000a2f0 0000 0000 0001 0000 0002 0000 0000 0000
000a300 0000 0000 901c 0000 0990 0000 0010 0000
000a310 004c 0000 0004 0000 0010 0000 0009 0000
000a320 0003 0000 0000 0000 0000 0000 99ac 0000
000a330 063a 0000 0000 0000 0000 0000 0001 0000
000a340 0000 0000 0011 0000 0003 0000 0000 0000
000a350 0000 0000 9fe6 0000 00b5 0000 0000 0000
000a360 0000 0000 0001 0000 0000 0000          
000a36c
