00000000: 7f45 4c46 0101 0100 0000 0000 0000 0000  .ELF............
00000010: 0200 0300 0100 0000 9e1f 1000 3400 0000  ............4...
00000020: 9ca0 0000 0000 0000 3400 2000 0300 2800  ........4. ...(.
00000030: 1200 1100 0100 0000 0010 0000 0000 1000  ................
00000040: 0000 1000 bc33 0000 bc33 0000 0700 0000  .....3...3......
00000050: 0010 0000 0100 0000 0000 0000 0000 4000  ..............@.
00000060: 0000 4000 0000 0000 2c3a 0000 0600 0000  ..@.....,:......
00000070: 0010 0000 51e5 7464 0000 0000 0000 0000  ....Q.td........
00000080: 0000 0000 0000 0000 0000 0000 0600 0000  ................
00000090: 1000 0000 0000 0000 0000 0000 0000 0000  ................
000000a0: 0000 0000 0000 0000 0000 0000 0000 0000  ................
000000b0: 0000 0000 0000 0000 0000 0000 0000 0000  ................
000000c0: 0000 0000 0000 0000 0000 0000 0000 0000  ................
000000d0: 0000 0000 0000 0000 0000 0000 0000 0000  ................
000000e0: 0000 0000 0000 0000 0000 0000 0000 0000  ................
000000f0: 0000 0000 0000 0000 0000 0000 0000 0000  ................
00000100: 0000 0000 0000 0000 0000 0000 0000 0000  ................
00000110: 0000 0000 0000 0000 0000 0000 0000 0000  ................
00000120: 0000 0000 0000 0000 0000 0000 0000 0000  ................
00000130: 0000 0000 0000 0000 0000 0000 0000 0000  ................
00000140: 0000 0000 0000 0000 0000 0000 0000 0000  ................
00000150: 0000 0000 0000 0000 0000 0000 0000 0000  ................
00000160: 0000 0000 0000 0000 0000 0000 0000 0000  ................
00000170: 0000 0000 0000 0000 0000 0000 0000 0000  ................
00000180: 0000 0000 0000 0000 0000 0000 0000 0000  ................
00000190: 0000 0000 0000 0000 0000 0000 0000 0000  ................
000001a0: 0000 0000 0000 0000 0000 0000 0000 0000  ................
000001b0: 0000 0000 0000 0000 0000 0000 0000 0000  ................
000001c0: 0000 0000 0000 0000 0000 0000 0000 0000  ................
000001d0: 0000 0000 0000 0000 0000 0000 0000 0000  ................
000001e0: 0000 0000 0000 0000 0000 0000 0000 0000  ................
000001f0: 0000 0000 0000 0000 0000 0000 0000 0000  ................
00000200: 0000 0000 0000 0000 0000 0000 0000 0000  ................
00000210: 0000 0000 0000 0000 0000 0000 0000 0000  ................
00000220: 0000 0000 0000 0000 0000 0000 0000 0000  ................
00000230: 0000 0000 0000 0000 0000 0000 0000 0000  ................
00000240: 0000 0000 0000 0000 0000 0000 0000 0000  ................
00000250: 0000 0000 0000 0000 0000 0000 0000 0000  ................
00000260: 0000 0000 0000 0000 0000 0000 0000 0000  ................
00000270: 0000 0000 0000 0000 0000 0000 0000 0000  ................
00000280: 0000 0000 0000 0000 0000 0000 0000 0000  ................
00000290: 0000 0000 0000 0000 0000 0000 0000 0000  ................
000002a0: 0000 0000 0000 0000 0000 0000 0000 0000  ................
000002b0: 0000 0000 0000 0000 0000 0000 0000 0000  ................
000002c0: 0000 0000 0000 0000 0000 0000 0000 0000  ................
000002d0: 0000 0000 0000 0000 0000 0000 0000 0000  ................
000002e0: 0000 0000 0000 0000 0000 0000 0000 0000  ................
000002f0: 0000 0000 0000 0000 0000 0000 0000 0000  ................
00000300: 0000 0000 0000 0000 0000 0000 0000 0000  ................
00000310: 0000 0000 0000 0000 0000 0000 0000 0000  ................
00000320: 0000 0000 0000 0000 0000 0000 0000 0000  ................
00000330: 0000 0000 0000 0000 0000 0000 0000 0000  ................
00000340: 0000 0000 0000 0000 0000 0000 0000 0000  ................
00000350: 0000 0000 0000 0000 0000 0000 0000 0000  ................
00000360: 0000 0000 0000 0000 0000 0000 0000 0000  ................
00000370: 0000 0000 0000 0000 0000 0000 0000 0000  ................
00000380: 0000 0000 0000 0000 0000 0000 0000 0000  ................
00000390: 0000 0000 0000 0000 0000 0000 0000 0000  ................
000003a0: 0000 0000 0000 0000 0000 0000 0000 0000  ................
000003b0: 0000 0000 0000 0000 0000 0000 0000 0000  ................
000003c0: 0000 0000 0000 0000 0000 0000 0000 0000  ................
000003d0: 0000 0000 0000 0000 0000 0000 0000 0000  ................
000003e0: 0000 0000 0000 0000 0000 0000 0000 0000  ................
000003f0: 0000 0000 0000 0000 0000 0000 0000 0000  ................
00000400: 0000 0000 0000 0000 0000 0000 0000 0000  ................
00000410: 0000 0000 0000 0000 0000 0000 0000 0000  ................
00000420: 0000 0000 0000 0000 0000 0000 0000 0000  ................
00000430: 0000 0000 0000 0000 0000 0000 0000 0000  ................
00000440: 0000 0000 0000 0000 0000 0000 0000 0000  ................
00000450: 0000 0000 0000 0000 0000 0000 0000 0000  ................
00000460: 0000 0000 0000 0000 0000 0000 0000 0000  ................
00000470: 0000 0000 0000 0000 0000 0000 0000 0000  ................
00000480: 0000 0000 0000 0000 0000 0000 0000 0000  ................
00000490: 0000 0000 0000 0000 0000 0000 0000 0000  ................
000004a0: 0000 0000 0000 0000 0000 0000 0000 0000  ................
000004b0: 0000 0000 0000 0000 0000 0000 0000 0000  ................
000004c0: 0000 0000 0000 0000 0000 0000 0000 0000  ................
000004d0: 0000 0000 0000 0000 0000 0000 0000 0000  ................
000004e0: 0000 0000 0000 0000 0000 0000 0000 0000  ................
000004f0: 0000 0000 0000 0000 0000 0000 0000 0000  ................
00000500: 0000 0000 0000 0000 0000 0000 0000 0000  ................
00000510: 0000 0000 0000 0000 0000 0000 0000 0000  ................
00000520: 0000 0000 0000 0000 0000 0000 0000 0000  ................
00000530: 0000 0000 0000 0000 0000 0000 0000 0000  ................
00000540: 0000 0000 0000 0000 0000 0000 0000 0000  ................
00000550: 0000 0000 0000 0000 0000 0000 0000 0000  ................
00000560: 0000 0000 0000 0000 0000 0000 0000 0000  ................
00000570: 0000 0000 0000 0000 0000 0000 0000 0000  ................
00000580: 0000 0000 0000 0000 0000 0000 0000 0000  ................
00000590: 0000 0000 0000 0000 0000 0000 0000 0000  ................
000005a0: 0000 0000 0000 0000 0000 0000 0000 0000  ................
000005b0: 0000 0000 0000 0000 0000 0000 0000 0000  ................
000005c0: 0000 0000 0000 0000 0000 0000 0000 0000  ................
000005d0: 0000 0000 0000 0000 0000 0000 0000 0000  ................
000005e0: 0000 0000 0000 0000 0000 0000 0000 0000  ................
000005f0: 0000 0000 0000 0000 0000 0000 0000 0000  ................
00000600: 0000 0000 0000 0000 0000 0000 0000 0000  ................
00000610: 0000 0000 0000 0000 0000 0000 0000 0000  ................
00000620: 0000 0000 0000 0000 0000 0000 0000 0000  ................
00000630: 0000 0000 0000 0000 0000 0000 0000 0000  ................
00000640: 0000 0000 0000 0000 0000 0000 0000 0000  ................
00000650: 0000 0000 0000 0000 0000 0000 0000 0000  ................
00000660: 0000 0000 0000 0000 0000 0000 0000 0000  ................
00000670: 0000 0000 0000 0000 0000 0000 0000 0000  ................
00000680: 0000 0000 0000 0000 0000 0000 0000 0000  ................
00000690: 0000 0000 0000 0000 0000 0000 0000 0000  ................
000006a0: 0000 0000 0000 0000 0000 0000 0000 0000  ................
000006b0: 0000 0000 0000 0000 0000 0000 0000 0000  ................
000006c0: 0000 0000 0000 0000 0000 0000 0000 0000  ................
000006d0: 0000 0000 0000 0000 0000 0000 0000 0000  ................
000006e0: 0000 0000 0000 0000 0000 0000 0000 0000  ................
000006f0: 0000 0000 0000 0000 0000 0000 0000 0000  ................
00000700: 0000 0000 0000 0000 0000 0000 0000 0000  ................
00000710: 0000 0000 0000 0000 0000 0000 0000 0000  ................
00000720: 0000 0000 0000 0000 0000 0000 0000 0000  ................
00000730: 0000 0000 0000 0000 0000 0000 0000 0000  ................
00000740: 0000 0000 0000 0000 0000 0000 0000 0000  ................
00000750: 0000 0000 0000 0000 0000 0000 0000 0000  ................
00000760: 0000 0000 0000 0000 0000 0000 0000 0000  ................
00000770: 0000 0000 0000 0000 0000 0000 0000 0000  ................
00000780: 0000 0000 0000 0000 0000 0000 0000 0000  ................
00000790: 0000 0000 0000 0000 0000 0000 0000 0000  ................
000007a0: 0000 0000 0000 0000 0000 0000 0000 0000  ................
000007b0: 0000 0000 0000 0000 0000 0000 0000 0000  ................
000007c0: 0000 0000 0000 0000 0000 0000 0000 0000  ................
000007d0: 0000 0000 0000 0000 0000 0000 0000 0000  ................
000007e0: 0000 0000 0000 0000 0000 0000 0000 0000  ................
000007f0: 0000 0000 0000 0000 0000 0000 0000 0000  ................
00000800: 0000 0000 0000 0000 0000 0000 0000 0000  ................
00000810: 0000 0000 0000 0000 0000 0000 0000 0000  ................
00000820: 0000 0000 0000 0000 0000 0000 0000 0000  ................
00000830: 0000 0000 0000 0000 0000 0000 0000 0000  ................
00000840: 0000 0000 0000 0000 0000 0000 0000 0000  ................
00000850: 0000 0000 0000 0000 0000 0000 0000 0000  ................
00000860: 0000 0000 0000 0000 0000 0000 0000 0000  ................
00000870: 0000 0000 0000 0000 0000 0000 0000 0000  ................
00000880: 0000 0000 0000 0000 0000 0000 0000 0000  ................
00000890: 0000 0000 0000 0000 0000 0000 0000 0000  ................
000008a0: 0000 0000 0000 0000 0000 0000 0000 0000  ................
000008b0: 0000 0000 0000 0000 0000 0000 0000 0000  ................
000008c0: 0000 0000 0000 0000 0000 0000 0000 0000  ................
000008d0: 0000 0000 0000 0000 0000 0000 0000 0000  ................
000008e0: 0000 0000 0000 0000 0000 0000 0000 0000  ................
000008f0: 0000 0000 0000 0000 0000 0000 0000 0000  ................
00000900: 0000 0000 0000 0000 0000 0000 0000 0000  ................
00000910: 0000 0000 0000 0000 0000 0000 0000 0000  ................
00000920: 0000 0000 0000 0000 0000 0000 0000 0000  ................
00000930: 0000 0000 0000 0000 0000 0000 0000 0000  ................
00000940: 0000 0000 0000 0000 0000 0000 0000 0000  ................
00000950: 0000 0000 0000 0000 0000 0000 0000 0000  ................
00000960: 0000 0000 0000 0000 0000 0000 0000 0000  ................
00000970: 0000 0000 0000 0000 0000 0000 0000 0000  ................
00000980: 0000 0000 0000 0000 0000 0000 0000 0000  ................
00000990: 0000 0000 0000 0000 0000 0000 0000 0000  ................
000009a0: 0000 0000 0000 0000 0000 0000 0000 0000  ................
000009b0: 0000 0000 0000 0000 0000 0000 0000 0000  ................
000009c0: 0000 0000 0000 0000 0000 0000 0000 0000  ................
000009d0: 0000 0000 0000 0000 0000 0000 0000 0000  ................
000009e0: 0000 0000 0000 0000 0000 0000 0000 0000  ................
000009f0: 0000 0000 0000 0000 0000 0000 0000 0000  ................
00000a00: 0000 0000 0000 0000 0000 0000 0000 0000  ................
00000a10: 0000 0000 0000 0000 0000 0000 0000 0000  ................
00000a20: 0000 0000 0000 0000 0000 0000 0000 0000  ................
00000a30: 0000 0000 0000 0000 0000 0000 0000 0000  ................
00000a40: 0000 0000 0000 0000 0000 0000 0000 0000  ................
00000a50: 0000 0000 0000 0000 0000 0000 0000 0000  ................
00000a60: 0000 0000 0000 0000 0000 0000 0000 0000  ................
00000a70: 0000 0000 0000 0000 0000 0000 0000 0000  ................
00000a80: 0000 0000 0000 0000 0000 0000 0000 0000  ................
00000a90: 0000 0000 0000 0000 0000 0000 0000 0000  ................
00000aa0: 0000 0000 0000 0000 0000 0000 0000 0000  ................
00000ab0: 0000 0000 0000 0000 0000 0000 0000 0000  ................
00000ac0: 0000 0000 0000 0000 0000 0000 0000 0000  ................
00000ad0: 0000 0000 0000 0000 0000 0000 0000 0000  ................
00000ae0: 0000 0000 0000 0000 0000 0000 0000 0000  ................
00000af0: 0000 0000 0000 0000 0000 0000 0000 0000  ................
00000b00: 0000 0000 0000 0000 0000 0000 0000 0000  ................
00000b10: 0000 0000 0000 0000 0000 0000 0000 0000  ................
00000b20: 0000 0000 0000 0000 0000 0000 0000 0000  ................
00000b30: 0000 0000 0000 0000 0000 0000 0000 0000  ................
00000b40: 0000 0000 0000 0000 0000 0000 0000 0000  ................
00000b50: 0000 0000 0000 0000 0000 0000 0000 0000  ................
00000b60: 0000 0000 0000 0000 0000 0000 0000 0000  ................
00000b70: 0000 0000 0000 0000 0000 0000 0000 0000  ................
00000b80: 0000 0000 0000 0000 0000 0000 0000 0000  ................
00000b90: 0000 0000 0000 0000 0000 0000 0000 0000  ................
00000ba0: 0000 0000 0000 0000 0000 0000 0000 0000  ................
00000bb0: 0000 0000 0000 0000 0000 0000 0000 0000  ................
00000bc0: 0000 0000 0000 0000 0000 0000 0000 0000  ................
00000bd0: 0000 0000 0000 0000 0000 0000 0000 0000  ................
00000be0: 0000 0000 0000 0000 0000 0000 0000 0000  ................
00000bf0: 0000 0000 0000 0000 0000 0000 0000 0000  ................
00000c00: 0000 0000 0000 0000 0000 0000 0000 0000  ................
00000c10: 0000 0000 0000 0000 0000 0000 0000 0000  ................
00000c20: 0000 0000 0000 0000 0000 0000 0000 0000  ................
00000c30: 0000 0000 0000 0000 0000 0000 0000 0000  ................
00000c40: 0000 0000 0000 0000 0000 0000 0000 0000  ................
00000c50: 0000 0000 0000 0000 0000 0000 0000 0000  ................
00000c60: 0000 0000 0000 0000 0000 0000 0000 0000  ................
00000c70: 0000 0000 0000 0000 0000 0000 0000 0000  ................
00000c80: 0000 0000 0000 0000 0000 0000 0000 0000  ................
00000c90: 0000 0000 0000 0000 0000 0000 0000 0000  ................
00000ca0: 0000 0000 0000 0000 0000 0000 0000 0000  ................
00000cb0: 0000 0000 0000 0000 0000 0000 0000 0000  ................
00000cc0: 0000 0000 0000 0000 0000 0000 0000 0000  ................
00000cd0: 0000 0000 0000 0000 0000 0000 0000 0000  ................
00000ce0: 0000 0000 0000 0000 0000 0000 0000 0000  ................
00000cf0: 0000 0000 0000 0000 0000 0000 0000 0000  ................
00000d00: 0000 0000 0000 0000 0000 0000 0000 0000  ................
00000d10: 0000 0000 0000 0000 0000 0000 0000 0000  ................
00000d20: 0000 0000 0000 0000 0000 0000 0000 0000  ................
00000d30: 0000 0000 0000 0000 0000 0000 0000 0000  ................
00000d40: 0000 0000 0000 0000 0000 0000 0000 0000  ................
00000d50: 0000 0000 0000 0000 0000 0000 0000 0000  ................
00000d60: 0000 0000 0000 0000 0000 0000 0000 0000  ................
00000d70: 0000 0000 0000 0000 0000 0000 0000 0000  ................
00000d80: 0000 0000 0000 0000 0000 0000 0000 0000  ................
00000d90: 0000 0000 0000 0000 0000 0000 0000 0000  ................
00000da0: 0000 0000 0000 0000 0000 0000 0000 0000  ................
00000db0: 0000 0000 0000 0000 0000 0000 0000 0000  ................
00000dc0: 0000 0000 0000 0000 0000 0000 0000 0000  ................
00000dd0: 0000 0000 0000 0000 0000 0000 0000 0000  ................
00000de0: 0000 0000 0000 0000 0000 0000 0000 0000  ................
00000df0: 0000 0000 0000 0000 0000 0000 0000 0000  ................
00000e00: 0000 0000 0000 0000 0000 0000 0000 0000  ................
00000e10: 0000 0000 0000 0000 0000 0000 0000 0000  ................
00000e20: 0000 0000 0000 0000 0000 0000 0000 0000  ................
00000e30: 0000 0000 0000 0000 0000 0000 0000 0000  ................
00000e40: 0000 0000 0000 0000 0000 0000 0000 0000  ................
00000e50: 0000 0000 0000 0000 0000 0000 0000 0000  ................
00000e60: 0000 0000 0000 0000 0000 0000 0000 0000  ................
00000e70: 0000 0000 0000 0000 0000 0000 0000 0000  ................
00000e80: 0000 0000 0000 0000 0000 0000 0000 0000  ................
00000e90: 0000 0000 0000 0000 0000 0000 0000 0000  ................
00000ea0: 0000 0000 0000 0000 0000 0000 0000 0000  ................
00000eb0: 0000 0000 0000 0000 0000 0000 0000 0000  ................
00000ec0: 0000 0000 0000 0000 0000 0000 0000 0000  ................
00000ed0: 0000 0000 0000 0000 0000 0000 0000 0000  ................
00000ee0: 0000 0000 0000 0000 0000 0000 0000 0000  ................
00000ef0: 0000 0000 0000 0000 0000 0000 0000 0000  ................
00000f00: 0000 0000 0000 0000 0000 0000 0000 0000  ................
00000f10: 0000 0000 0000 0000 0000 0000 0000 0000  ................
00000f20: 0000 0000 0000 0000 0000 0000 0000 0000  ................
00000f30: 0000 0000 0000 0000 0000 0000 0000 0000  ................
00000f40: 0000 0000 0000 0000 0000 0000 0000 0000  ................
00000f50: 0000 0000 0000 0000 0000 0000 0000 0000  ................
00000f60: 0000 0000 0000 0000 0000 0000 0000 0000  ................
00000f70: 0000 0000 0000 0000 0000 0000 0000 0000  ................
00000f80: 0000 0000 0000 0000 0000 0000 0000 0000  ................
00000f90: 0000 0000 0000 0000 0000 0000 0000 0000  ................
00000fa0: 0000 0000 0000 0000 0000 0000 0000 0000  ................
00000fb0: 0000 0000 0000 0000 0000 0000 0000 0000  ................
00000fc0: 0000 0000 0000 0000 0000 0000 0000 0000  ................
00000fd0: 0000 0000 0000 0000 0000 0000 0000 0000  ................
00000fe0: 0000 0000 0000 0000 0000 0000 0000 0000  ................
00000ff0: 0000 0000 0000 0000 0000 0000 0000 0000  ................
00001000: 02b0 ad1b 0000 0000 fe4f 52e4 5589 e583  .........OR.U...
00001010: ec10 8b45 0889 45fc 8b45 0c89 45f8 eb17  ...E..E..E..E...
00001020: 8b55 f88d 4201 8945 f88b 45fc 8d48 0189  .U..B..E..E..H..
00001030: 4dfc 0fb6 1288 108b 4510 8d50 ff89 5510  M.......E..P..U.
00001040: 85c0 75dc 8b45 08c9 c355 89e5 83ec 108b  ..u..E...U......
00001050: 4508 8945 fceb 0e8b 45fc 8d50 0189 55fc  E..E....E..P..U.
00001060: 8b55 0c88 108b 4510 8d50 ff89 5510 85c0  .U....E..P..U...
00001070: 75e5 8b45 08c9 c355 89e5 83ec 108b 4508  u..E...U......E.
00001080: 8945 fc8b 450c 8945 f8eb 2e8b 45fc 0fb6  .E..E..E....E...
00001090: 108b 45f8 0fb6 0038 c274 168b 45fc 0fb6  ..E....8.t..E...
000010a0: 000f b6d0 8b45 f80f b600 0fb6 c029 c2eb  .....E.......)..
000010b0: 1a83 45fc 0183 45f8 018b 4510 8d50 ff89  ..E...E...E..P..
000010c0: 5510 85c0 75c5 ba00 0000 0089 d0c9 c355  U...u..........U
000010d0: 89e5 83ec 10c7 45fc 0000 0000 eb04 8345  ......E........E
000010e0: fc01 8b45 088d 5001 8955 080f b600 84c0  ...E..P..U......
000010f0: 75ec 8b45 fcc9 c355 89e5 5383 ec08 8b55  u..E...U..S....U
00001100: 088b 450c 6689 55f8 8845 f40f b74d f80f  ..E.f.U..E...M..
00001110: b65d f466 89ca 88d8 ee90 8b5d fcc9 c355  .].f.......]...U
00001120: 89e5 83ec 148b 4508 6689 45ec 0fb7 4dec  ......E.f.E...M.
00001130: 6689 caec 88c1 884d ff0f b645 ffc9 c355  f......M...E...U
00001140: 89e5 6a00 6880 0000 00e8 a9ff ffff 83c4  ..j.h...........
00001150: 0890 c9c3 5589 e583 ec20 837d 0800 750a  ....U.... .}..u.
00001160: b800 0000 00e9 3b01 0000 8b45 0883 c007  ......;....E....
00001170: 83e0 f889 4508 8b45 0883 c008 8945 f4c7  ....E..E.....E..
00001180: 45fc 2010 4000 a120 1040 0089 45f8 e998  E. .@.. .@..E...
00001190: 0000 008b 45f8 8b00 3b45 f472 7c8b 45f8  ....E...;E.r|.E.
000011a0: 8b00 2b45 f489 45ec 837d ec0f 7631 8b55  ..+E..E..}..v1.U
000011b0: f88b 45f4 01d0 8945 e88b 45e8 8b55 ec89  ..E....E..E..U..
000011c0: 108b 45f8 8b50 048b 45e8 8950 048b 45fc  ..E..P..E..P..E.
000011d0: 8b55 e889 108b 45f8 8b55 f489 10eb 0b8b  .U....E..U......
000011e0: 45f8 8b50 048b 45fc 8910 a100 1040 003d  E..P..E......@.=
000011f0: ff03 0000 7f18 a100 1040 008d 5001 8915  .........@..P...
00001200: 0010 4000 8b55 f889 1485 0000 4000 8b45  ..@..U......@..E
00001210: f883 c008 e98c 0000 008b 45f8 83c0 0489  ..........E.....
00001220: 45fc 8b45 f88b 4004 8945 f883 7df8 000f  E..E..@..E..}...
00001230: 855e ffff ff8b 15b4 3310 008b 45f4 01d0  .^......3...E...
00001240: 8b15 b833 1000 39c2 7307 b800 0000 00eb  ...3..9.s.......
00001250: 54a1 b433 1000 8945 f08b 45f0 8b55 f489  T..3...E..E..U..
00001260: 108b 45f0 c740 0400 0000 00a1 0010 4000  ..E..@........@.
00001270: 3dff 0300 007f 18a1 0010 4000 8d50 0189  =.........@..P..
00001280: 1500 1040 008b 55f0 8914 8500 0040 008b  ...@..U......@..
00001290: 15b4 3310 008b 45f4 01d0 a3b4 3310 008b  ..3...E.....3...
000012a0: 45f0 83c0 08c9 c355 89e5 83ec 10a1 2010  E......U...... .
000012b0: 4000 85c0 740a a120 1040 0039 4508 7316  @...t.. .@.9E.s.
000012c0: 8b15 2010 4000 8b45 0889 5004 8b45 08a3  .. .@..E..P..E..
000012d0: 2010 4000 eb3d a120 1040 0089 45fc eb09   .@..=. .@..E...
000012e0: 8b45 fc8b 4004 8945 fc8b 45fc 8b40 0485  .E..@..E..E..@..
000012f0: c074 0b8b 45fc 8b40 043b 4508 72e2 8b45  .t..E..@.;E.r..E
00001300: fc8b 5004 8b45 0889 5004 8b45 fc8b 5508  ..P..E..P..E..U.
00001310: 8950 04c9 c355 89e5 83ec 10a1 2010 4000  .P...U...... .@.
00001320: 8945 fceb 468b 45fc 8b10 8b45 fc01 d089  .E..F.E....E....
00001330: 45f8 8b45 fc8b 4004 3945 f875 258b 45fc  E..E..@.9E.u%.E.
00001340: 8b10 8b45 fc8b 4004 8b00 01c2 8b45 fc89  ...E..@......E..
00001350: 108b 45fc 8b40 048b 5004 8b45 fc89 5004  ..E..@..P..E..P.
00001360: eb09 8b45 fc8b 4004 8945 fc83 7dfc 0074  ...E..@..E..}..t
00001370: 0a8b 45fc 8b40 0485 c075 aa90 c9c3 5589  ..E..@...u....U.
00001380: e583 ec10 837d 0800 741b 8b45 0883 e808  .....}..t..E....
00001390: 8945 fcff 75fc e80c ffff ff83 c404 e872  .E..u..........r
000013a0: ffff ffeb 0190 c9c3 5589 e583 ec08 8b55  ........U......U
000013b0: 088b 450c 8855 fc88 45f8 660f be55 fc0f  ..E..U..E.f..U..
000013c0: b645 f8c1 e008 09d0 c9c3 5589 e583 ec10  .E........U.....
000013d0: 8b45 0889 c289 d0c1 e002 01d0 c1e0 0489  .E..............
000013e0: c28b 450c 01d0 6689 45fe 6a0f 68d4 0300  ..E...f.E.j.h...
000013f0: 00e8 01fd ffff 83c4 080f b745 fe0f b6c0  ...........E....
00001400: 5068 d503 0000 e8ec fcff ff83 c408 6a10  Ph............j.
00001410: 68d4 0300 00e8 ddfc ffff 83c4 080f b745  h..............E
00001420: fe66 c1e8 080f b6c0 5068 d503 0000 e8c4  .f......Ph......
00001430: fcff ff83 c408 90c9 c355 89e5 83ec 148b  .........U......
00001440: 4508 8845 ec0f b645 ec50 6a20 e857 ffff  E..E...E.Pj .W..
00001450: ff83 c408 6689 45fa c745 fc00 0000 00eb  ....f.E..E......
00001460: 17ba 0080 0b00 8b45 fc01 c001 c20f b745  .......E.......E
00001470: fa66 8902 8345 fc01 817d fccf 0700 007e  .f...E...}.....~
00001480: e0c7 0524 1040 0000 0000 00c7 0528 1040  ...$.@.......(.@
00001490: 0000 0000 008b 1528 1040 00a1 2410 4000  .......(.@..$.@.
000014a0: 5250 e823 ffff ff83 c408 90c9 c355 89e5  RP.#.........U..
000014b0: 5653 83ec 188b 5508 8b45 0c88 55e4 8845  VS....U..E..U..E
000014c0: e080 7de4 0a75 1ca1 2410 4000 83c0 01a3  ..}..u..$.@.....
000014d0: 2410 4000 c705 2810 4000 0000 0000 e909  $.@...(.@.......
000014e0: 0100 0080 7de4 0d75 0fc7 0528 1040 0000  ....}..u...(.@..
000014f0: 0000 00e9 f400 0000 807d e409 7515 a128  .........}..u..(
00001500: 1040 0083 c004 83e0 fca3 2810 4000 e9d9  .@........(.@...
00001510: 0000 0080 7de4 0875 6ea1 2810 4000 85c0  ....}..un.(.@...
00001520: 7e0f a128 1040 0083 e801 a328 1040 00eb  ~..(.@.....(.@..
00001530: 20a1 2410 4000 85c0 7e17 a124 1040 0083   .$.@...~..$.@..
00001540: e801 a324 1040 00c7 0528 1040 004f 0000  ...$.@...(.@.O..
00001550: 000f b64d e0bb 0080 0b00 8b15 2410 4000  ...M........$.@.
00001560: 89d0 c1e0 0201 d0c1 e004 89c2 a128 1040  .............(.@
00001570: 0001 d001 c001 c351 6a20 e829 feff ff83  .......Qj .)....
00001580: c408 6689 03eb 650f b65d e00f be4d e4be  ..f...e..]...M..
00001590: 0080 0b00 8b15 2410 4000 89d0 c1e0 0201  ......$.@.......
000015a0: d0c1 e004 89c2 a128 1040 0001 d001 c001  .......(.@......
000015b0: c653 51e8 f0fd ffff 83c4 0866 8906 a128  .SQ........f...(
000015c0: 1040 0083 c001 a328 1040 00a1 2810 4000  .@.....(.@..(.@.
000015d0: 83f8 4f7e 17c7 0528 1040 0000 0000 00a1  ..O~...(.@......
000015e0: 2410 4000 83c0 01a3 2410 4000 a124 1040  $.@.....$.@..$.@
000015f0: 0083 f818 0f8e a800 0000 c745 f401 0000  ...........E....
00001600: 00eb 5bc7 45f0 0000 0000 eb48 b900 800b  ..[.E......H....
00001610: 008b 55f4 89d0 c1e0 0201 d0c1 e004 89c2  ..U.............
00001620: 8b45 f001 d001 c001 c1bb 0080 0b00 8b45  .E.............E
00001630: f48d 50ff 89d0 c1e0 0201 d0c1 e004 89c2  ..P.............
00001640: 8b45 f001 d001 c08d 1403 0fb7 0166 8902  .E...........f..
00001650: 8345 f001 837d f04f 7eb2 8345 f401 837d  .E...}.O~..E...}
00001660: f418 7e9f c745 ec00 0000 00eb 25ba 0080  ..~..E......%...
00001670: 0b00 8b45 ec05 8007 0000 01c0 8d1c 026a  ...E...........j
00001680: 076a 20e8 20fd ffff 83c4 0866 8903 8345  .j . ......f...E
00001690: ec01 837d ec4f 7ed5 c705 2410 4000 1800  ...}.O~...$.@...
000016a0: 0000 8b15 2810 4000 a124 1040 0052 50e8  ....(.@..$.@.RP.
000016b0: 16fd ffff 83c4 0890 8d65 f85b 5e5d c355  .........e.[^].U
000016c0: 89e5 83ec 148b 450c 8845 ecc7 45fc 0000  ......E..E..E...
000016d0: 0000 eb20 0fb6 55ec 8b4d fc8b 4508 01c8  ... ..U..M..E...
000016e0: 0fb6 000f bec0 5250 e8c0 fdff ff83 c408  ......RP........
000016f0: 8345 fc01 8b55 fc8b 4508 01d0 0fb6 0084  .E...U..E.......
00001700: c075 d190 90c9 c355 89e5 83ec 188b 5508  .u.....U......U.
00001710: 8b45 0c88 55ec 8845 e8c7 45fc 842d 1000  .E..U..E..E..-..
00001720: 0fb6 45ec c0e8 040f b6c0 83e0 0f89 c28b  ..E.............
00001730: 45fc 01d0 0fb6 0088 45f9 0fb6 45ec 83e0  E.......E...E...
00001740: 0f89 c28b 45fc 01d0 0fb6 0088 45fa c645  ....E.......E..E
00001750: fb00 0fb6 45e8 508d 45f9 50e8 5fff ffff  ....E.P.E.P._...
00001760: 83c4 0890 c9c3 5589 e583 ec18 8b55 088b  ......U......U..
00001770: 450c 6689 55ec 8845 e8c7 45fc 842d 1000  E.f.U..E..E..-..
00001780: 0fb7 45ec 66c1 e80c 0fb7 c083 e00f 89c2  ..E.f...........
00001790: 8b45 fc01 d00f b600 8845 f70f b745 ec66  .E.......E...E.f
000017a0: c1e8 080f b7c0 83e0 0f89 c28b 45fc 01d0  ............E...
000017b0: 0fb6 0088 45f8 0fb7 45ec 66c1 e804 0fb7  ....E...E.f.....
000017c0: c083 e00f 89c2 8b45 fc01 d00f b600 8845  .......E.......E
000017d0: f90f b745 ec83 e00f 89c2 8b45 fc01 d00f  ...E.......E....
000017e0: b600 8845 fac6 45fb 000f b645 e850 8d45  ...E..E....E.P.E
000017f0: f750 e8c8 feff ff83 c408 90c9 c355 89e5  .P...........U..
00001800: 83ec 248b 450c 8845 dcc7 45f8 842d 1000  ..$.E..E..E..-..
00001810: c745 fc00 0000 00eb 2c8b 45fc c1e0 028b  .E......,.E.....
00001820: 5508 89c1 d3ea 89d0 83e0 0f89 c28b 45f8  U.............E.
00001830: 01c2 b807 0000 002b 45fc 0fb6 1288 5405  .......+E.....T.
00001840: ef83 45fc 0183 7dfc 077e cec6 45f7 000f  ..E...}..~..E...
00001850: b645 dc50 8d45 ef50 e862 feff ff83 c408  .E.P.E.P.b......
00001860: 90c9 c355 89e5 83ec 10b8 de34 1200 ba00  ...U.......4....
00001870: 0000 00f7 7508 8945 fc68 b600 0000 6a43  ....u..E.h....jC
00001880: e872 f8ff ff83 c408 8b45 fc0f b6c0 506a  .r.......E....Pj
00001890: 42e8 61f8 ffff 83c4 088b 45fc c1e8 080f  B.a.......E.....
000018a0: b6c0 506a 42e8 4df8 ffff 83c4 086a 61e8  ..PjB.M......ja.
000018b0: 6bf8 ffff 83c4 0488 45fb 0fb6 45fb 83e0  k.......E...E...
000018c0: 0385 c075 150f b645 fb83 c803 0fb6 c050  ...u...E.......P
000018d0: 6a61 e820 f8ff ff83 c408 90c9 c355 89e5  ja. .........U..
000018e0: 83ec 106a 61e8 35f8 ffff 83c4 0488 45ff  ...ja.5.......E.
000018f0: 0fb6 45ff 25fc 0000 0050 6a61 e8f6 f7ff  ..E.%....Pja....
00001900: ff83 c408 90c9 c355 89e5 83ec 10c7 45fc  .......U......E.
00001910: 0000 0000 eb04 8345 fc01 8b55 fc8b 4508  .......E...U..E.
00001920: 01d0 0fb6 0084 c075 ed8b 45fc c9c3 5589  .......u..E...U.
00001930: e557 5653 83ec 048b 4514 8845 f0eb 430f  .WVS....E..E..C.
00001940: b65d f08b 4510 8d50 0189 5510 0fb6 000f  .]..E..P..U.....
00001950: bec8 be00 800b 008b 5508 89d0 c1e0 0201  ........U.......
00001960: d0c1 e004 89c7 8b45 0c8d 5001 8955 0c01  .......E..P..U..
00001970: f801 c001 c653 51e8 2cfa ffff 83c4 0866  .....SQ.,......f
00001980: 8906 8b45 100f b600 84c0 75b3 9090 8d65  ...E......u....e
00001990: f45b 5e5f 5dc3 5589 e557 5653 83ec 148b  .[^_].U..WVS....
000019a0: 4514 8845 e0c7 45f0 0000 0000 837d 1000  E..E..E......}..
000019b0: 0f85 8600 0000 0fb6 4de0 bb00 800b 008b  ........M.......
000019c0: 5508 89d0 c1e0 0201 d0c1 e004 89c2 8b45  U..............E
000019d0: 0c01 d001 c001 c351 6a30 e8c9 f9ff ff83  .......Qj0......
000019e0: c408 6689 03e9 a900 0000 8b4d 10ba 6766  ..f........M..gf
000019f0: 6666 89c8 f7ea c1fa 0289 c8c1 f81f 29c2  ff............).
00001a00: 89d0 c1e0 0201 d001 c029 c189 ca89 d08d  .........)......
00001a10: 4830 8b45 f08d 5001 8955 f089 ca88 5405  H0.E..P..U....T.
00001a20: e48b 4d10 ba67 6666 6689 c8f7 ea89 d0c1  ..M..gfff.......
00001a30: f802 c1f9 1f89 ca29 d089 4510 837d 1000  .......)..E..}..
00001a40: 7fa8 eb42 0fb6 5de0 8d55 e48b 45f0 01d0  ...B..]..U..E...
00001a50: 0fb6 000f bec8 be00 800b 008b 5508 89d0  ............U...
00001a60: c1e0 0201 d0c1 e004 89c7 8b45 0c8d 5001  ...........E..P.
00001a70: 8955 0c01 f801 c001 c653 51e8 28f9 ffff  .U.......SQ.(...
00001a80: 83c4 0866 8906 8b45 f08d 50ff 8955 f085  ...f...E..P..U..
00001a90: c075 b18d 65f4 5b5e 5f5d c355 89e5 5756  .u..e.[^_].U..WV
00001aa0: 5383 ec14 8b45 1488 45e0 0fb6 4de0 bb00  S....E..E...M...
00001ab0: 800b 008b 5508 89d0 c1e0 0201 d0c1 e004  ....U...........
00001ac0: 89c6 8b45 0c8d 5001 8955 0c01 f001 c001  ...E..P..U......
00001ad0: c351 6a30 e8cf f8ff ff83 c408 6689 030f  .Qj0........f...
00001ae0: b64d e0bb 0080 0b00 8b55 0889 d0c1 e002  .M.......U......
00001af0: 01d0 c1e0 0489 c68b 450c 8d50 0189 550c  ........E..P..U.
00001b00: 01f0 01c0 01c3 516a 78e8 9af8 ffff 83c4  ......Qjx.......
00001b10: 0866 8903 c745 f007 0000 00eb 688b 45f0  .f...E......h.E.
00001b20: c1e0 028b 5510 89c1 d3ea 89d0 83e0 0f89  ....U...........
00001b30: 45ec 837d ec09 7f08 8b45 ec83 c030 eb06  E..}.....E...0..
00001b40: 8b45 ec83 c037 8845 eb0f b65d e00f be4d  .E...7.E...]...M
00001b50: ebbe 0080 0b00 8b55 0889 d0c1 e002 01d0  .......U........
00001b60: c1e0 0489 c78b 450c 8d50 0189 550c 01f8  ......E..P..U...
00001b70: 01c0 01c6 5351 e82d f8ff ff83 c408 6689  ....SQ.-......f.
00001b80: 0683 6df0 0183 7df0 0079 9290 908d 65f4  ..m...}..y....e.
00001b90: 5b5e 5f5d c355 89e5 83ec 10c7 45fc 0000  [^_].U......E...
00001ba0: 0000 eb21 c745 f800 0000 00eb 0a90 8b45  ...!.E.........E
00001bb0: f883 c001 8945 f88b 45f8 3d7f f0fa 0276  .....E..E.=....v
00001bc0: ec83 45fc 018b 45fc 3b45 087c d790 90c9  ..E...E.;E.|....
00001bd0: c355 89e5 5383 ec40 fac7 45f8 0000 0000  .U..S..@..E.....
00001be0: eb44 c745 f400 0000 00eb 31b9 0080 0b00  .D.E......1.....
00001bf0: 8b55 f889 d0c1 e002 01d0 c1e0 0489 c28b  .U..............
00001c00: 45f4 01d0 01c0 8d1c 016a 4f6a 20e8 96f7  E........jOj ...
00001c10: ffff 83c4 0866 8903 8345 f401 837d f44f  .....f...E...}.O
00001c20: 7ec9 8345 f801 837d f818 7eb6 c745 ec95  ~..E...}..~..E..
00001c30: 2d10 00ff 75ec e8cc fcff ff83 c404 89c2  -...u...........
00001c40: b850 0000 0029 d089 c2c1 ea1f 01d0 d1f8  .P...)..........
00001c50: 8945 e86a 4fff 75ec ff75 e86a 04e8 ccfc  .E.jO.u..u.j....
00001c60: ffff 83c4 10ff 7508 e89a fcff ff83 c404  ......u.........
00001c70: 89c2 b850 0000 0029 d089 c2c1 ea1f 01d0  ...P...)........
00001c80: d1f8 8945 e46a 4fff 7508 ff75 e46a 06e8  ...E.jO.u..u.j..
00001c90: 9afc ffff 83c4 10c7 45e0 b42d 1000 ff75  ........E..-...u
00001ca0: e0e8 61fc ffff 83c4 0489 c2b8 5000 0000  ..a.........P...
00001cb0: 29d0 89c2 c1ea 1f01 d0d1 f889 45dc 6a4f  )...........E.jO
00001cc0: ff75 e0ff 75dc 6a08 e861 fcff ff83 c410  .u..u.j..a......
00001cd0: c745 d8d4 2d10 00ff 75d8 e828 fcff ff83  .E..-...u..(....
00001ce0: c404 89c2 b850 0000 0029 d089 c2c1 ea1f  .....P...)......
00001cf0: 01d0 d1f8 8945 d46a 4fff 75d8 ff75 d46a  .....E.jO.u..u.j
00001d00: 0ae8 28fc ffff 83c4 1089 e089 45d0 c745  ..(.........E..E
00001d10: f000 0000 00e9 b300 0000 8b45 f083 c00c  ...........E....
00001d20: 8945 ccc7 45c8 0400 0000 b900 800b 008b  .E..E...........
00001d30: 55cc 89d0 c1e0 0201 d0c1 e004 89c3 8b45  U..............E
00001d40: c88d 5001 8955 c801 d801 c08d 1c01 6a4f  ..P..U........jO
00001d50: 6a5b e851 f6ff ff83 c408 6689 036a 4fff  j[.Q......f..jO.
00001d60: 75f0 ff75 c8ff 75cc e829 fcff ff83 c410  u..u..u..)......
00001d70: 8345 c802 b900 800b 008b 55cc 89d0 c1e0  .E........U.....
00001d80: 0201 d0c1 e004 89c3 8b45 c88d 5001 8955  .........E..P..U
00001d90: c801 d801 c08d 1c01 6a4f 6a5d e807 f6ff  ........jOj]....
00001da0: ff83 c408 6689 038b 45f0 8d14 8500 0000  ....f...E.......
00001db0: 008b 45d0 01d0 8b00 6a4f 50ff 75c8 ff75  ..E.....jOP.u..u
00001dc0: cce8 d5fc ffff 83c4 1083 45f0 0183 7df0  ..........E...}.
00001dd0: 0c0f 8e43 ffff fff4 ebfd 5589 e583 ec08  ...C......U.....
00001de0: 8b55 148b 4518 8855 fc88 45f8 8b45 1089  .U..E..U..E..E..
00001df0: c28b 4508 6689 14c5 4010 4000 8b45 0c89  ..E.f...@.@..E..
00001e00: c28b 4508 6689 14c5 4210 4000 8b45 0cc1  ..E.f...B.@..E..
00001e10: e810 89c2 8b45 0888 14c5 4410 4000 8b45  .....E....D.@..E
00001e20: 080f b655 fc88 14c5 4510 4000 8b45 10c1  ...U....E.@..E..
00001e30: e810 83e0 0f89 c20f b645 f883 e0f0 09c2  .........E......
00001e40: 8b45 0888 14c5 4610 4000 8b45 0cc1 e818  .E....F.@..E....
00001e50: 89c2 8b45 0888 14c5 4710 4000 90c9 c355  ...E....G.@....U
00001e60: 89e5 8b45 080f 0110 905d c355 89e5 8b45  ...E.....].U...E
00001e70: 080f 0118 905d c355 89e5 83ec 048b 4508  .....].U......E.
00001e80: 6689 45fc 0fb7 45fc 0f00 d890 c9c3 5589  f.E...E.......U.
00001e90: e583 ec10 660f 00c8 6689 45fe 0fb7 45fe  ....f...f.E...E.
00001ea0: c9c3 5589 e566 b810 008e d88e c08e e08e  ..U..f..........
00001eb0: e88e d090 5dc3 5589 e583 ec0c 8b4d 088b  ....].U......M..
00001ec0: 5510 8b45 1488 4dfc 6689 55f8 8845 f40f  U..E..M.f.U..E..
00001ed0: b645 fc8b 550c 6689 14c5 8010 4000 0fb6  .E..U.f.....@...
00001ee0: 45fc 0fb7 55f8 6689 14c5 8210 4000 0fb6  E...U.f.....@...
00001ef0: 45fc c604 c584 1040 0000 0fb6 45fc 0fb6  E......@....E...
00001f00: 55f4 8814 c585 1040 008b 450c c1e8 1089  U......@..E.....
00001f10: c20f b645 fc66 8914 c586 1040 0090 c9c3  ...E.f.....@....
00001f20: 5589 e583 ec10 6a21 e8f2 f1ff ff83 c404  U.....j!........
00001f30: 8845 ff68 a100 0000 e8e2 f1ff ff83 c404  .E.h............
00001f40: 8845 fe6a 116a 20e8 abf1 ffff 83c4 08e8  .E.j.j .........
00001f50: ebf1 ffff 6a11 68a0 0000 00e8 97f1 ffff  ....j.h.........
00001f60: 83c4 08e8 d7f1 ffff 6a20 6a21 e886 f1ff  ........j j!....
00001f70: ff83 c408 e8c6 f1ff ff6a 2868 a100 0000  .........j(h....
00001f80: e872 f1ff ff83 c408 e8b2 f1ff ff6a 046a  .r...........j.j
00001f90: 21e8 61f1 ffff 83c4 08e8 a1f1 ffff 6a02  !.a...........j.
00001fa0: 68a1 0000 00e8 4df1 ffff 83c4 08e8 8df1  h.....M.........
00001fb0: ffff 6a01 6a21 e83c f1ff ff83 c408 e87c  ..j.j!.<.......|
00001fc0: f1ff ff6a 0168 a100 0000 e828 f1ff ff83  ...j.h.....(....
00001fd0: c408 e868 f1ff ff0f b645 ff50 6a21 e814  ...h.....E.Pj!..
00001fe0: f1ff ff83 c408 0fb6 45fe 5068 a100 0000  ........E.Ph....
00001ff0: e802 f1ff ff83 c408 90c9 c355 89e5 83ec  ...........U....
00002000: 10b8 dc34 1200 ba00 0000 00f7 7508 8945  ...4........u..E
00002010: fc6a 366a 43e8 ddf0 ffff 83c4 088b 45fc  .j6jC.........E.
00002020: 0fb6 c050 6a40 e8cc f0ff ff83 c408 8b45  ...Pj@.........E
00002030: fcc1 e808 0fb6 c050 6a40 e8b8 f0ff ff83  .......Pj@......
00002040: c408 90c9 c355 89e5 83ec 148b 4508 8845  .....U......E..E
00002050: eca1 203a 4000 83c0 0125 ff00 0000 8945  .. :@....%.....E
00002060: fca1 243a 4000 3945 fc74 17a1 203a 4000  ..$:@.9E.t.. :@.
00002070: 0fb6 55ec 8890 2039 4000 8b45 fca3 203a  ..U... 9@..E.. :
00002080: 4000 90c9 c355 89e5 83ec 108b 1524 3a40  @....U.......$:@
00002090: 00a1 203a 4000 39c2 7507 b8ff ffff ffeb  .. :@.9.u.......
000020a0: 23a1 243a 4000 0fb6 8020 3940 0088 45ff  #.$:@.... 9@..E.
000020b0: a124 3a40 0083 c001 0fb6 c0a3 243a 4000  .$:@........$:@.
000020c0: 0fbe 45ff c9c3 5589 e5eb 05e8 6ff0 ffff  ..E...U.....o...
000020d0: 6a64 e848 f0ff ff83 c404 0fb6 c083 e002  jd.H............
000020e0: 85c0 75e7 9090 c9c3 5589 e5eb 05e8 4df0  ..u.....U.....M.
000020f0: ffff 6a64 e826 f0ff ff83 c404 0fb6 c083  ..jd.&..........
00002100: e001 85c0 74e7 9090 c9c3 5589 e5e8 b4ff  ....t.....U.....
00002110: ffff 6a20 6a64 e8dc efff ff83 c408 e8c5  ..j jd..........
00002120: ffff ff6a 60e8 f5ef ffff 83c4 04c9 c355  ...j`..........U
00002130: 89e5 83ec 048b 4508 8845 fce8 86ff ffff  ......E..E......
00002140: 6a60 6a64 e8ae efff ff83 c408 e875 ffff  j`jd.........u..
00002150: ff0f b645 fc50 6a60 e89a efff ff83 c408  ...E.Pj`........
00002160: 90c9 c355 89e5 83ec 10e8 58ff ffff 68ae  ...U......X...h.
00002170: 0000 006a 64e8 7def ffff 83c4 08e8 88ff  ...jd.}.........
00002180: ffff 8845 fb80 4dfb 0180 65fb ef0f b645  ...E..M...e....E
00002190: fb50 e898 ffff ff83 c404 e827 ffff ff68  .P.........'...h
000021a0: f400 0000 6a60 e84c efff ff83 c408 c745  ....j`.L.......E
000021b0: fc00 0000 00eb 296a 64e8 61ef ffff 83c4  ......)jd.a.....
000021c0: 040f b6c0 83e0 0185 c074 0c6a 60e8 4def  .........t.j`.M.
000021d0: ffff 83c4 04eb 13e8 63ef ffff 8345 fc01  ........c....E..
000021e0: 817d fce7 0300 007e ce90 90c9 c355 89e5  .}.....~.....U..
000021f0: 83ec 106a 64e8 25ef ffff 83c4 040f b6c0  ...jd.%.........
00002200: 83e0 0185 c00f 8404 0100 006a 60e8 0def  ...........j`...
00002210: ffff 83c4 0488 45fe 807d fe2a 7406 807d  ......E..}.*t..}
00002220: fe36 750f c705 1039 4000 0100 0000 e9e3  .6u....9@.......
00002230: 0000 0080 7dfe aa74 0680 7dfe b675 0fc7  ....}..t..}..u..
00002240: 0510 3940 0000 0000 00e9 c800 0000 807d  ..9@...........}
00002250: fe3a 7512 a114 3940 0083 f001 a314 3940  .:u...9@......9@
00002260: 00e9 b000 0000 0fb6 45fe 84c0 0f88 a000  ........E.......
00002270: 0000 a110 3940 0085 c074 07b8 802e 1000  ....9@...t......
00002280: eb05 b800 2e10 0089 45f8 c645 ff00 0fb6  ........E..E....
00002290: 45fe 84c0 780f 0fb6 55fe 8b45 f801 d00f  E...x...U..E....
000022a0: b600 8845 ff80 7dff 0074 6a80 7dff 607e  ...E..}..tj.}.`~
000022b0: 2480 7dff 7a7f 1ea1 1439 4000 85c0 743f  $.}.z....9@...t?
000022c0: a110 3940 0085 c075 360f b645 ff83 e820  ..9@...u6..E... 
000022d0: 8845 ffeb 2a80 7dff 407e 2580 7dff 5a7f  .E..*.}.@~%.}.Z.
000022e0: 1fa1 1439 4000 85c0 7416 a110 3940 0085  ...9@...t...9@..
000022f0: c074 0d0f b645 ff83 c020 8845 ffeb 0190  .t...E... .E....
00002300: 0fbe 45ff 50e8 3bfd ffff 83c4 04eb 0790  ..E.P.;.........
00002310: eb04 90eb 0190 6a20 6a20 e8d8 edff ff83  ......j j ......
00002320: c408 90c9 c355 89e5 83ec 048b 4508 8845  .....U......E..E
00002330: fc6a 0c68 002f 1000 e882 f3ff ff83 c408  .j.h./..........
00002340: 0fb6 45fc 6a0c 50e8 bbf3 ffff 83c4 086a  ..E.j.P........j
00002350: 0c68 122f 1000 e864 f3ff ff83 c408 807d  .h./...d.......}
00002360: fc27 7615 807d fc2f 770f 6a20 68a0 0000  .'v..}./w.j h...
00002370: 00e8 81ed ffff 83c4 0880 7dfc 1f76 1280  ..........}..v..
00002380: 7dfc 2f77 0c6a 206a 20e8 69ed ffff 83c4  }./w.j j .i.....
00002390: 0868 152f 1000 e836 f8ff ff55 89e5 a128  .h./...6...U...(
000023a0: 3a40 0083 c001 a328 3a40 006a 206a 20e8  :@.....(:@.j j .
000023b0: 43ed ffff 83c4 0890 c9c3 5589 e583 7d08  C.........U...}.
000023c0: 0677 4b8b 4508 c1e0 0205 382f 1000 8b00  .wK.E.....8/....
000023d0: ffe0 8b45 0c6a 0750 e8e2 f2ff ff83 c408  ...E.j.P........
000023e0: b800 0000 00eb 2ce8 99fc ffff eb25 6a07  ......,......%j.
000023f0: 6823 2f10 00e8 c5f2 ffff 83c4 08f4 ebfd  h#/.............
00002400: b800 0000 00eb 0cb8 0000 0000 eb05 b8ff  ................
00002410: ffff ffc9 c355 89e5 83ec 088b 5508 8b45  .....U......U..E
00002420: 1088 55fc 6689 45f8 6a0c 6854 2f10 00e8  ..U.f.E.j.hT/...
00002430: 8bf2 ffff 83c4 080f b645 fc6a 0c50 e8c4  .........E.j.P..
00002440: f2ff ff83 c408 6a0c 6812 2f10 00e8 6df2  ......j.h./...m.
00002450: ffff 83c4 086a 0c68 662f 1000 e85e f2ff  .....j.hf/...^..
00002460: ff83 c408 6a0c ff75 0ce8 8ff3 ffff 83c4  ....j..u........
00002470: 086a 0c68 6b2f 1000 e842 f2ff ff83 c408  .j.hk/...B......
00002480: 0fb7 45f8 6a0c 50e8 daf2 ffff 83c4 086a  ..E.j.P........j
00002490: 0c68 702f 1000 e824 f2ff ff83 c408 6a0c  .hp/...$......j.
000024a0: ff75 14e8 55f3 ffff 83c4 086a 0c68 792f  .u..U......j.hy/
000024b0: 1000 e808 f2ff ff83 c408 687b 2f10 00e8  ..........h{/...
000024c0: 0df7 ffff 5589 e583 ec08 8b55 088b 4514  ....U......U..E.
000024d0: 8855 fc66 8945 f86a 0c68 542f 1000 e8dc  .U.f.E.j.hT/....
000024e0: f1ff ff83 c408 0fb6 45fc 6a0c 50e8 15f2  ........E.j.P...
000024f0: ffff 83c4 086a 0c68 122f 1000 e8be f1ff  .....j.h./......
00002500: ff83 c408 6a0c 6885 2f10 00e8 aff1 ffff  ....j.h./.......
00002510: 83c4 086a 0cff 750c e8e0 f2ff ff83 c408  ...j..u.........
00002520: 6a0c 688a 2f10 00e8 93f1 ffff 83c4 086a  j.h./..........j
00002530: 0cff 7510 e8c4 f2ff ff83 c408 6a0c 686b  ..u.........j.hk
00002540: 2f10 00e8 77f1 ffff 83c4 080f b745 f86a  /...w........E.j
00002550: 0c50 e80f f2ff ff83 c408 6a0c 6870 2f10  .P........j.hp/.
00002560: 00e8 59f1 ffff 83c4 086a 0cff 7518 e88a  ..Y......j..u...
00002570: f2ff ff83 c408 6a0c 6879 2f10 00e8 3df1  ......j.hy/...=.
00002580: ffff 83c4 0868 902f 1000 e842 f6ff ff55  .....h./...B...U
00002590: 89e5 83ec 148b 4510 6689 45ec 6a0c 68ac  ......E.f.E.j.h.
000025a0: 2f10 00e8 17f1 ffff 83c4 086a 0c68 852f  /..........j.h./
000025b0: 1000 e808 f1ff ff83 c408 6a0c ff75 08e8  ..........j..u..
000025c0: 39f2 ffff 83c4 086a 0c68 8a2f 1000 e8ec  9......j.h./....
000025d0: f0ff ff83 c408 6a0c ff75 0ce8 1df2 ffff  ......j..u......
000025e0: 83c4 086a 0c68 6b2f 1000 e8d0 f0ff ff83  ...j.hk/........
000025f0: c408 0fb7 45ec 6a0c 50e8 68f1 ffff 83c4  ....E.j.P.h.....
00002600: 086a 0c68 702f 1000 e8b2 f0ff ff83 c408  .j.hp/..........
00002610: 6a0c ff75 14e8 e3f1 ffff 83c4 086a 0c68  j..u.........j.h
00002620: 792f 1000 e896 f0ff ff83 c408 8b45 0883  y/...........E..
00002630: e0fc 6689 45fe 0fb7 45fe 66c1 e803 6689  ..f.E...E.f...f.
00002640: 45fc 8b45 08c1 e802 83e0 0188 45fb 8b45  E..E........E..E
00002650: 0883 e001 8845 fa6a 0c68 be2f 1000 e85c  .....E.j.h./...\
00002660: f0ff ff83 c408 0fb7 45fe 6a0c 50e8 f4f0  ........E.j.P...
00002670: ffff 83c4 086a 0c68 c32f 1000 e83e f0ff  .....j.h./...>..
00002680: ff83 c408 0fb7 45fc 6a0c 50e8 d6f0 ffff  ......E.j.P.....
00002690: 83c4 086a 0c68 c92f 1000 e820 f0ff ff83  ...j.h./... ....
000026a0: c408 807d fb00 7407 b8ce 2f10 00eb 05b8  ...}..t.../.....
000026b0: d02f 1000 6a0c 50e8 03f0 ffff 83c4 086a  ./..j.P........j
000026c0: 0c68 d22f 1000 e8f4 efff ff83 c408 807d  .h./...........}
000026d0: fa00 7407 b8ce 2f10 00eb 05b8 d02f 1000  ..t.../....../..
000026e0: 6a0c 50e8 d7ef ffff 83c4 086a 0c68 792f  j.P........j.hy/
000026f0: 1000 e8c8 efff ff83 c408 6a0c 68d8 2f10  ..........j.h./.
00002700: 00e8 b9ef ffff 83c4 080f b705 0c10 4000  ..............@.
00002710: 0fb7 c06a 0c50 e84b f0ff ff83 c408 6a0c  ...j.P.K......j.
00002720: 68e3 2f10 00e8 95ef ffff 83c4 080f b705  h./.............
00002730: 0410 4000 0fb7 c06a 0c50 e827 f0ff ff83  ..@....j.P.'....
00002740: c408 6a0c 68e8 2f10 00e8 71ef ffff 83c4  ..j.h./...q.....
00002750: 08a1 0810 4000 6a0c 50e8 9ff0 ffff 83c4  ....@.j.P.......
00002760: 086a 0c68 ee2f 1000 e852 efff ff83 c408  .j.h./...R......
00002770: 0fb7 050e 1040 000f b7c0 6a0c 50e8 e4ef  .....@....j.P...
00002780: ffff 83c4 086a 0c68 792f 1000 e82e efff  .....j.hy/......
00002790: ff83 c408 6a0c 68f3 2f10 00e8 1fef ffff  ....j.h./.......
000027a0: 83c4 080f b705 a818 4000 0fb7 c06a 0c50  ........@....j.P
000027b0: e8b1 efff ff83 c408 6a0c 68fc 2f10 00e8  ........j.h./...
000027c0: fbee ffff 83c4 08a1 a418 4000 6a0c 50e8  ..........@.j.P.
000027d0: 29f0 ffff 83c4 086a 0c68 792f 1000 e8dc  )......j.hy/....
000027e0: eeff ff83 c408 6807 3010 00e8 e1f3 ffff  ......h.0.......
000027f0: 5589 e583 ec14 8b45 1066 8945 ec0f 20d0  U......E.f.E.. .
00002800: 8945 fc6a 0c68 2030 1000 e8b0 eeff ff83  .E.j.h 0........
00002810: c408 6a0c 6834 3010 00e8 a1ee ffff 83c4  ..j.h40.........
00002820: 086a 0cff 75fc e8d2 efff ff83 c408 6a0c  .j..u.........j.
00002830: 6839 3010 00e8 85ee ffff 83c4 086a 0cff  h90..........j..
00002840: 7508 e8b6 efff ff83 c408 6a0c 688a 2f10  u.........j.h./.
00002850: 00e8 69ee ffff 83c4 086a 0cff 750c e89a  ..i......j..u...
00002860: efff ff83 c408 6a0c 686b 2f10 00e8 4dee  ......j.hk/...M.
00002870: ffff 83c4 080f b745 ec6a 0c50 e8e5 eeff  .......E.j.P....
00002880: ff83 c408 6a0c 6870 2f10 00e8 2fee ffff  ....j.hp/.../...
00002890: 83c4 086a 0cff 7514 e860 efff ff83 c408  ...j..u..`......
000028a0: 6a0c 6879 2f10 00e8 13ee ffff 83c4 0868  j.hy/..........h
000028b0: 3f30 1000 e818 f3ff ff55 89e5 837d 0803  ?0.......U...}..
000028c0: 742f 837d 0803 7f31 837d 0801 7408 837d  t/.}...1.}..t..}
000028d0: 0802 7416 eb23 6a0f ff75 0ce8 dfed ffff  ..t..#j..u......
000028e0: 83c4 08b8 0000 0000 eb19 e896 f7ff ffeb  ................
000028f0: 12ff 750c e8d8 f2ff ff68 4a30 1000 e8ce  ..u......hJ0....
00002900: f2ff ffc9 c355 89e5 6a00 6a02 e8a8 ffff  .....U..j.j.....
00002910: ff83 c408 c9c3 5589 e5ff 7508 6a01 e896  ......U...u.j...
00002920: ffff ff83 c408 c9c3 5589 e5ff 7508 6a03  ........U...u.j.
00002930: e884 ffff ff83 c408 c9c3 5589 e5b8 0400  ..........U.....
00002940: 0000 cd80 905d c355 89e5 6a0f 6857 3010  .....].U..j.hW0.
00002950: 00e8 69ed ffff 83c4 086a 0f68 6f30 1000  ..i......j.ho0..
00002960: e85a edff ff83 c408 6a0f 6857 3010 00e8  .Z......j.hW0...
00002970: 4bed ffff 83c4 0890 c9c3 5589 e56a 0e68  K.........U..j.h
00002980: 8630 1000 e836 edff ff83 c408 0fb7 050c  .0...6..........
00002990: 1040 000f b7c0 6a0e 50e8 c8ed ffff 83c4  .@....j.P.......
000029a0: 086a 0e68 e32f 1000 e812 edff ff83 c408  .j.h./..........
000029b0: 0fb7 0504 1040 000f b7c0 6a0e 50e8 a4ed  .....@....j.P...
000029c0: ffff 83c4 086a 0e68 e82f 1000 e8ee ecff  .....j.h./......
000029d0: ff83 c408 a108 1040 006a 0e50 e81c eeff  .......@.j.P....
000029e0: ff83 c408 6a0e 68ee 2f10 00e8 cfec ffff  ....j.h./.......
000029f0: 83c4 080f b705 0e10 4000 0fb7 c06a 0e50  ........@....j.P
00002a00: e861 edff ff83 c408 6a0e 6879 2f10 00e8  .a......j.hy/...
00002a10: abec ffff 83c4 0890 c9c3 5589 e583 ec10  ..........U.....
00002a20: c745 fc10 1940 008b 45fc 0500 1000 0089  .E...@..E.......
00002a30: 45f8 6a0a 688f 3010 00e8 81ec ffff 83c4  E.j.h.0.........
00002a40: 086a 0aff 75fc e8b2 edff ff83 c408 6a0a  .j..u.........j.
00002a50: 689c 3010 00e8 65ec ffff 83c4 086a 0aff  h.0...e......j..
00002a60: 75f8 e896 edff ff83 c408 6a0a 68fc 2f10  u.........j.h./.
00002a70: 00e8 49ec ffff 83c4 08a1 a418 4000 6a0a  ..I.........@.j.
00002a80: 50e8 77ed ffff 83c4 086a 0a68 a230 1000  P.w......j.h.0..
00002a90: e82a ecff ff83 c408 0fb7 05a8 1840 000f  .*...........@..
00002aa0: b7c0 6a0a 50e8 bcec ffff 83c4 086a 0a68  ..j.P........j.h
00002ab0: 792f 1000 e806 ecff ff83 c408 90c9 c355  y/.............U
00002ac0: 89e5 6a0e 68ac 3010 00e8 f1eb ffff 83c4  ..j.h.0.........
00002ad0: 080f b705 1c10 4000 0fb7 c06a 0e50 e883  ......@....j.P..
00002ae0: ecff ff83 c408 6a0e 688a 2f10 00e8 cdeb  ......j.h./.....
00002af0: ffff 83c4 08a1 1010 4000 6a0e 50e8 fbec  ........@.j.P...
00002b00: ffff 83c4 086a 0e68 702f 1000 e8ae ebff  .....j.hp/......
00002b10: ff83 c408 a114 1040 006a 0e50 e8dc ecff  .......@.j.P....
00002b20: ff83 c408 6a0e 68e3 2f10 00e8 8feb ffff  ....j.h./.......
00002b30: 83c4 080f b705 1e10 4000 0fb7 c06a 0e50  ........@....j.P
00002b40: e821 ecff ff83 c408 6a0e 68e8 2f10 00e8  .!......j.h./...
00002b50: 6beb ffff 83c4 08a1 1810 4000 6a0e 50e8  k.........@.j.P.
00002b60: 99ec ffff 83c4 086a 0e68 792f 1000 e84c  .......j.hy/...L
00002b70: ebff ff83 c408 90c9 c355 89e5 81ec 1008  .........U......
00002b80: 0000 e8c0 fdff ff68 b430 1000 e885 fdff  .......h.0......
00002b90: ff83 c404 c745 fc00 0000 0068 cf30 1000  .....E.....h.0..
00002ba0: e871 fdff ff83 c404 c745 fc00 0000 00e8  .q.......E......
00002bb0: 51fd ffff 8945 f483 7df4 0079 0ae8 78fd  Q....E..}..y..x.
00002bc0: ffff e999 0000 0083 7df4 0a75 278d 95f4  ........}..u'...
00002bd0: f7ff ff8b 45fc 01d0 c600 0068 792f 1000  ....E......hy/..
00002be0: e831 fdff ff83 c404 9083 7dfc 0075 76e9  .1........}..uv.
00002bf0: a002 0000 837d f408 7519 837d fc00 7e5f  .....}..u..}..~_
00002c00: 836d fc01 68d6 3010 00e8 08fd ffff 83c4  .m..h.0.........
00002c10: 04eb 4c83 7df4 1f7e 9683 7df4 7e7f 9081  ..L.}..~..}.~...
00002c20: 7dfc fe07 0000 7f87 8b45 fc8d 5001 8955  }........E..P..U
00002c30: fc8b 55f4 8894 05f4 f7ff ff8b 45f4 8885  ..U.........E...
00002c40: f2f7 ffff c685 f3f7 ffff 008d 85f2 f7ff  ................
00002c50: ff50 e8bf fcff ff83 c404 e950 ffff ff90  .P.........P....
00002c60: e94a ffff ff83 7dfc 047e 410f b685 f4f7  .J....}..~A.....
00002c70: ffff 3c70 7536 0fb6 85f5 f7ff ff3c 7275  ..<pu6.......<ru
00002c80: 2b0f b685 f6f7 ffff 3c6f 7520 0fb6 85f7  +.......<ou ....
00002c90: f7ff ff3c 6275 150f b685 f8f7 ffff 3c65  ...<bu........<e
00002ca0: 750a e8d3 fcff ffe9 e801 0000 837d fc05  u............}..
00002cb0: 7e4c 0fb6 85f4 f7ff ff3c 7375 410f b685  ~L.......<suA...
00002cc0: f5f7 ffff 3c74 7536 0fb6 85f6 f7ff ff3c  ....<tu6.......<
00002cd0: 6175 2b0f b685 f7f7 ffff 3c63 7520 0fb6  au+.......<cu ..
00002ce0: 85f8 f7ff ff3c 6b75 150f b685 f9f7 ffff  .....<ku........
00002cf0: 3c73 750a e821 fdff ffe9 9601 0000 837d  <su..!.........}
00002d00: fc03 752b 0fb6 85f4 f7ff ff3c 7275 200f  ..u+.......<ru .
00002d10: b685 f5f7 ffff 3c65 7515 0fb6 85f6 f7ff  ......<eu.......
00002d20: ff3c 7475 0ae8 95fd ffff e965 0100 0083  .<tu.......e....
00002d30: 7dfc 037e 3e0f b685 f4f7 ffff 3c68 7533  }..~>.......<hu3
00002d40: 0fb6 85f5 f7ff ff3c 6575 280f b685 f6f7  .......<eu(.....
00002d50: ffff 3c6c 751d 0fb6 85f7 f7ff ff3c 7075  ..<lu........<pu
00002d60: 1268 dc30 1000 e8ab fbff ff83 c404 e921  .h.0...........!
00002d70: 0100 0083 7dfc 037e 650f b685 f4f7 ffff  ....}..~e.......
00002d80: 3c65 755a 0fb6 85f5 f7ff ff3c 6375 4f0f  <euZ.......<cuO.
00002d90: b685 f6f7 ffff 3c68 7544 0fb6 85f7 f7ff  ......<huD......
00002da0: ff3c 6f75 398d 85f4 f7ff ff83 c004 8945  .<ou9..........E
00002db0: f8eb 0483 45f8 018b 45f8 0fb6 003c 2074  ....E...E....< t
00002dc0: f2ff 75f8 e84d fbff ff83 c404 6879 2f10  ..u..M......hy/.
00002dd0: 00e8 40fb ffff 83c4 04e9 b600 0000 837d  ..@............}
00002de0: fc04 754a 0fb6 85f4 f7ff ff3c 6575 3f0f  ..uJ.......<eu?.
00002df0: b685 f5f7 ffff 3c78 7534 0fb6 85f6 f7ff  ......<xu4......
00002e00: ff3c 6975 290f b685 f7f7 ffff 3c74 751e  .<iu).......<tu.
00002e10: 68ac 3110 00e8 fcfa ffff 83c4 046a 0668  h.1..........j.h
00002e20: f90c 0000 e8ce e2ff ff83 c408 eb66 837d  .............f.}
00002e30: fc05 7553 0fb6 85f4 f7ff ff3c 6375 480f  ..uS.......<cuH.
00002e40: b685 f5f7 ffff 3c72 753d 0fb6 85f6 f7ff  ......<ru=......
00002e50: ff3c 6175 320f b685 f7f7 ffff 3c73 7527  .<au2.......<su'
00002e60: 0fb6 85f8 f7ff ff3c 6875 1c68 b231 1000  .......<hu.h.1..
00002e70: e8a1 faff ff83 c404 68c4 3110 00e8 a6fa  ........h.1.....
00002e80: ffff 83c4 04eb 0d68 e431 1000 e885 faff  .......h.1......
00002e90: ff83 c404 e902 fdff ff55 89e5 83ec 106a  .........U.....j
00002ea0: 0f68 f631 1000 e814 e8ff ff83 c408 b810  .h.1............
00002eb0: 2940 0005 fc0f 0000 8945 fc8b 45fc 8b55  )@.......E..E..U
00002ec0: 08fa 6a23 5068 0232 0000 6a1b 52cf 680c  ..j#Ph.2..j.R.h.
00002ed0: 3210 00e8 f9ec ffff 66b8 2300 8ed8 8ec0  2.......f.#.....
00002ee0: 8ee0 8ee8 fbe8 8ffc ffff 6834 3210 00e8  ..........h42...
00002ef0: ddec ffff 5589 e583 ec10 6a0f 6855 3210  ....U.....j.hU2.
00002f00: 00e8 b9e7 ffff 83c4 086a 08e8 44e2 ffff  .........j..D...
00002f10: 83c4 0489 45fc 837d fc00 750a 6869 3210  ....E..}..u.hi2.
00002f20: 00e8 abec ffff ff75 fce8 50e4 ffff 83c4  .......u..P.....
00002f30: 0490 c9c3 5589 e581 ec18 0200 006a 0f68  ....U........j.h
00002f40: 8032 1000 e876 e7ff ff83 c408 83ec 088d  .2...v..........
00002f50: 85f0 fdff ff50 6a00 e8a3 0700 0083 c410  .....Pj.........
00002f60: 8945 f083 7df0 0074 0d83 ec0c 68a0 3210  .E..}..t....h.2.
00002f70: 00e8 5bec ffff c745 f400 0000 00eb 128d  ..[....E........
00002f80: 95f0 fdff ff8b 45f4 01d0 c600 0083 45f4  ......E.......E.
00002f90: 0181 7df4 ff01 0000 7ee5 9090 c9c3 5589  ..}.....~.....U.
00002fa0: e583 ec18 6a00 6a00 6a00 6a00 6a00 e827  ....j.j.j.j.j..'
00002fb0: eeff ff83 c414 68cf 0000 0068 9a00 0000  ......h....h....
00002fc0: 68ff ff0f 006a 006a 01e8 0cee ffff 83c4  h....j.j........
00002fd0: 1468 cf00 0000 6892 0000 0068 ffff 0f00  .h....h....h....
00002fe0: 6a00 6a02 e8f1 edff ff83 c414 68cf 0000  j.j.........h...
00002ff0: 0068 fa00 0000 68ff ff0f 006a 006a 03e8  .h....h....j.j..
00003000: d6ed ffff 83c4 1468 cf00 0000 68f2 0000  .......h....h...
00003010: 0068 ffff 0f00 6a00 6a04 e8bb edff ff83  .h....j.j.......
00003020: c414 c745 f400 0000 00eb 0f8b 45f4 05a0  ...E........E...
00003030: 1840 00c6 0000 8345 f401 837d f467 76eb  .@.....E...}.gv.
00003040: b810 1940 0005 fc0f 0000 a3a4 1840 0066  ...@.........@.f
00003050: c705 a818 4000 1000 66c7 0506 1940 0068  ....@...f....@.h
00003060: 00c7 45f0 a018 4000 c745 ec67 0000 006a  ..E...@..E.g...j
00003070: 0068 8900 0000 ff75 ecff 75f0 6a05 e857  .h.....u..u.j..W
00003080: edff ff83 c414 66c7 0570 1040 002f 00b8  ......f..p.@./..
00003090: 4010 4000 a372 1040 0068 7010 4000 e8bc  @.@..r.@.hp.@...
000030a0: edff ff83 c404 e8f7 edff ff6a 28e8 c5ed  ...........j(...
000030b0: ffff 83c4 04e8 d4ed ffff 66a3 0e10 4000  ..........f...@.
000030c0: 6a0c e872 e3ff ff83 c404 6a0c 68c1 3210  j..r......j.h.2.
000030d0: 00e8 e9e5 ffff 83c4 086a 0c68 0000 1000  .........j.h....
000030e0: e8da e5ff ff83 c408 6a0c 68d4 3210 00e8  ........j.h.2...
000030f0: cbe5 ffff 83c4 08b8 452b 1000 688e 0000  ........E+..h...
00003100: 006a 0850 6a00 e8ab edff ff83 c410 b85d  .j.Pj..........]
00003110: 2b10 0068 8e00 0000 6a08 506a 01e8 94ed  +..h....j.Pj....
00003120: ffff 83c4 10b8 752b 1000 688e 0000 006a  ......u+..h....j
00003130: 0850 6a02 e87d edff ff83 c410 b88d 2b10  .Pj..}........+.
00003140: 0068 8e00 0000 6a08 506a 03e8 66ed ffff  .h....j.Pj..f...
00003150: 83c4 10b8 a52b 1000 688e 0000 006a 0850  .....+..h....j.P
00003160: 6a04 e84f edff ff83 c410 b8bd 2b10 0068  j..O........+..h
00003170: 8e00 0000 6a08 506a 05e8 38ed ffff 83c4  ....j.Pj..8.....
00003180: 10b8 d52b 1000 688e 0000 006a 0850 6a06  ...+..h....j.Pj.
00003190: e821 edff ff83 c410 b8ed 2b10 0068 8e00  .!........+..h..
000031a0: 0000 6a08 506a 07e8 0aed ffff 83c4 10b8  ..j.Pj..........
000031b0: 052c 1000 688e 0000 006a 0850 6a08 e8f3  .,..h....j.Pj...
000031c0: ecff ff83 c410 b821 2c10 0068 8e00 0000  .......!,..h....
000031d0: 6a08 506a 09e8 dcec ffff 83c4 10b8 392c  j.Pj..........9,
000031e0: 1000 688e 0000 006a 0850 6a0a e8c5 ecff  ..h....j.Pj.....
000031f0: ff83 c410 b855 2c10 0068 8e00 0000 6a08  .....U,..h....j.
00003200: 506a 0be8 aeec ffff 83c4 10b8 712c 1000  Pj..........q,..
00003210: 688e 0000 006a 0850 6a0c e897 ecff ff83  h....j.Pj.......
00003220: c410 b88d 2c10 0068 8e00 0000 6a08 506a  ....,..h....j.Pj
00003230: 0de8 80ec ffff 83c4 10b8 a72c 1000 688e  ...........,..h.
00003240: 0000 006a 0850 6a0e e869 ecff ff83 c410  ...j.Pj..i......
00003250: b8c1 2c10 0068 8e00 0000 6a08 506a 10e8  ..,..h....j.Pj..
00003260: 52ec ffff 83c4 10b8 d92c 1000 688e 0000  R........,..h...
00003270: 006a 0850 6a11 e83b ecff ff83 c410 b8f5  .j.Pj..;........
00003280: 2c10 0068 8e00 0000 6a08 506a 12e8 24ec  ,..h....j.Pj..$.
00003290: ffff 83c4 10b8 0d2d 1000 688e 0000 006a  .......-..h....j
000032a0: 0850 6a13 e80d ecff ff83 c410 b825 2d10  .Pj..........%-.
000032b0: 0068 8e00 0000 6a08 506a 1de8 f6eb ffff  .h....j.Pj......
000032c0: 83c4 10b8 3d2d 1000 688e 0000 006a 0850  ....=-..h....j.P
000032d0: 6a1e e8df ebff ff83 c410 b855 2d10 0068  j..........U-..h
000032e0: 8e00 0000 6a08 506a 1fe8 c8eb ffff 83c4  ....j.Pj........
000032f0: 106a 0c68 ec32 1000 e8c2 e3ff ff83 c408  .j.h.2..........
00003300: b8a5 2810 0068 8e00 0000 6a08 506a 20e8  ..(..h....j.Pj .
00003310: a2eb ffff 83c4 10b8 df28 1000 688e 0000  .........(..h...
00003320: 006a 0850 6a21 e88b ebff ff83 c410 b819  .j.Pj!..........
00003330: 2910 0068 8e00 0000 6a08 506a 22e8 74eb  )..h....j.Pj".t.
00003340: ffff 83c4 10b8 3f29 1000 688e 0000 006a  ......?)..h....j
00003350: 0850 6a23 e85d ebff ff83 c410 b865 2910  .Pj#.].......e).
00003360: 0068 8e00 0000 6a08 506a 24e8 46eb ffff  .h....j.Pj$.F...
00003370: 83c4 10b8 8b29 1000 688e 0000 006a 0850  .....)..h....j.P
00003380: 6a25 e82f ebff ff83 c410 b8b1 2910 0068  j%./........)..h
00003390: 8e00 0000 6a08 506a 26e8 18eb ffff 83c4  ....j.Pj&.......
000033a0: 10b8 d729 1000 688e 0000 006a 0850 6a27  ...)..h....j.Pj'
000033b0: e801 ebff ff83 c410 b8fd 2910 0068 8e00  ..........)..h..
000033c0: 0000 6a08 506a 28e8 eaea ffff 83c4 10b8  ..j.Pj(.........
000033d0: 232a 1000 688e 0000 006a 0850 6a29 e8d3  #*..h....j.Pj)..
000033e0: eaff ff83 c410 b849 2a10 0068 8e00 0000  .......I*..h....
000033f0: 6a08 506a 2ae8 bcea ffff 83c4 10b8 6f2a  j.Pj*.........o*
00003400: 1000 688e 0000 006a 0850 6a2b e8a5 eaff  ..h....j.Pj+....
00003410: ff83 c410 b895 2a10 0068 8e00 0000 6a08  ......*..h....j.
00003420: 506a 2ce8 8eea ffff 83c4 10b8 bb2a 1000  Pj,..........*..
00003430: 688e 0000 006a 0850 6a2d e877 eaff ff83  h....j.Pj-.w....
00003440: c410 b8e1 2a10 0068 8e00 0000 6a08 506a  ....*..h....j.Pj
00003450: 2ee8 60ea ffff 83c4 10b8 072b 1000 688e  ..`........+..h.
00003460: 0000 006a 0850 6a2f e849 eaff ff83 c410  ...j.Pj/.I......
00003470: 6a0c 681c 3310 00e8 43e2 ffff 83c4 08b8  j.h.3...C.......
00003480: 2d2b 1000 68ef 0000 006a 0850 6880 0000  -+..h....j.Ph...
00003490: 00e8 20ea ffff 83c4 1066 c705 8018 4000  .. ......f....@.
000034a0: ff07 b880 1040 00a3 8218 4000 6880 1840  .....@....@.h..@
000034b0: 00e8 b5e9 ffff 83c4 04e8 62ea ffff 6a0c  ..........b...j.
000034c0: 6861 3310 00e8 f5e1 ffff 83c4 086a 64e8  ha3..........jd.
000034d0: 27eb ffff 83c4 046a 21e8 41dc ffff 83c4  '......j!.A.....
000034e0: 0488 45eb 8065 ebfc 0fb6 45eb 506a 21e8  ..E..e....E.Pj!.
000034f0: 03dc ffff 83c4 0868 ff00 0000 68a1 0000  .......h....h...
00003500: 00e8 f1db ffff 83c4 08e8 55ec ffff e8e1  ..........U.....
00003510: f9ff ffe8 1cfa ffff 83ec 086a 0a68 7733  ...........j.hw3
00003520: 1000 e898 e1ff ff83 c410 0fb7 050e 1040  ...............@
00003530: 000f b7c0 83ec 086a 0a50 e827 e2ff ff83  .......j.P.'....
00003540: c410 83ec 086a 0a68 a230 1000 e86e e1ff  .....j.h.0...n..
00003550: ff83 c410 0fb7 05a8 1840 000f b7c0 83ec  .........@......
00003560: 086a 0a50 e8fd e1ff ff83 c410 83ec 086a  .j.P...........j
00003570: 0a68 fc2f 1000 e844 e1ff ff83 c410 a1a4  .h./...D........
00003580: 1840 0083 ec08 6a0a 50e8 6fe2 ffff 83c4  .@....j.P.o.....
00003590: 1083 ec08 6a0a 6879 2f10 00e8 1fe1 ffff  ....j.hy/.......
000035a0: 83c4 1083 ec08 6a0f 687b 3310 00e8 0de1  ......j.h{3.....
000035b0: ffff 83c4 10e8 60f4 ffff 83ec 086a 0f68  ......`......j.h
000035c0: 9033 1000 e8f6 e0ff ff83 c410 83ec 0c68  .3.............h
000035d0: d81e 1000 e8c0 f8ff ff55 89e5 83ec 088b  .........U......
000035e0: 5508 8b45 0c66 8955 fc88 45f8 0fb6 45f8  U..E.f.U..E...E.
000035f0: 0fb7 55fc ee90 c9c3 5589 e583 ec14 8b45  ..U.....U......E
00003600: 0866 8945 ec0f b745 ec89 c2ec 8845 ff0f  .f.E...E.....E..
00003610: b645 ffc9 c355 89e5 5753 83ec 048b 4508  .E...U..WS....E.
00003620: 6689 45f4 0fb7 55f4 8b4d 0c8b 4510 89cb  f.E...U..M..E...
00003630: 89df 89c1 66f3 6d89 c889 fb89 5d0c 8945  ....f.m.....]..E
00003640: 1090 83c4 045b 5f5d c355 89e5 5653 83ec  .....[_].U..VS..
00003650: 048b 4508 6689 45f4 0fb7 55f4 8b4d 0c8b  ..E.f.E...U..M..
00003660: 4510 89cb 89de 89c1 66f3 6f89 c889 f389  E.......f.o.....
00003670: 5d0c 8945 1090 83c4 045b 5e5d c355 89e5  ]..E.....[^].U..
00003680: 83ec 1068 f701 0000 e86b ffff ff83 c404  ...h.....k......
00003690: 8845 ff0f b645 ff84 c078 e80f b645 ff83  .E...E...x...E..
000036a0: e001 85c0 7407 b8ff ffff ffeb 05b8 0000  ....t...........
000036b0: 0000 c9c3 5589 e583 ec10 68f7 0100 00e8  ....U.....h.....
000036c0: 34ff ffff 83c4 0488 45ff 0fb6 45ff 83e0  4.......E...E...
000036d0: 0185 c074 07b8 ffff ffff eb22 0fb6 45ff  ...t......."..E.
000036e0: 83e0 2085 c074 07b8 feff ffff eb10 0fb6  .. ..t..........
000036f0: 45ff 83e0 0885 c074 c1b8 0000 0000 c9c3  E......t........
00003700: 5589 e581 7d08 ffff ff0f 760a b8ff ffff  U...}.....v.....
00003710: ffe9 ac00 0000 e862 ffff ff8b 4508 c1e8  .......b....E...
00003720: 1883 e00f 83c8 e00f b6c0 5068 f601 0000  ..........Ph....
00003730: e8a4 feff ff83 c408 6a01 68f2 0100 00e8  ........j.h.....
00003740: 95fe ffff 83c4 088b 4508 0fb6 c050 68f3  ........E....Ph.
00003750: 0100 00e8 81fe ffff 83c4 088b 4508 c1e8  ............E...
00003760: 080f b6c0 5068 f401 0000 e86a feff ff83  ....Ph.....j....
00003770: c408 8b45 08c1 e810 0fb6 c050 68f5 0100  ...E.......Ph...
00003780: 00e8 53fe ffff 83c4 086a 2068 f701 0000  ..S......j h....
00003790: e844 feff ff83 c408 e817 ffff ff85 c079  .D.............y
000037a0: 07b8 ffff ffff eb1a 6800 0100 00ff 750c  ........h.....u.
000037b0: 68f0 0100 00e8 5bfe ffff 83c4 0cb8 0000  h.....[.........
000037c0: 0000 c9c3 5589 e581 7d08 ffff ff0f 760a  ....U...}.....v.
000037d0: b8ff ffff ffe9 c300 0000 e89e feff ff8b  ................
000037e0: 4508 c1e8 1883 e00f 83c8 e00f b6c0 5068  E.............Ph
000037f0: f601 0000 e8e0 fdff ff83 c408 6a01 68f2  ............j.h.
00003800: 0100 00e8 d1fd ffff 83c4 088b 4508 0fb6  ............E...
00003810: c050 68f3 0100 00e8 bdfd ffff 83c4 088b  .Ph.............
00003820: 4508 c1e8 080f b6c0 5068 f401 0000 e8a6  E.......Ph......
00003830: fdff ff83 c408 8b45 08c1 e810 0fb6 c050  .......E.......P
00003840: 68f5 0100 00e8 8ffd ffff 83c4 086a 3068  h............j0h
00003850: f701 0000 e880 fdff ff83 c408 e853 feff  .............S..
00003860: ff85 c079 07b8 ffff ffff eb31 6800 0100  ...y.......1h...
00003870: 00ff 750c 68f0 0100 00e8 cbfd ffff 83c4  ..u.h...........
00003880: 0c68 e700 0000 68f7 0100 00e8 49fd ffff  .h....h.....I...
00003890: 83c4 08e8 e5fd ffff b800 0000 00c9 c355  ...............U
000038a0: 89e5 905d c3fc 668c c866 83e0 0366 a30c  ...]..f..f...f..
000038b0: 1040 0066 8cd0 66a3 0410 4000 89e0 a308  .@.f..f...@.....
000038c0: 1040 001e 060f a00f a866 b810 008e d88e  .@.......f......
000038d0: c060 e8c4 eaff ff61 0fa9 0fa1 071f cffc  .`.....a........
000038e0: 668c c866 83e0 0366 a30c 1040 0066 8cd0  f..f...f...@.f..
000038f0: 66a3 0410 4000 89e0 a308 1040 001e 060f  f...@......@....
00003900: a00f a866 b810 008e d88e c060 e8dc e8ff  ...f.......`....
00003910: ff61 0fa9 0fa1 071f cffc 1e06 0fa0 0fa8  .a..............
00003920: 66b8 1000 8ed8 8ec0 60b8 2200 0000 50e8  f.......`."...P.
00003930: f1e9 ffff 83c4 0461 0fa9 0fa1 071f cffc  .......a........
00003940: 1e06 0fa0 0fa8 66b8 1000 8ed8 8ec0 60b8  ......f.......`.
00003950: 2300 0000 50e8 cbe9 ffff 83c4 0461 0fa9  #...P........a..
00003960: 0fa1 071f cffc 1e06 0fa0 0fa8 66b8 1000  ............f...
00003970: 8ed8 8ec0 60b8 2400 0000 50e8 a5e9 ffff  ....`.$...P.....
00003980: 83c4 0461 0fa9 0fa1 071f cffc 1e06 0fa0  ...a............
00003990: 0fa8 66b8 1000 8ed8 8ec0 60b8 2500 0000  ..f.......`.%...
000039a0: 50e8 7fe9 ffff 83c4 0461 0fa9 0fa1 071f  P........a......
000039b0: cffc 1e06 0fa0 0fa8 66b8 1000 8ed8 8ec0  ........f.......
000039c0: 60b8 2600 0000 50e8 59e9 ffff 83c4 0461  `.&...P.Y......a
000039d0: 0fa9 0fa1 071f cffc 1e06 0fa0 0fa8 66b8  ..............f.
000039e0: 1000 8ed8 8ec0 60b8 2700 0000 50e8 33e9  ......`.'...P.3.
000039f0: ffff 83c4 0461 0fa9 0fa1 071f cffc 1e06  .....a..........
00003a00: 0fa0 0fa8 66b8 1000 8ed8 8ec0 60b8 2800  ....f.......`.(.
00003a10: 0000 50e8 0de9 ffff 83c4 0461 0fa9 0fa1  ..P........a....
00003a20: 071f cffc 1e06 0fa0 0fa8 66b8 1000 8ed8  ..........f.....
00003a30: 8ec0 60b8 2900 0000 50e8 e7e8 ffff 83c4  ..`.)...P.......
00003a40: 0461 0fa9 0fa1 071f cffc 1e06 0fa0 0fa8  .a..............
00003a50: 66b8 1000 8ed8 8ec0 60b8 2a00 0000 50e8  f.......`.*...P.
00003a60: c1e8 ffff 83c4 0461 0fa9 0fa1 071f cffc  .......a........
00003a70: 1e06 0fa0 0fa8 66b8 1000 8ed8 8ec0 60b8  ......f.......`.
00003a80: 2b00 0000 50e8 9be8 ffff 83c4 0461 0fa9  +...P........a..
00003a90: 0fa1 071f cffc 1e06 0fa0 0fa8 66b8 1000  ............f...
00003aa0: 8ed8 8ec0 60b8 2c00 0000 50e8 75e8 ffff  ....`.,...P.u...
00003ab0: 83c4 0461 0fa9 0fa1 071f cffc 1e06 0fa0  ...a............
00003ac0: 0fa8 66b8 1000 8ed8 8ec0 60b8 2d00 0000  ..f.......`.-...
00003ad0: 50e8 4fe8 ffff 83c4 0461 0fa9 0fa1 071f  P.O......a......
00003ae0: cffc 1e06 0fa0 0fa8 66b8 1000 8ed8 8ec0  ........f.......
00003af0: 60b8 2e00 0000 50e8 29e8 ffff 83c4 0461  `.....P.)......a
00003b00: 0fa9 0fa1 071f cffc 1e06 0fa0 0fa8 66b8  ..............f.
00003b10: 1000 8ed8 8ec0 60b8 2f00 0000 50e8 03e8  ......`./...P...
00003b20: ffff 83c4 0461 0fa9 0fa1 071f cffc 608b  .....a........`.
00003b30: 0424 8b5c 240c 5350 e87d e8ff ff83 c408  .$.\$.SP.}......
00003b40: 8904 2461 cf55 89e5 8b45 048b 4d08 8b55  ..$a.U...E..M..U
00003b50: 0c52 5150 6a00 e8ba e8ff fffa f455 89e5  .RQPj........U..
00003b60: 8b45 048b 4d08 8b55 0c52 5150 6a01 e8a2  .E..M..U.RQPj...
00003b70: e8ff fffa f455 89e5 8b45 048b 4d08 8b55  .....U...E..M..U
00003b80: 0c52 5150 6a02 e88a e8ff fffa f455 89e5  .RQPj........U..
00003b90: 8b45 048b 4d08 8b55 0c52 5150 6a03 e872  .E..M..U.RQPj..r
00003ba0: e8ff fffa f455 89e5 8b45 048b 4d08 8b55  .....U...E..M..U
00003bb0: 0c52 5150 6a04 e85a e8ff fffa f455 89e5  .RQPj..Z.....U..
00003bc0: 8b45 048b 4d08 8b55 0c52 5150 6a05 e842  .E..M..U.RQPj..B
00003bd0: e8ff fffa f455 89e5 8b45 048b 4d08 8b55  .....U...E..M..U
00003be0: 0c52 5150 6a06 e82a e8ff fffa f455 89e5  .RQPj..*.....U..
00003bf0: 8b45 048b 4d08 8b55 0c52 5150 6a07 e812  .E..M..U.RQPj...
00003c00: e8ff fffa f455 89e5 8b45 048b 5508 8b4d  .....U...E..U..M
00003c10: 0c8b 5d10 5351 5250 6a08 e8a5 e8ff fffa  ..].SQRPj.......
00003c20: f455 89e5 8b45 048b 4d08 8b55 0c52 5150  .U...E..M..U.RQP
00003c30: 6a09 e8de e7ff fffa f455 89e5 8b45 048b  j........U...E..
00003c40: 5508 8b4d 0c8b 5d10 5351 5250 6a0a e871  U..M..].SQRPj..q
00003c50: e8ff fffa f455 89e5 8b45 048b 5508 8b4d  .....U...E..U..M
00003c60: 0c8b 5d10 5351 5250 6a0b e855 e8ff fffa  ..].SQRPj..U....
00003c70: f455 89e5 8b45 048b 5508 8b4d 0c8b 5d10  .U...E..U..M..].
00003c80: 5351 5250 6a0c e839 e8ff fffa f455 89e5  SQRPj..9.....U..
00003c90: 8b45 048b 5508 8b4d 0c8b 5d10 5351 5250  .E..U..M..].SQRP
00003ca0: e8ea e8ff fffa f455 89e5 8b45 048b 5508  .......U...E..U.
00003cb0: 8b4d 0c8b 5d10 5351 5250 e831 ebff fffa  .M..].SQRP.1....
00003cc0: f455 89e5 8b45 048b 4d08 8b55 0c52 5150  .U...E..M..U.RQP
00003cd0: 6a10 e83e e7ff fffa f455 89e5 8b45 048b  j..>.....U...E..
00003ce0: 5508 8b4d 0c8b 5d10 5351 5250 6a11 e8d1  U..M..].SQRPj...
00003cf0: e7ff fffa f455 89e5 8b45 048b 4d08 8b55  .....U...E..M..U
00003d00: 0c52 5150 6a12 e80a e7ff fffa f455 89e5  .RQPj........U..
00003d10: 8b45 048b 4d08 8b55 0c52 5150 6a13 e8f2  .E..M..U.RQPj...
00003d20: e6ff fffa f455 89e5 8b45 048b 4d08 8b55  .....U...E..M..U
00003d30: 0c52 5150 6a1d e8da e6ff fffa f455 89e5  .RQPj........U..
00003d40: 8b45 048b 4d08 8b55 0c52 5150 6a1e e8c2  .E..M..U.RQPj...
00003d50: e6ff fffa f455 89e5 8b45 048b 4d08 8b55  .....U...E..M..U
00003d60: 0c52 5150 6a1f e8aa e6ff fffa f400 0000  .RQPj...........
00003d70: 0000 0000 0000 0000 0000 0000 0000 0000  ................
00003d80: 0080 0b00 3031 3233 3435 3637 3839 4142  ....0123456789AB
00003d90: 4344 4546 003c 2d2d 5b46 5543 4b2e 2041  CDEF.<--[FUCK. A
00003da0: 204b 4552 4e45 4c20 5041 4e49 4321 5d2d   KERNEL PANIC!]-
00003db0: 2d3e 0000 5359 5354 454d 2048 414c 5445  ->..SYSTEM HALTE
00003dc0: 443a 2052 4553 5441 5254 204d 414e 5541  D: RESTART MANUA
00003dd0: 4c4c 5900 4b65 726e 656c 2073 7461 636b  LLY.Kernel stack
00003de0: 2074 7261 6365 3a00 0000 0000 0000 0000   trace:.........
00003df0: 0000 0000 0000 0000 0000 0000 0000 0000  ................
00003e00: 001b 3132 3334 3536 3738 3930 2d3d 0809  ..1234567890-=..
00003e10: 7177 6572 7479 7569 6f70 5b5d 0a00 6173  qwertyuiop[]..as
00003e20: 6466 6768 6a6b 6c3b 2760 005c 7a78 6376  dfghjkl;'`.\zxcv
00003e30: 626e 6d2c 2e2f 002a 0020 0000 0000 0000  bnm,./.*. ......
00003e40: 0000 0000 0000 0000 0000 0000 0000 0000  ................
00003e50: 0000 0000 0000 0000 0000 0000 0000 0000  ................
00003e60: 0000 0000 0000 0000 0000 0000 0000 0000  ................
00003e70: 0000 0000 0000 0000 0000 0000 0000 0000  ................
00003e80: 001b 2140 2324 255e 262a 2829 5f2b 0809  ..!@#$%^&*()_+..
00003e90: 5157 4552 5459 5549 4f50 7b7d 0a00 4153  QWERTYUIOP{}..AS
00003ea0: 4446 4748 4a4b 4c3a 227e 007c 5a58 4356  DFGHJKL:"~.|ZXCV
00003eb0: 424e 4d3c 3e3f 002a 0020 0000 0000 0000  BNM<>?.*. ......
00003ec0: 0000 0000 0000 0000 0000 0000 0000 0000  ................
00003ed0: 0000 0000 0000 0000 0000 0000 0000 0000  ................
00003ee0: 0000 0000 0000 0000 0000 0000 0000 0000  ................
00003ef0: 0000 0000 0000 0000 0000 0000 0000 0000  ................
00003f00: 0a5b 556e 6861 6e64 6c65 6420 4952 513a  .[Unhandled IRQ:
00003f10: 2000 5d0a 0055 6e68 616e 646c 6564 2049   .]..Unhandled I
00003f20: 5251 000a 5b70 726f 6365 7373 2065 7869  RQ..[process exi
00003f30: 7465 645d 0a00 0000 0e14 1000 d213 1000  ted]............
00003f40: e713 1000 ee13 1000 0014 1000 0e14 1000  ................
00003f50: 0714 1000 0a5b 4350 5520 6578 6365 7074  .....[CPU except
00003f60: 696f 6e3a 2000 4549 503d 0020 4353 3d00  ion: .EIP=. CS=.
00003f70: 2045 464c 4147 533d 000a 0045 7863 6570   EFLAGS=...Excep
00003f80: 7469 6f6e 0045 5252 3d00 2045 4950 3d00  tion.ERR=. EIP=.
00003f90: 4578 6365 7074 696f 6e20 2877 6974 6820  Exception (with 
00003fa0: 6572 726f 7220 636f 6465 2900 0a5b 4750  error code)..[GP
00003fb0: 2066 6175 6c74 2030 7830 445d 0a00 5345   fault 0x0D]..SE
00003fc0: 4c3d 0020 4944 583d 0020 5449 3d00 3100  L=. IDX=. TI=.1.
00003fd0: 3000 2045 5854 3d00 5072 6f62 6520 4350  0. EXT=.Probe CP
00003fe0: 4c3d 0020 5353 3d00 2045 5350 3d00 2054  L=. SS=. ESP=. T
00003ff0: 523d 0054 5353 2e73 7330 3d00 2054 5353  R=.TSS.ss0=. TSS
00004000: 2e65 7370 303d 0047 656e 6572 616c 2070  .esp0=.General p
00004010: 726f 7465 6374 696f 6e20 6661 756c 7400  rotection fault.
00004020: 0a5b 5061 6765 2066 6175 6c74 2030 7830  .[Page fault 0x0
00004030: 455d 0a00 4352 323d 0020 4552 523d 0050  E]..CR2=. ERR=.P
00004040: 6167 6520 6661 756c 7400 4261 6420 7379  age fault.Bad sy
00004050: 7363 616c 6c21 002d 2d2d 2d2d 2d2d 2d2d  scall!.---------
00004060: 2d2d 2d2d 2d2d 2d2d 2d2d 2d2d 2d0a 0043  -------------..C
00004070: 616c 6c75 6d4f 5320 5368 656c 6c20 2843  allumOS Shell (C
00004080: 4f53 4829 0a00 4953 5220 4350 4c3d 006b  OSH)..ISR CPL=.k
00004090: 7374 6163 6b20 6261 7365 3d00 2074 6f70  stack base=. top
000040a0: 3d00 2054 5353 2e73 7330 3d00 5245 5420  =. TSS.ss0=.RET 
000040b0: 4353 3d00 5479 7065 2027 6865 6c70 2720  CS=.Type 'help' 
000040c0: 6f72 2027 6563 686f 2058 272e 0a0a 0043  or 'echo X'....C
000040d0: 4f53 483e 2000 0820 0800 0000 436f 6d6d  OSH> .. ....Comm
000040e0: 616e 6473 3a0a 2020 6865 6c70 2020 202d  ands:.  help   -
000040f0: 2073 686f 7720 6865 6c70 0a20 2065 6368   show help.  ech
00004100: 6f20 5820 2d20 7072 696e 7420 580a 2020  o X - print X.  
00004110: 7072 6f62 6520 202d 2070 7269 6e74 2049  probe  - print I
00004120: 5352 2043 504c 2f53 532f 4553 502f 5452  SR CPL/SS/ESP/TR
00004130: 0a20 2073 7461 636b 7320 2d20 7368 6f77  .  stacks - show
00004140: 206b 6572 6e65 6c20 7374 6163 6b20 626f   kernel stack bo
00004150: 756e 6473 0a20 2072 6574 2020 2020 2d20  unds.  ret    - 
00004160: 7368 6f77 206c 6173 7420 4952 5120 7265  show last IRQ re
00004170: 7475 726e 2066 7261 6d65 0a20 2065 7869  turn frame.  exi
00004180: 7420 2020 2d20 6578 6974 0a20 2063 7261  t   - exit.  cra
00004190: 7368 2020 2d20 7472 6967 6765 7220 6b65  sh  - trigger ke
000041a0: 726e 656c 2070 616e 6963 0a00 4279 652e  rnel panic..Bye.
000041b0: 0a00 4372 6173 6869 6e67 206e 6f77 2e2e  ..Crashing now..
000041c0: 2e0a 0000 4372 6173 6820 636f 6d6d 616e  ....Crash comman
000041d0: 6420 696e 766f 6b65 6420 6672 6f6d 2043  d invoked from C
000041e0: 4f53 4800 556e 6b6e 6f77 6e20 636f 6d6d  OSH.Unknown comm
000041f0: 616e 642e 0a00 656e 7465 7269 6e67 2063  and...entering c
00004200: 616c 6c75 6d6c 616e 6421 0a00 656e 7465  allumland!..ente
00004210: 725f 7573 6572 6c61 6e64 2072 6574 7572  r_userland retur
00004220: 6e65 6420 756e 6578 7065 6374 6564 6c79  ned unexpectedly
00004230: 0000 0000 7573 6572 5f65 6e74 7279 2072  ....user_entry r
00004240: 6574 7572 6e65 6420 756e 6578 7065 6374  eturned unexpect
00004250: 6564 6c79 0054 6573 7469 6e67 204b 6d61  edly.Testing Kma
00004260: 6c6c 6f63 2e2e 2e0a 004b 6d61 6c6c 6f63  lloc.....Kmalloc
00004270: 2074 6573 7420 6661 696c 6564 2100 0000   test failed!...
00004280: 5465 7374 696e 6720 426c 6f63 6b20 4465  Testing Block De
00004290: 7669 6365 2044 7269 7665 722e 2e2e 0a00  vice Driver.....
000042a0: 426c 6f63 6b20 4465 7669 6365 2044 7269  Block Device Dri
000042b0: 7665 7220 5465 7374 2046 4149 4c45 4421  ver Test FAILED!
000042c0: 004b 6572 6e65 6c20 7374 6172 7473 2061  .Kernel starts a
000042d0: 743a 2000 0a53 6574 7469 6e67 2075 7020  t: ..Setting up 
000042e0: 6578 6365 7074 696f 6e73 0a00 5365 7474  exceptions..Sett
000042f0: 696e 6720 7570 2065 7863 6570 7469 6f6e  ing up exception
00004300: 7320 646f 6e65 2c20 7365 7474 696e 6720  s done, setting 
00004310: 7570 2049 5251 730a 0000 0000 5365 7474  up IRQs.....Sett
00004320: 696e 6720 7570 2049 5251 7320 646f 6e65  ing up IRQs done
00004330: 2c20 7365 7474 696e 6720 7570 2073 7973  , setting up sys
00004340: 6361 6c6c 2067 6174 6520 616e 6420 7265  call gate and re
00004350: 6d61 7070 696e 6720 7468 6520 5049 430a  mapping the PIC.
00004360: 0049 6e69 7469 616c 697a 696e 6720 7468  .Initializing th
00004370: 6520 5049 540a 0054 523d 004c 6175 6e63  e PIT..TR=.Launc
00004380: 6869 6e67 2043 4f53 482e 2e2e 0a0a 0000  hing COSH.......
00004390: 456e 7465 7269 6e67 2043 616c 6c75 6d6c  Entering Calluml
000043a0: 616e 6420 7368 6f72 746c 792e 2e2e 2e20  and shortly.... 
000043b0: 0a00 0000 2c3a 4000 2c3a c000 b701 0000  ....,:@.,:......
000043c0: 0500 0104 0000 0000 0715 0000 001d 1700  ................
000043d0: 0000 0000 0000 0c00 1000 eb00 0000 0000  ................
000043e0: 0000 0804 0569 6e74 0009 0e00 0000 02d6  .....int........
000043f0: 1739 0000 0002 0407 a101 0000 0204 0505  .9..............
00004400: 0000 0002 0805 0000 0000 020c 04c5 0000  ................
00004410: 0002 1004 9f00 0000 05be 0000 001a 082d  ...............-
00004420: 0000 00cf 0010 0028 0000 0001 9c90 0000  .......(........
00004430: 0001 7300 1a1b 9000 0000 0291 0003 6c65  ..s...........le
00004440: 6e00 1b0c 2d00 0000 0291 7400 049c 0000  n...-.....t.....
00004450: 0002 0106 b200 0000 0695 0000 0005 9800  ................
00004460: 0000 1105 2600 0000 7700 1000 5800 0000  ....&...w...X...
00004470: 019c f700 0000 0161 0011 18f7 0000 0002  .......a........
00004480: 9100 0162 0011 27f7 0000 0002 9104 016e  ...b..'........n
00004490: 0011 312d 0000 0002 9108 0378 0012 1afd  ..1-.......x....
000044a0: 0000 0002 9174 0379 0012 22fd 0000 0002  .....t.y..".....
000044b0: 9170 0004 fc00 0000 0a04 0901 0000 0201  .p..............
000044c0: 08a9 0000 0006 0201 0000 05d1 0000 000b  ................
000044d0: 075c 0100 0049 0010 002e 0000 0001 9c5c  .\...I.........\
000044e0: 0100 0001 6473 7400 0b14 5c01 0000 0291  ....dst...\.....
000044f0: 0001 7661 6c00 0b1d 2600 0000 0291 0401  ..val...&.......
00004500: 6e00 0b29 2d00 0000 0291 0803 6400 0c14  n..)-.......d...
00004510: 5e01 0000 0291 7400 0b04 0402 0100 000c  ^.....t.........
00004520: b700 0000 0104 075c 0100 000c 0010 003d  .......\.......=
00004530: 0000 0001 9c01 6473 7400 0414 5c01 0000  ......dst...\...
00004540: 0291 0001 7372 6300 0425 f700 0000 0291  ....src..%......
00004550: 0401 6e00 0431 2d00 0000 0291 0803 6400  ..n..1-.......d.
00004560: 0514 5e01 0000 0291 7403 7300 061a fd00  ..^.....t.s.....
00004570: 0000 0291 7000 000f 1800 0005 0001 04b3  ....p...........
00004580: 0000 002a 1500 0000 1d68 0000 0000 0000  ...*.....h......
00004590: 00f7 0010 00e2 2400 0018 0100 000d 0106  ......$.........
000045a0: ab00 0000 0d02 0565 0600 002b 0405 696e  .......e...+..in
000045b0: 7400 0d08 0500 0000 0014 4008 0000 022e  t.........@.....
000045c0: 184e 0000 000d 0108 a900 0000 14ba 0200  .N..............
000045d0: 0002 3119 6600 0000 1e55 0000 000d 0207  ..1.f....U......
000045e0: ae03 0000 14bd 0600 0002 3419 7e00 0000  ..........4.~...
000045f0: 1e6d 0000 000d 0407 a101 0000 1e7e 0000  .m...........~..
00004600: 000d 0807 9701 0000 1425 0100 0002 561a  .........%....V.
00004610: 7e00 0000 140e 0000 0003 d617 7e00 0000  ~...........~...
00004620: 0d04 0505 0000 000d 0c04 c500 0000 0d10  ................
00004630: 049f 0000 002c 0c01 1707 ec00 0000 197c  .....,.........|
00004640: 0600 0017 196d 0000 0000 1905 0300 0017  .....m..........
00004650: 206d 0000 0004 192f 0100 0017 276d 0000   m...../....'m..
00004660: 0008 001c be00 0000 1a03 0800 0017 33ec  ..............3.
00004670: 0000 0005 0300 0010 002d 1e08 0000 0801  .........-......
00004680: 1d10 2801 0000 1991 0600 001e 0c9d 0000  ..(.............
00004690: 0000 19f5 0100 001f 1828 0100 0004 000f  .........(......
000046a0: 0201 0000 14c0 0100 0001 2003 0201 0000  .......... .....
000046b0: 20b5 0500 0021 4301 0000 0d01 06b2 0000   ....!C.........
000046c0: 001c 4301 0000 1a05 0400 0022 0b91 0000  ..C........"....
000046d0: 0005 03b4 3310 001a b105 0000 250b 9100  ....3.......%...
000046e0: 0000 0503 b833 1000 09c5 0700 0026 1682  .....3.......&..
000046f0: 0100 0005 0320 1040 000f 2d01 0000 0a91  ..... .@..-.....
00004700: 0000 0098 0100 001d 7e00 0000 ff03 001a  ........~.......
00004710: e306 0000 280b 8701 0000 0503 0000 4000  ....(.........@.
00004720: 1a71 0300 0029 0534 0000 0005 0300 1040  .q...).4.......@
00004730: 000a 4301 0000 c501 0000 2e00 20d6 0700  ..C......... ...
00004740: 002a ba01 0000 0b56 4741 00c6 21e5 0100  .*.....VGA..!...
00004750: 0005 0380 2d10 000f 6100 0000 1ce0 0100  ....-...a.......
00004760: 0009 6e02 0000 c70c 3400 0000 0503 2410  ..n.....4.....$.
00004770: 4000 0935 0800 00c7 1a34 0000 0005 0328  @..5.....4.....(
00004780: 1040 0010 a405 0000 7001 1361 0000 0005  .@......p..a....
00004790: 0304 1040 0010 9105 0000 7101 1379 0000  ...@......q..y..
000047a0: 0005 0308 1040 0010 3405 0000 7201 1361  .....@..4...r..a
000047b0: 0000 0005 030c 1040 0010 a902 0000 7301  .......@......s.
000047c0: 1361 0000 0005 030e 1040 0010 8507 0000  .a.......@......
000047d0: 7601 1379 0000 0005 0310 1040 0010 0003  v..y.......@....
000047e0: 0000 7601 1e79 0000 0005 0314 1040 0010  ..v..y.......@..
000047f0: 3202 0000 7601 2c79 0000 0005 0318 1040  2...v.,y.......@
00004800: 0010 5106 0000 7701 1361 0000 0005 031c  ..Q...w..a......
00004810: 1040 0010 f006 0000 7701 1d61 0000 0005  .@......w..a....
00004820: 031e 1040 001b d906 0000 087a 0109 0300  ...@.......z....
00004830: 0004 5d03 0000 7a01 3455 0000 0000 0496  ..]...z.4U......
00004840: 0600 007a 0147 5500 0000 0204 b406 0000  ...z.GU.........
00004850: 7a01 5842 0000 0004 040e 0400 007a 016a  z.XB.........z.j
00004860: 4200 0000 0504 f604 0000 7a01 7a42 0000  B.........z.zB..
00004870: 0006 04b4 0400 007a 0188 4200 0000 0700  .......z..B.....
00004880: 1b66 0200 0006 7b01 3003 0000 04fa 0200  .f....{.0.......
00004890: 007b 0132 5500 0000 0004 1902 0000 7b01  .{.2U.........{.
000048a0: 426d 0000 0002 001b 4d01 0000 087c 017e  Bm......M....|.~
000048b0: 0300 0004 9606 0000 7c01 3455 0000 0000  ........|.4U....
000048c0: 0673 656c 007c 0146 5500 0000 0204 8a04  .sel.|.FU.......
000048d0: 0000 7c01 5342 0000 0004 0405 0300 007c  ..|.SB.........|
000048e0: 0164 4200 0000 0504 b404 0000 7c01 7455  .dB.........|.tU
000048f0: 0000 0006 001b b202 0000 067d 01a5 0300  ...........}....
00004900: 0004 fa02 0000 7d01 3255 0000 0000 0419  ......}.2U......
00004910: 0200 007d 0142 6d00 0000 0200 1bd6 0200  ...}.Bm.........
00004920: 0068 8001 9a05 0000 04dc 0800 0081 010f  .h..............
00004930: 5500 0000 0004 e307 0000 8101 1955 0000  U............U..
00004940: 0002 04d6 0300 0082 010e 6d00 0000 0406  ..........m.....
00004950: 7373 3000 8301 0e55 0000 0008 04c3 0500  ss0....U........
00004960: 0083 0113 5500 0000 0a04 db03 0000 8401  ....U...........
00004970: 0e6d 0000 000c 0673 7331 0085 010e 5500  .m.....ss1....U.
00004980: 0000 1004 9602 0000 8501 1355 0000 0012  ...........U....
00004990: 04e0 0300 0086 010e 6d00 0000 1406 7373  ........m.....ss
000049a0: 3200 8701 0e55 0000 0018 04bb 0700 0087  2....U..........
000049b0: 0113 5500 0000 1a06 6372 3300 8801 0e6d  ..U.....cr3....m
000049c0: 0000 001c 0665 6970 0089 010e 6d00 0000  .....eip....m...
000049d0: 2004 0403 0000 8a01 0e6d 0000 0024 0665   ........m...$.e
000049e0: 6178 008b 010e 6d00 0000 2806 6563 7800  ax....m...(.ecx.
000049f0: 8b01 136d 0000 002c 0665 6478 008b 0118  ...m...,.edx....
00004a00: 6d00 0000 3006 6562 7800 8b01 1d6d 0000  m...0.ebx....m..
00004a10: 0034 0665 7370 008c 010e 6d00 0000 3806  .4.esp....m...8.
00004a20: 6562 7000 8c01 136d 0000 003c 0665 7369  ebp....m...<.esi
00004a30: 008c 0118 6d00 0000 4006 6564 6900 8c01  ....m...@.edi...
00004a40: 1d6d 0000 0044 0665 7300 8d01 0e55 0000  .m...D.es....U..
00004a50: 0048 04ba 0500 008d 0112 5500 0000 4a06  .H........U...J.
00004a60: 6373 008e 010e 5500 0000 4c04 8303 0000  cs....U...L.....
00004a70: 8e01 1255 0000 004e 0673 7300 8f01 0e55  ...U...N.ss....U
00004a80: 0000 0050 0453 0700 008f 0112 5500 0000  ...P.S......U...
00004a90: 5206 6473 0090 010e 5500 0000 5404 6c04  R.ds....U...T.l.
00004aa0: 0000 9001 1255 0000 0056 0666 7300 9101  .....U...V.fs...
00004ab0: 0e55 0000 0058 04ee 0000 0091 0112 5500  .U...X........U.
00004ac0: 0000 5a06 6773 0092 010e 5500 0000 5c04  ..Z.gs....U...\.
00004ad0: 0c02 0000 9201 1255 0000 005e 066c 6474  .......U...^.ldt
00004ae0: 0093 010e 5500 0000 6004 0b03 0000 9301  ....U...`.......
00004af0: 1355 0000 0062 04a9 0300 0094 010e 5500  .U...b........U.
00004b00: 0000 6404 f004 0000 9501 0e55 0000 0066  ..d........U...f
00004b10: 000a ae02 0000 aa05 0000 117e 0000 0005  ...........~....
00004b20: 0001 6764 7400 9701 199a 0500 0005 0340  ..gdt..........@
00004b30: 1040 0001 6770 0097 0137 0903 0000 0503  .@..gp...7......
00004b40: 7010 4000 0a30 0300 00dd 0500 0011 7e00  p.@..0........~.
00004b50: 0000 ff00 0169 6474 0098 0119 cd05 0000  .....idt........
00004b60: 0503 8010 4000 0169 7000 9801 397e 0300  ....@..ip...9~..
00004b70: 0005 0380 1840 0001 7473 7300 9901 19a5  .....@..tss.....
00004b80: 0300 0005 03a0 1840 000a 4200 0000 2306  .......@..B...#.
00004b90: 0000 1d7e 0000 00ff 0f00 211d 0600 009c  ...~......!.....
00004ba0: 0112 0600 0005 0310 1940 0021 ee07 0000  .........@.!....
00004bb0: 9d01 1206 0000 0503 1029 4000 0569 0800  .........)@..i..
00004bc0: 00cc 010c 3400 0000 0503 1039 4000 05d8  ....4......9@...
00004bd0: 0000 00cc 0115 3400 0000 0503 1439 4000  ......4......9@.
00004be0: 0a4a 0100 0079 0600 0011 7e00 0000 7f00  .J...y....~.....
00004bf0: 1c69 0600 0005 cf07 0000 cd01 1379 0600  .i...........y..
00004c00: 0005 0300 2e10 0005 6208 0000 d101 1379  ........b......y
00004c10: 0600 0005 0380 2e10 000a 4301 0000 b206  ..........C.....
00004c20: 0000 117e 0000 00ff 0005 9f05 0000 d701  ...~............
00004c30: 0da2 0600 0005 0320 3940 0005 9f08 0000  ....... 9@......
00004c40: d701 3785 0000 0005 0320 3a40 0005 2f04  ..7...... :@../.
00004c50: 0000 d701 4085 0000 0005 0324 3a40 002f  ....@......$:@./
00004c60: 0704 7e00 0000 0106 0206 1c07 0000 1527  ..~............'
00004c70: 0300 0001 1566 0300 0002 15a0 0200 0003  .....f..........
00004c80: 158c 0200 0004 1548 0800 0005 1596 0700  .......H........
00004c90: 0006 0003 2602 0000 340d 038d 0700 0033  ....&...4......3
00004ca0: 2903 e002 0000 330d 037c 0700 0032 4503  ).....3..|...2E.
00004cb0: 7307 0000 3229 036a 0700 0032 0d03 6107  s...2).j...2..a.
00004cc0: 0000 3145 0383 0200 0031 2903 4a07 0000  ..1E.....1).J...
00004cd0: 310d 0341 0700 0030 4503 3807 0000 3029  1..A...0E.8...0)
00004ce0: 032f 0700 0030 0d03 2607 0000 2f45 031d  ./...0..&.../E..
00004cf0: 0700 002f 2903 1407 0000 2f0d 0322 0500  .../)...../.."..
00004d00: 002e 0d03 fb03 0000 2d0d 036f 0600 003e  ........-..o...>
00004d10: 0d03 7708 0000 3d4d 0358 0600 003d 2d03  ..w...=M.X...=-.
00004d20: 2406 0000 3d0d 0322 0400 003c 4d03 1006  $...=.."...<M...
00004d30: 0000 3c2d 0303 0600 003c 0d03 6905 0000  ..<-.....<..i...
00004d40: 3b4d 035c 0500 003b 2d03 4f05 0000 3b0d  ;M.\...;-.O...;.
00004d50: 0342 0500 003a 4d03 0901 0000 3a2d 0315  .B...:M.....:-..
00004d60: 0500 003a 0d03 0805 0000 394d 03fb 0400  ...:......9M....
00004d70: 0039 2d03 b208 0000 390d 03a5 0800 0038  .9-.....9......8
00004d80: 4d03 e304 0000 382d 03d6 0400 0038 0d03  M.....8-.....8..
00004d90: c904 0000 374d 03bc 0400 0037 2d03 1504  ....7M.....7-...
00004da0: 0000 370d 3031 0600 0004 0705 3400 0000  ..7.01......4...
00004db0: 4808 0000 226d 0000 0022 4808 0000 0031  H..."m..."H....1
00004dc0: 0423 1503 0000 fb02 9e1f 1000 3b06 0000  .#..........;...
00004dd0: 019c a208 0000 0515 0200 0009 030e 6d00  ..............m.
00004de0: 0000 0291 6805 f602 0000 0903 306d 0000  ....h.......0m..
00004df0: 0002 9164 016d 004a 030d 4200 0000 0291  ...d.m.J..B.....
00004e00: 6307 2220 1000 1e00 0000 0169 0004 0310  c." .......i....
00004e10: 9d00 0000 0291 6c00 0024 8f08 0000 ea02  ......l..$......
00004e20: 341f 1000 6a00 0000 019c ee08 0000 05cf  4...j...........
00004e30: 0200 00ec 020d ee08 0000 0391 e87b 0529  .............{.)
00004e40: 0800 00ee 0209 3400 0000 0291 6807 761f  ......4.....h.v.
00004e50: 1000 2400 0000 0169 00f6 020e 3400 0000  ..$....i....4...
00004e60: 0291 6c00 000a 4200 0000 ff08 0000 1d7e  ..l...B........~
00004e70: 0000 00ff 0100 24e9 0200 00e1 02f4 1e10  ......$.........
00004e80: 0040 0000 0001 9c24 0900 0005 8405 0000  .@.....$........
00004e90: e302 0a48 0800 0002 9174 0016 d108 0000  ...H.....t......
00004ea0: dd02 24d8 1e10 001c 0000 0001 9c32 1601  ..$..........2..
00004eb0: 0000 01c8 020d 991e 1000 3f00 0000 019c  ..........?.....
00004ec0: 6c09 0000 08d6 0800 00c8 0223 6d09 0000  l..........#m...
00004ed0: 0291 0005 3008 0000 ca02 0e6d 0000 0002  ....0......m....
00004ee0: 9174 0033 0f6c 0900 000c cd05 0000 9302  .t.3.l..........
00004ef0: 0d79 1b10 0020 0300 0001 9cf1 0900 0005  .y... ..........
00004f00: 5c07 0000 9702 0af1 0900 0003 91ec 6f01  \.............o.
00004f10: 6c65 6e00 9702 1a34 0000 0002 9174 340c  len....4.....t4.
00004f20: 0000 00d9 0900 0001 6368 009b 0211 3400  ........ch....4.
00004f30: 0000 0291 6c07 281c 1000 3700 0000 016f  ....l.(...7....o
00004f40: 7574 00a2 021a 020a 0000 0391 ea6f 0000  ut...........o..
00004f50: 07a5 1d10 0034 0000 0001 7300 b802 1912  .....4....s.....
00004f60: 0a00 0002 9170 0000 0a43 0100 0002 0a00  .....p...C......
00004f70: 001d 7e00 0000 ff07 000a 4301 0000 120a  ..~.......C.....
00004f80: 0000 117e 0000 0001 000f 4a01 0000 16d6  ...~......J.....
00004f90: 0100 008a 020d bf1a 1000 ba00 0000 019c  ................
00004fa0: 0cfa 0100 0082 020d 1a1a 1000 a500 0000  ................
00004fb0: 019c 5e0a 0000 0519 0200 0083 020e 6d00  ..^...........m.
00004fc0: 0000 0291 7401 746f 7000 8402 0e6d 0000  ....t.top....m..
00004fd0: 0002 9170 0016 7504 0000 7c02 0d7a 1910  ...p..u...|..z..
00004fe0: 00a0 0000 0001 9c16 5a02 0000 7702 0d47  ........Z...w..G
00004ff0: 1910 0033 0000 0001 9c25 4804 0000 7402  ...3.....%H...t.
00005000: 3a19 1000 0d00 0000 019c 26ac 0400 0071  :.........&....q
00005010: 0234 0000 0028 1910 0012 0000 0001 9cba  .4...(..........
00005020: 0a00 0002 7300 7102 2712 0a00 0002 9100  ....s.q.'.......
00005030: 0026 6f08 0000 6d02 3400 0000 1619 1000  .&o...m.4.......
00005040: 1200 0000 019c e10a 0000 0273 006d 0227  ...........s.m.'
00005050: 120a 0000 0291 0000 27f7 0000 0069 0213  ........'....i..
00005060: 3400 0000 0519 1000 1100 0000 019c 28a1  4.............(.
00005070: 0700 0058 0205 3400 0000 b918 1000 4c00  ...X..4.......L.
00005080: 0000 019c 300b 0000 026e 756d 0058 021a  ....0....num.X..
00005090: 3400 0000 0291 0002 6172 6700 5802 2b12  4.......arg.X.+.
000050a0: 0a00 0002 9104 0013 b701 0000 4902 f017  ............I...
000050b0: 1000 c900 0000 019c 900b 0000 0265 7272  .............err
000050c0: 0049 0218 6d00 0000 0291 0002 6569 7000  .I..m.......eip.
000050d0: 4902 266d 0000 0002 9104 0263 7300 4902  I.&m.......cs.I.
000050e0: 3455 0000 0002 9164 0804 0300 0049 0241  4U.....d.....I.A
000050f0: 6d00 0000 0291 0c01 6372 3200 4a02 0e6d  m.......cr2.J..m
00005100: 0000 0002 9174 0013 7b05 0000 2f02 8f15  .....t..{.../...
00005110: 1000 6102 0000 019c 1c0c 0000 0265 7272  ..a..........err
00005120: 002f 0218 6d00 0000 0291 0002 6569 7000  ./..m.......eip.
00005130: 2f02 266d 0000 0002 9104 0263 7300 2f02  /.&m.......cs./.
00005140: 3455 0000 0002 9164 0804 0300 002f 0241  4U.....d...../.A
00005150: 6d00 0000 0291 0c01 7365 6c00 3602 0e55  m.......sel.6..U
00005160: 0000 0002 9176 0169 6478 0037 020e 5500  .....v.idx.7..U.
00005170: 0000 0291 7401 7469 0038 020d 4200 0000  ....t.ti.8..B...
00005180: 0291 7301 6578 7400 3902 0d42 0000 0002  ..s.ext.9..B....
00005190: 9172 0013 5701 0000 2702 c414 1000 cb00  .r..W...'.......
000051a0: 0000 019c 7c0c 0000 0276 6563 0027 021f  ....|....vec.'..
000051b0: 4200 0000 0291 7402 6572 7200 2702 2d6d  B.....t.err.'.-m
000051c0: 0000 0002 9104 0265 6970 0027 023b 6d00  .......eip.'.;m.
000051d0: 0000 0291 0802 6373 0027 0249 5500 0000  ......cs.'.IU...
000051e0: 0291 7008 0403 0000 2702 566d 0000 0002  ..p.....'.Vm....
000051f0: 9110 0013 3504 0000 2002 1514 1000 af00  ....5... .......
00005200: 0000 019c cd0c 0000 0276 6563 0020 0221  .........vec. .!
00005210: 4200 0000 0291 7402 6569 7000 2002 2f6d  B.....t.eip. ./m
00005220: 0000 0002 9104 0263 7300 2002 3d55 0000  .......cs. .=U..
00005230: 0002 9170 0804 0300 0020 024a 6d00 0000  ...p..... .Jm...
00005240: 0291 0c00 28ec 0500 000a 020a 6d00 0000  ....(.......m...
00005250: ba13 1000 5b00 0000 019c 060d 0000 026e  ....[..........n
00005260: 756d 000a 0221 6d00 0000 0291 0002 6172  um...!m.......ar
00005270: 6700 0a02 2f6d 0000 0002 9104 0013 c302  g.../m..........
00005280: 0000 0002 9b13 1000 1f00 0000 019c 2e0d  ................
00005290: 0000 0521 0300 0001 0215 6d00 0000 0503  ...!......m.....
000052a0: 283a 4000 0013 3d01 0000 f901 2513 1000  (:@...=.....%...
000052b0: 7600 0000 019c 530d 0000 0276 6563 00f9  v.....S....vec..
000052c0: 011e 4200 0000 0291 7400 134e 0300 00e7  ..B.....t..N....
000052d0: 01ed 1110 0038 0100 0001 9ca0 0d00 0035  .....8.........5
000052e0: 656f 6900 01f5 0101 1613 1000 0173 6300  eoi..........sc.
000052f0: e901 0d42 0000 0002 9176 016b 6d00 ee01  ...B.....v.km...
00005300: 1112 0a00 0002 9170 0163 6800 ee01 3443  .......p.ch...4C
00005310: 0100 0002 9177 000c 4106 0000 df01 0d63  .....w..A......c
00005320: 1110 008a 0000 0001 9cdd 0d00 0001 6366  ..............cf
00005330: 6700 e101 0d42 0000 0002 9173 07ae 1110  g....B.....s....
00005340: 003b 0000 0001 6900 e301 0d34 0000 0002  .;....i....4....
00005350: 9174 0000 0cdd 0000 00de 010d 2f11 1000  .t........../...
00005360: 3400 0000 019c 030e 0000 0263 6667 00de  4..........cfg..
00005370: 0126 4200 0000 0291 7400 27e5 0100 00dd  .&B.....t.'.....
00005380: 0110 4200 0000 0a11 1000 2500 0000 019c  ..B.......%.....
00005390: 1697 0400 00dc 0114 e810 1000 2200 0000  ............"...
000053a0: 019c 16f7 0600 00db 0114 c610 1000 2200  ..............".
000053b0: 0000 019c 1fab 0600 00d9 010c 3400 0000  ............4...
000053c0: 8510 1000 4100 0000 019c 650e 0000 0163  ....A.....e....c
000053d0: 00d9 013d 4301 0000 0291 7700 1750 0400  ...=C.....w..P..
000053e0: 00d8 010d 4510 1000 4000 0000 019c 960e  ....E...@.......
000053f0: 0000 0263 00d8 011c 4301 0000 0291 6401  ...c....C.....d.
00005400: 6e00 d801 297e 0000 0002 9174 000c fa05  n...)~.....t....
00005410: 0000 c001 0dfb 0f10 004a 0000 0001 9cca  .........J......
00005420: 0e00 0002 687a 00c0 011f 6d00 0000 0291  ....hz....m.....
00005430: 0005 d106 0000 c101 0e6d 0000 0002 9174  .........m.....t
00005440: 000c 1408 0000 b801 0d20 0f10 00db 0000  ......... ......
00005450: 0001 9cfd 0e00 0001 6131 00b9 010d 4200  ........a1....B.
00005460: 0000 0291 7701 6132 00b9 011b 4200 0000  ....w.a2....B...
00005470: 0291 7600 1731 0300 00b3 010d b60e 1000  ..v..1..........
00005480: 6a00 0000 019c 500f 0000 026e 756d 00b3  j.....P....num..
00005490: 0122 4200 0000 0291 7408 1902 0000 b301  ."B.....t.......
000054a0: 2f6d 0000 0002 9104 0273 656c 00b3 013d  /m.......sel...=
000054b0: 5500 0000 0291 7008 0503 0000 b301 4942  U.....p.......IB
000054c0: 0000 0002 916c 0025 c103 0000 b001 a20e  .....l.%........
000054d0: 1000 1400 0000 019c 1f82 0600 00ac 0118  ................
000054e0: 5500 0000 8e0e 1000 1400 0000 019c 8a0f  U...............
000054f0: 0000 0174 7200 ad01 0e55 0000 0002 9176  ...tr....U.....v
00005500: 0036 6c74 7200 01ab 0114 770e 1000 1700  .6ltr.....w.....
00005510: 0000 019c b10f 0000 0273 656c 00ab 0121  .........sel...!
00005520: 5500 0000 0291 7400 1792 0400 00aa 0114  U.....t.........
00005530: 6b0e 1000 0c00 0000 019c d50f 0000 0270  k..............p
00005540: 00aa 0129 d50f 0000 0291 0000 0f7e 0300  ...).........~..
00005550: 0017 8c03 0000 a901 145f 0e10 000c 0000  ........._......
00005560: 0001 9cfe 0f00 0002 7000 a901 29fe 0f00  ........p...)...
00005570: 0002 9100 000f 0903 0000 17a3 0600 00a5  ................
00005580: 010d da0d 1000 8500 0000 019c 6310 0000  ............c...
00005590: 0269 00a5 0119 3400 0000 0291 0008 1902  .i....4.........
000055a0: 0000 a501 246d 0000 0002 9104 08fa 0200  ....$m..........
000055b0: 00a5 0132 6d00 0000 0291 0808 0e04 0000  ...2m...........
000055c0: a501 4042 0000 0002 9174 08f6 0400 00a5  ..@B.....t......
000055d0: 014f 4200 0000 0291 7000 23ae 0400 0043  .OB.....p.#....C
000055e0: 01d1 0b10 0009 0200 0001 9c71 1100 0002  ...........q....
000055f0: 6d73 6700 4301 3212 0a00 0002 9100 055f  msg.C.2........_
00005600: 0200 004c 0111 120a 0000 0291 6405 5208  ...L........d.R.
00005610: 0000 4d01 0934 0000 0002 9160 051e 0200  ..M..4.....`....
00005620: 0051 0109 3400 0000 0291 5c05 7c03 0000  .Q..4.....\.|...
00005630: 5501 1112 0a00 0002 9158 055a 0400 0056  U........X.Z...V
00005640: 0109 3400 0000 0291 5401 6864 7200 5a01  ..4.....T.hdr.Z.
00005650: 1112 0a00 0002 9150 053f 0200 005b 0109  .......P.?...[..
00005660: 3400 0000 0291 4c01 6573 7000 5f01 0f71  4.....L.esp._..q
00005670: 1100 0002 9148 29d9 0b10 0053 0000 0031  .....H)....S...1
00005680: 1100 0001 7200 4701 0e34 0000 0002 9170  ....r.G..4.....p
00005690: 07e2 0b10 0040 0000 0001 6300 4801 1234  .....@....c.H..4
000056a0: 0000 0002 916c 0000 070e 0d10 00c9 0000  .....l..........
000056b0: 0001 6900 6301 0e34 0000 0002 9168 071a  ..i.c..4.....h..
000056c0: 0d10 00af 0000 0001 726f 7700 6401 0d34  ........row.d..4
000056d0: 0000 0002 9144 0163 6f6c 0065 010d 3400  .....D.col.e..4.
000056e0: 0000 0291 4000 0000 0f6d 0000 0017 8201  ....@....m......
000056f0: 0000 3a01 0d95 0b10 003c 0000 0001 9cca  ..:......<......
00005700: 1100 0002 7365 6300 3a01 1e34 0000 0002  ....sec.:..4....
00005710: 9100 079b 0b10 0032 0000 0001 7300 3b01  .......2....s.;.
00005720: 0e34 0000 0002 9174 07a4 0b10 001d 0000  .4.....t........
00005730: 0001 6900 3c01 2079 0000 0002 9170 0000  ..i.<. y.....p..
00005740: 000c 3e03 0000 2e01 0d9b 0a10 00fa 0000  ..>.............
00005750: 0001 9c58 1200 0002 726f 7700 2e01 2134  ...X....row...!4
00005760: 0000 0002 9100 0263 6f6c 002e 012a 3400  .......col...*4.
00005770: 0000 0291 0402 7661 6c00 2e01 386d 0000  ......val...8m..
00005780: 0002 9108 088a 0800 002e 0145 4200 0000  ...........EB...
00005790: 0291 5807 140b 1000 7700 0000 0169 0031  ..X.....w....i.1
000057a0: 010e 3400 0000 0291 6807 1d0b 1000 6400  ..4.....h.....d.
000057b0: 0000 0164 0032 010d 3400 0000 0291 6401  ...d.2..4.....d.
000057c0: 6300 3301 0e43 0100 0002 9163 0000 000c  c.3..C.....c....
000057d0: 6801 0000 2701 0e96 0910 0005 0100 0001  h...'...........
000057e0: 9cc5 1200 0002 726f 7700 2701 2034 0000  ......row.'. 4..
000057f0: 0002 9100 0263 6f6c 0027 0129 3400 0000  .....col.'.)4...
00005800: 0291 0402 6e00 2701 3234 0000 0002 9108  ....n.'.24......
00005810: 088a 0800 0027 013d 4200 0000 0291 5801  .....'.=B.....X.
00005820: 6275 6600 2801 0ac5 1200 0002 915c 0169  buf.(........\.i
00005830: 0028 0117 3400 0000 0291 6800 0a43 0100  .(..4.....h..C..
00005840: 00d5 1200 0011 7e00 0000 0b00 0c91 0300  ......~.........
00005850: 0021 010d 2e09 1000 6800 0000 019c 2613  .!......h.....&.
00005860: 0000 0272 6f77 0021 011d 3400 0000 0291  ...row.!..4.....
00005870: 0002 636f 6c00 2101 2634 0000 0002 9104  ..col.!.&4......
00005880: 0273 0021 0137 120a 0000 0291 0808 8a08  .s.!.7..........
00005890: 0000 2101 4242 0000 0002 9168 001f 0c07  ..!.BB.....h....
000058a0: 0000 1f01 0c34 0000 0007 0910 0027 0000  .....4.......'..
000058b0: 0001 9c5b 1300 0002 7300 1f01 2012 0a00  ...[....s... ...
000058c0: 0002 9100 016e 001f 0129 3400 0000 0291  .....n...)4.....
000058d0: 7400 0c76 0100 000f 010d dd08 1000 2a00  t..v..........*.
000058e0: 0000 019c 8113 0000 0174 6d70 0010 010d  .........tmp....
000058f0: 4200 0000 0291 7700 0c47 0200 0006 010d  B.....w..G......
00005900: 6308 1000 7a00 0000 019c c513 0000 083a  c...z..........:
00005910: 0200 0006 0121 6d00 0000 0291 0001 6469  .....!m.......di
00005920: 7600 0701 0e6d 0000 0002 9174 0174 6d70  v....m.....t.tmp
00005930: 000b 010d 4200 0000 0291 7300 0cef 0300  ....B.....s.....
00005940: 0002 010d fd07 1000 6600 0000 019c 2b14  ........f.....+.
00005950: 0000 0276 0002 0122 6d00 0000 0291 0008  ...v..."m.......
00005960: 8a08 0000 0201 2d42 0000 0002 9154 0168  ......-B.....T.h
00005970: 0003 0111 120a 0000 0291 7001 6f75 7400  ..........p.out.
00005980: 0301 2c2b 1400 0002 9167 0710 0810 003b  ..,+.....g.....;
00005990: 0000 0001 6900 0401 0d34 0000 0002 9174  ....i....4.....t
000059a0: 0000 0a43 0100 003b 1400 0011 7e00 0000  ...C...;....~...
000059b0: 0800 189d 0300 00fe 6607 1000 9700 0000  ........f.......
000059c0: 019c 8414 0000 1276 00fe 2255 0000 0002  .......v.."U....
000059d0: 9164 0e8a 0800 00fe 2d42 0000 0002 9160  .d......-B.....`
000059e0: 0b68 00ff 1112 0a00 0002 9174 0b6f 7574  .h.........t.out
000059f0: 00ff 2c84 1400 0002 916f 000a 4301 0000  ..,......o..C...
00005a00: 9414 0000 117e 0000 0004 0018 c606 0000  .....~..........
00005a10: fa07 0710 005f 0000 0001 9cdd 1400 0012  ....._..........
00005a20: 7600 fa20 4200 0000 0291 640e 8a08 0000  v.. B.....d.....
00005a30: fa2b 4200 0000 0291 600b 6800 fb11 120a  .+B.....`.h.....
00005a40: 0000 0291 740b 6f75 7400 fb2c dd14 0000  ....t.out..,....
00005a50: 0291 7100 0a43 0100 00ed 1400 0011 7e00  ..q..C........~.
00005a60: 0000 0200 18e5 0300 00f9 bf06 1000 4800  ..............H.
00005a70: 0000 019c 3215 0000 1273 00f9 2312 0a00  ....2....s..#...
00005a80: 0002 9100 0e8a 0800 00f9 2d42 0000 0002  ..........-B....
00005a90: 9164 07cb 0610 0038 0000 000b 6900 f93c  .d.....8....i..<
00005aa0: 3400 0000 0291 7400 0018 0001 0000 d3ad  4.....t.........
00005ab0: 0410 0012 0200 0001 9ca7 1500 0012 6300  ..............c.
00005ac0: d31b 4301 0000 0291 5c0e 8a08 0000 d326  ..C.....\......&
00005ad0: 4200 0000 0291 5829 fa05 1000 6a00 0000  B.....X)....j...
00005ae0: 9015 0000 0b72 00ef 1234 0000 0002 916c  .....r...4.....l
00005af0: 0703 0610 0057 0000 000b 6300 f016 3400  .....W....c...4.
00005b00: 0000 0291 6800 0007 6406 1000 3400 0000  ....h...d...4...
00005b10: 0b63 00f2 1234 0000 0002 9164 0000 18f9  .c...4.....d....
00005b20: 0700 00ce 3904 1000 7400 0000 019c ee15  ....9...t.......
00005b30: 0000 0e8a 0800 00ce 1f42 0000 0002 9164  .........B.....d
00005b40: 099e 0600 00cf 0e55 0000 0002 9172 0758  .......U.....r.X
00005b50: 0410 0029 0000 000b 6900 d00d 3400 0000  ...)....i...4...
00005b60: 0291 7400 0018 bf08 0000 c9ca 0310 006f  ..t............o
00005b70: 0000 0001 9c2d 1600 0012 726f 7700 c923  .....-....row..#
00005b80: 3400 0000 0291 0012 636f 6c00 c92b 3400  4.......col..+4.
00005b90: 0000 0291 040b 706f 7300 ca0e 5500 0000  ......pos...U...
00005ba0: 0291 7600 37b2 0700 0001 c818 5500 0000  ..v.7.......U...
00005bb0: a803 1000 2200 0000 019c 6316 0000 1263  ....".....c....c
00005bc0: 6800 c826 4301 0000 0291 740e 8a08 0000  h..&C.....t.....
00005bd0: c832 4200 0000 0291 7000 3884 0800 0001  .2B.....p.8.....
00005be0: b706 7e03 1000 2a00 0000 019c 9616 0000  ..~...*.........
00005bf0: 1270 7472 00b7 1248 0800 0002 9100 0923  .ptr...H.......#
00005c00: 0800 00bc 1382 0100 0002 9174 0039 ae01  ...........t.9..
00005c10: 0000 01a0 0d15 0310 0069 0000 0001 9cd3  .........i......
00005c20: 1600 0009 3c06 0000 a113 8201 0000 0291  ....<...........
00005c30: 7407 2503 1000 4600 0000 0963 0400 00a5  t.%...F....c....
00005c40: 1391 0000 0002 9170 0000 3ad8 0500 0001  .......p..:.....
00005c50: 8d0d a702 1000 6e00 0000 019c 0617 0000  ......n.........
00005c60: 0e23 0800 008d 2f82 0100 0002 9100 093c  .#..../........<
00005c70: 0600 0095 1382 0100 0002 9174 003b 5202  ...........t.;R.
00005c80: 0000 014a 0748 0800 0054 0110 0053 0100  ...J.H...T...S..
00005c90: 0001 9c97 1700 000e 9106 0000 4a16 9d00  ............J...
00005ca0: 0000 0291 0009 8b06 0000 520c 9d00 0000  ..........R.....
00005cb0: 0291 6c09 3801 0000 5514 9717 0000 0291  ..l.8...U.......
00005cc0: 7409 3c06 0000 5613 8201 0000 0291 7009  t.<...V.......p.
00005cd0: 2308 0000 8113 8201 0000 0291 6807 9d01  #...........h...
00005ce0: 1000 7c00 0000 09cd 0100 005b 149d 0000  ..|........[....
00005cf0: 0002 9164 07ae 0110 002f 0000 0009 7902  ...d...../....y.
00005d00: 0000 5f1f 8201 0000 0291 6000 0000 0f82  .._.......`.....
00005d10: 0100 003c 8f01 0000 0149 143f 0110 0015  ...<.....I.?....
00005d20: 0000 0001 9c3d 696e 6200 0144 1742 0000  .....=inb..D.B..
00005d30: 001f 0110 0020 0000 0001 9ce3 1700 000e  ..... ..........
00005d40: 5d08 0000 4424 5500 0000 0291 640b 7600  ]...D$U.....d.v.
00005d50: 450d 4200 0000 0291 7700 3e76 0500 0001  E.B.....w.>v....
00005d60: 4114 f700 1000 2800 0000 019c 0e5d 0800  A.....(......]..
00005d70: 0041 2255 0000 0002 9170 1276 616c 0041  .A"U.....p.val.A
00005d80: 3042 0000 0002 916c 0000 3202 0000 0500  0B.....l..2.....
00005d90: 0104 4305 0000 0915 0000 001d 9800 0000  ..C.............
00005da0: 0000 0000 d925 1000 cc02 0000 d512 0000  .....%..........
00005db0: 0201 06ab 0000 0002 0205 6506 0000 0a04  ..........e.....
00005dc0: 0569 6e74 0002 0805 0000 0000 0340 0800  .int.........@..
00005dd0: 002e 184d 0000 0002 0108 a900 0000 03ba  ...M............
00005de0: 0200 0031 195f 0000 0002 0207 ae03 0000  ...1._..........
00005df0: 03bd 0600 0034 1971 0000 0002 0407 a101  .....4.q........
00005e00: 0000 0208 0797 0100 000b 2209 0000 0186  ..........".....
00005e10: 069f 2810 0006 0000 0001 9c05 fd08 0000  ..(.............
00005e20: 6a34 0000 00c4 2710 00db 0000 0001 9cc6  j4....'.........
00005e30: 0000 0004 6c62 6100 6a1a 6600 0000 0291  ....lba.j.f.....
00005e40: 0001 cf02 0000 6a2b c600 0000 0291 0400  ......j+........
00005e50: 0c04 cc00 0000 0d05 3106 0000 5334 0000  ........1...S4..
00005e60: 0000 2710 00c4 0000 0001 9c02 0100 0004  ..'.............
00005e70: 6c62 6100 5319 6600 0000 0291 0001 cf02  lba.S.f.........
00005e80: 0000 5324 0201 0000 0291 0400 0e04 06f0  ..S$............
00005e90: 0800 0045 3400 0000 b426 1000 4c00 0000  ...E4....&..L...
00005ea0: 019c 2a01 0000 0729 0800 0046 4200 0000  ..*....)...FB...
00005eb0: 0291 7700 0609 0900 003d 3400 0000 7d26  ..w......=4...}&
00005ec0: 1000 3700 0000 019c 5001 0000 0729 0800  ..7.....P....)..
00005ed0: 003e 4200 0000 0291 7700 081c 0900 0016  .>B.....w.......
00005ee0: 4926 1000 3400 0000 019c 8f01 0000 015d  I&..4..........]
00005ef0: 0800 0016 2354 0000 0002 916c 01eb 0800  ....#T.....l....
00005f00: 0016 35c6 0000 0002 9104 01e5 0800 0016  ..5.............
00005f10: 4466 0000 0002 9108 0008 1709 0000 1215  Df..............
00005f20: 2610 0034 0000 0001 9cce 0100 0001 5d08  &..4..........].
00005f30: 0000 1222 5400 0000 0291 6c01 eb08 0000  ..."T.....l.....
00005f40: 122e 0201 0000 0291 0401 e508 0000 123d  ...............=
00005f50: 6600 0000 0291 0800 0f69 6e62 0001 0c17  f........inb....
00005f60: 4200 0000 f825 1000 1d00 0000 019c 0602  B....%..........
00005f70: 0000 015d 0800 000c 2454 0000 0002 9164  ...]....$T.....d
00005f80: 1072 6574 0001 0d0d 4200 0000 0291 7700  .ret....B.....w.
00005f90: 1176 0500 0001 0814 d925 1000 1f00 0000  .v.......%......
00005fa0: 019c 015d 0800 0008 2254 0000 0002 9174  ...]...."T.....t
00005fb0: 0476 616c 0008 3042 0000 0002 9170 0000  .val..0B.....p..
00005fc0: 2100 0000 0500 0104 7c06 0000 0158 1400  !.......|....X..
00005fd0: 00a5 2810 00c8 092b 0900 003c 0900 0053  ..(....+...<...S
00005fe0: 0900 0001 8001 0500 0308 3a21 013b 0b39  ..........:!.;.9
00005ff0: 0b49 1302 1800 0002 2400 0b0b 3e0b 030e  .I......$...>...
00006000: 0000 0334 0003 083a 2101 3b0b 390b 4913  ...4...:!.;.9.I.
00006010: 0218 0000 040f 000b 2104 4913 0000 052e  ........!.I.....
00006020: 013f 1903 0e3a 2101 3b0b 390b 2719 4913  .?...:!.;.9.'.I.
00006030: 1101 1206 4018 7a19 0113 0000 0626 0049  ....@.z......&.I
00006040: 1300 0007 1101 250e 130b 031f 1b1f 1101  ......%.........
00006050: 1206 1017 0000 0824 000b 0b3e 0b03 0800  .......$...>....
00006060: 0009 1600 030e 3a0b 3b0b 390b 4913 0000  ......:.;.9.I...
00006070: 0a26 0000 000b 0f00 0b0b 0000 0c2e 013f  .&.............?
00006080: 1903 0e3a 0b3b 0b39 0b27 1949 1311 0112  ...:.;.9.'.I....
00006090: 0640 187a 1900 0000 0134 0003 083a 2101  .@.z.....4...:!.
000060a0: 3b05 390b 4913 0218 0000 0205 0003 083a  ;.9.I..........:
000060b0: 2101 3b05 390b 4913 0218 0000 032e 003f  !.;.9.I........?
000060c0: 1903 0e3a 2101 3b0b 390b 2719 3c19 0000  ...:!.;.9.'.<...
000060d0: 040d 0003 0e3a 2101 3b05 390b 4913 380b  .....:!.;.9.I.8.
000060e0: 0000 0534 0003 0e3a 2101 3b05 390b 4913  ...4...:!.;.9.I.
000060f0: 0218 0000 060d 0003 083a 2101 3b05 390b  .........:!.;.9.
00006100: 4913 380b 0000 070b 0111 0112 0600 0008  I.8.............
00006110: 0500 030e 3a21 013b 0539 0b49 1302 1800  ....:!.;.9.I....
00006120: 0009 3400 030e 3a21 013b 0b39 0b49 1302  ..4...:!.;.9.I..
00006130: 1800 000a 0101 4913 0113 0000 0b34 0003  ......I......4..
00006140: 083a 2101 3b0b 390b 4913 0218 0000 0c2e  .:!.;.9.I.......
00006150: 0103 0e3a 2101 3b05 390b 2719 1101 1206  ...:!.;.9.'.....
00006160: 4018 7c19 0113 0000 0d24 000b 0b3e 0b03  @.|......$...>..
00006170: 0e00 000e 0500 030e 3a21 013b 0b39 0b49  ........:!.;.9.I
00006180: 1302 1800 000f 0f00 0b21 0449 1300 0010  .........!.I....
00006190: 3400 030e 3a21 013b 0539 0b49 133f 1902  4...:!.;.9.I.?..
000061a0: 1800 0011 2100 4913 2f0b 0000 1205 0003  ....!.I./.......
000061b0: 083a 2101 3b0b 390b 4913 0218 0000 132e  .:!.;.9.I.......
000061c0: 013f 1903 0e3a 2101 3b05 3921 0627 1911  .?...:!.;.9!.'..
000061d0: 0112 0640 187c 1901 1300 0014 1600 030e  ...@.|..........
000061e0: 3a0b 3b0b 390b 4913 0000 1528 0003 0e1c  :.;.9.I....(....
000061f0: 0b00 0016 2e00 030e 3a21 013b 0539 0b27  ........:!.;.9.'
00006200: 1911 0112 0640 187c 1900 0017 2e01 030e  .....@.|........
00006210: 3a21 013b 0539 0b27 1911 0112 0640 187a  :!.;.9.'.....@.z
00006220: 1901 1300 0018 2e01 030e 3a21 013b 0b39  ..........:!.;.9
00006230: 210d 2719 1101 1206 4018 7c19 0113 0000  !.'.....@.|.....
00006240: 190d 0003 0e3a 2101 3b0b 390b 4913 380b  .....:!.;.9.I.8.
00006250: 0000 1a34 0003 0e3a 2101 3b0b 390b 4913  ...4...:!.;.9.I.
00006260: 3f19 0218 0000 1b13 0103 0e0b 0b3a 2101  ?............:!.
00006270: 3b05 3921 2001 1300 001c 2600 4913 0000  ;.9! .....&.I...
00006280: 1d21 0049 132f 0500 001e 3500 4913 0000  .!.I./....5.I...
00006290: 1f2e 0103 0e3a 2101 3b05 390b 2719 4913  .....:!.;.9.'.I.
000062a0: 1101 1206 4018 7a19 0113 0000 2034 0003  ....@.z..... 4..
000062b0: 0e3a 2101 3b0b 3921 0d49 133f 193c 1900  .:!.;.9!.I.?.<..
000062c0: 0021 3400 030e 3a21 013b 0539 2110 4913  .!4...:!.;.9!.I.
000062d0: 8801 2110 0218 0000 2205 0049 1300 0023  ..!....."..I...#
000062e0: 2e01 3f19 030e 3a21 013b 0539 2120 2719  ..?...:!.;.9! '.
000062f0: 8701 1911 0112 0640 187c 1901 1300 0024  .......@.|.....$
00006300: 2e01 3f19 030e 3a21 013b 0539 2106 1101  ..?...:!.;.9!...
00006310: 1206 4018 7c19 0113 0000 252e 0003 0e3a  ..@.|.....%....:
00006320: 2101 3b05 3921 1427 1911 0112 0640 187a  !.;.9!.'.....@.z
00006330: 1900 0026 2e01 030e 3a21 013b 0539 2113  ...&....:!.;.9!.
00006340: 2719 4913 1101 1206 4018 7c19 0113 0000  '.I.....@.|.....
00006350: 272e 0003 0e3a 2101 3b05 390b 2719 4913  '....:!.;.9.'.I.
00006360: 1101 1206 4018 7c19 0000 282e 013f 1903  ....@.|...(..?..
00006370: 0e3a 2101 3b05 390b 2719 4913 1101 1206  .:!.;.9.'.I.....
00006380: 4018 7c19 0113 0000 290b 0111 0112 0601  @.|.....).......
00006390: 1300 002a 1101 250e 130b 031f 1b1f 1101  ...*..%.........
000063a0: 1206 1017 0000 2b24 000b 0b3e 0b03 0800  ......+$...>....
000063b0: 002c 1301 0b0b 3a0b 3b0b 390b 0113 0000  .,....:.;.9.....
000063c0: 2d13 0103 0e0b 0b3a 0b3b 0b39 0b01 1300  -......:.;.9....
000063d0: 002e 2100 0000 2f04 013e 0b0b 0b49 133a  ..!.../..>...I.:
000063e0: 0b3b 0539 0b01 1300 0030 2e01 3f19 030e  .;.9.....0..?...
000063f0: 3a0b 3b0b 390b 2719 4913 3c19 0113 0000  :.;.9.'.I.<.....
00006400: 310f 000b 0b00 0032 2e01 030e 3a0b 3b05  1......2....:.;.
00006410: 390b 2719 8701 1911 0112 0640 187c 1901  9.'........@.|..
00006420: 1300 0033 1500 2719 0000 340b 0155 1701  ...3..'...4..U..
00006430: 1300 0035 0a00 0308 3a0b 3b05 390b 1101  ...5....:.;.9...
00006440: 0000 362e 0103 083a 0b3b 0539 0b27 1911  ..6....:.;.9.'..
00006450: 0112 0640 187a 1901 1300 0037 2e01 030e  ...@.z.....7....
00006460: 3a0b 3b0b 390b 2719 4913 1101 1206 4018  :.;.9.'.I.....@.
00006470: 7a19 0113 0000 382e 013f 1903 0e3a 0b3b  z.....8..?...:.;
00006480: 0b39 0b27 1911 0112 0640 187c 1901 1300  .9.'.....@.|....
00006490: 0039 2e01 030e 3a0b 3b0b 390b 1101 1206  .9....:.;.9.....
000064a0: 4018 7a19 0113 0000 3a2e 0103 0e3a 0b3b  @.z.....:....:.;
000064b0: 0b39 0b27 1911 0112 0640 187a 1901 1300  .9.'.....@.z....
000064c0: 003b 2e01 3f19 030e 3a0b 3b0b 390b 2719  .;..?...:.;.9.'.
000064d0: 4913 1101 1206 4018 7a19 0113 0000 3c2e  I.....@.z.....<.
000064e0: 0003 0e3a 0b3b 0b39 0b27 1911 0112 0640  ...:.;.9.'.....@
000064f0: 187c 1900 003d 2e01 0308 3a0b 3b0b 390b  .|...=....:.;.9.
00006500: 2719 4913 1101 1206 4018 7a19 0113 0000  '.I.....@.z.....
00006510: 3e2e 0103 0e3a 0b3b 0b39 0b27 1911 0112  >....:.;.9.'....
00006520: 0640 187a 1900 0000 0105 0003 0e3a 2101  .@.z.........:!.
00006530: 3b0b 390b 4913 0218 0000 0224 000b 0b3e  ;.9.I......$...>
00006540: 0b03 0e00 0003 1600 030e 3a21 023b 0b39  ..........:!.;.9
00006550: 0b49 1300 0004 0500 0308 3a21 013b 0b39  .I........:!.;.9
00006560: 0b49 1302 1800 0005 2e01 3f19 030e 3a21  .I........?...:!
00006570: 013b 0b39 2105 2719 4913 1101 1206 4018  .;.9!.'.I.....@.
00006580: 7c19 0113 0000 062e 0103 0e3a 2101 3b0b  |..........:!.;.
00006590: 3921 0c27 1949 1311 0112 0640 187c 1901  9!.'.I.....@.|..
000065a0: 1300 0007 3400 030e 3a21 013b 0b39 210d  ....4...:!.;.9!.
000065b0: 4913 0218 0000 082e 0103 0e3a 2101 3b0b  I..........:!.;.
000065c0: 3921 1427 1911 0112 0640 187a 1901 1300  9!.'.....@.z....
000065d0: 0009 1101 250e 130b 031f 1b1f 1101 1206  ....%...........
000065e0: 1017 0000 0a24 000b 0b3e 0b03 0800 000b  .....$...>......
000065f0: 2e00 3f19 030e 3a0b 3b0b 390b 2719 1101  ..?...:.;.9.'...
00006600: 1206 4018 7a19 0000 0c0f 000b 0b49 1300  ..@.z........I..
00006610: 000d 2600 0000 0e0f 000b 0b00 000f 2e01  ..&.............
00006620: 0308 3a0b 3b0b 390b 2719 4913 1101 1206  ..:.;.9.'.I.....
00006630: 4018 7a19 0113 0000 1034 0003 083a 0b3b  @.z......4...:.;
00006640: 0b39 0b49 1302 1800 0011 2e01 030e 3a0b  .9.I..........:.
00006650: 3b0b 390b 2719 1101 1206 4018 7a19 0000  ;.9.'.....@.z...
00006660: 0001 1100 1017 1101 120f 030e 1b0e 250e  ..............%.
00006670: 1305 0000 0000 0000 1c00 0000 0200 0000  ................
00006680: 0000 0400 0000 0000 0c00 1000 eb00 0000  ................
00006690: 0000 0000 0000 0000 1c00 0000 0200 bb01  ................
000066a0: 0000 0400 0000 0000 f700 1000 e224 0000  .............$..
000066b0: 0000 0000 0000 0000 1c00 0000 0200 ce19  ................
000066c0: 0000 0400 0000 0000 d925 1000 cc02 0000  .........%......
000066d0: 0000 0000 0000 0000 1c00 0000 0200 041c  ................
000066e0: 0000 0400 0000 0000 a528 1000 c804 0000  .........(......
000066f0: 0000 0000 0000 0000 1401 0000 0500 0400  ................
00006700: 3700 0000 0101 01fb 0e0d 0001 0101 0100  7...............
00006710: 0000 0100 0001 0101 1f03 0000 0000 2b00  ..............+.
00006720: 0000 3600 0000 0201 1f02 0f03 2200 0000  ..6........."...
00006730: 0122 0000 0001 5f00 0000 0205 3400 0502  ."...._.....4...
00006740: 0c00 1000 1505 1467 051a 6705 0b67 051a  .......g..g..g..
00006750: 0002 0402 2e05 1300 0204 0290 0518 0002  ................
00006760: 0402 9005 1600 0204 023c 050d 0002 0401  .........<......
00006770: 2e05 0c00 0204 0190 4b05 013d 052c 3005  ........K..=.,0.
00006780: 1467 050b 6705 1300 0204 022e 0518 0002  .g..g...........
00006790: 0402 9005 1600 0204 023c 050d 0002 0401  .........<......
000067a0: 2e05 0c00 0204 0190 4b05 013d 0534 3005  ........K..=.40.
000067b0: 1a67 0522 6605 0b67 050d 2f05 1366 050c  .g."f..g../..f..
000067c0: 6605 1e00 0204 014a 0523 0002 0401 9005  f......J.#......
000067d0: 2100 0204 0190 062e 050a 062f 050f 4a05  !........../..J.
000067e0: 0d48 050c 904e 0501 5905 1e4c 050c 6705  .H...N..Y..L..g.
000067f0: 0b75 0515 0002 0402 2e05 0e00 0204 014a  .u.............J
00006800: 050c 0002 0401 9075 0501 3d02 0200 0101  .......u..=.....
00006810: b911 0000 0500 0400 4100 0000 0101 01fb  ........A.......
00006820: 0e0d 0001 0101 0100 0000 0100 0001 0101  ................
00006830: 1f03 0000 0000 2b00 0000 3600 0000 0201  ......+...6.....
00006840: 1f02 0f05 7300 0000 0173 0000 0001 7c00  ....s....s....|.
00006850: 0000 025f 0000 0002 8900 0000 0105 3400  ..._..........4.
00006860: 0502 f700 1000 03c0 0001 0505 083d 0501  .............=..
00006870: d705 2967 0505 ca05 0cc9 0501 4b05 212f  ..)g........K.!/
00006880: 0523 3c05 31e4 051c 3d05 0867 0510 6705  .#<.1...=..g..g.
00006890: 12a2 050a 6605 0c68 0514 9305 1375 050b  ....f..h.....u..
000068a0: 8405 1159 050c 5805 235a 0514 5805 1068  ...Y..X.#Z..X..h
000068b0: 051f 6805 21af 0527 8305 2166 0517 6905  ..h.!..'..!f..i.
000068c0: 1c85 051d a205 1766 051c 5c05 1058 0528  .......f..\..X.(
000068d0: 7505 2ed6 052c 3c05 1477 050e af91 050c  u....,<..w......
000068e0: 035f 9005 1203 259e 051f ac05 0866 0510  ._....%......f..
000068f0: 4b05 1b77 0513 5805 113d 8305 14a0 0508  K..w..X..=......
00006900: 5805 2075 0526 d605 243c 050e 7705 0cf4  X. u.&..$<..w...
00006910: 0501 6705 362f 0509 6805 0858 051d 0002  ..g.6/..h..X....
00006920: 0401 4a05 1400 0204 0158 0515 5905 13bb  ..J......X..Y...
00006930: 0509 8305 1331 050b 8505 0e2f 0510 8f05  .....1...../....
00006940: 1766 051e 0002 0401 4a05 1700 0204 0166  .f......J......f
00006950: 5d05 1166 0510 6705 0191 0518 2f05 1367  ]..f..g...../..g
00006960: 050b 8405 3430 051e 5805 133c 0528 5b05  ....40..X..<.([.
00006970: 0c66 0511 5a05 1f58 0525 6605 182e 051e  .f..Z..X.%f.....
00006980: 7705 2466 0518 3c05 1288 0511 0370 9005  w.$f..<......p..
00006990: 1800 0204 0166 0511 0002 0401 6605 0103  .....f......f...
000069a0: 134a 0517 3d05 0867 0513 6a05 0593 af05  .J..=..g..j.....
000069b0: 0903 7774 0501 030a 2005 3733 0540 0820  ..wt.... .73.@. 
000069c0: 054d 5805 6490 052f 2f05 1267 050e 083c  .MX.d..//..g...<
000069d0: 0505 6705 2200 0204 01e4 0517 0002 0401  ..g."...........
000069e0: 4a05 0508 1305 2200 0204 01e4 0517 0002  J.....".........
000069f0: 0401 8205 0108 1305 243d 0515 bb05 0d08  ........$=......
00006a00: 2f05 0574 0521 0002 0403 2e05 2500 0204  /..t.!......%...
00006a10: 03ba 051a 0002 0403 7405 1200 0204 014a  ........t......J
00006a20: 050f 9105 1d9e 0521 9e05 0108 4b05 2c3d  .......!....K.,=
00006a30: 0508 083d 0513 6705 14c9 050f e505 1467  ...=..g........g
00006a40: 050f e505 2267 0527 8205 143c 050f 9f05  ...."g.'...<....
00006a50: 1868 050c 5805 174b 051f e505 1358 0517  .h..X..K.....X..
00006a60: 4b05 18c9 052d a005 0c4a 0518 5805 1d08  K....-...J..X...
00006a70: 2005 0c74 052d 4a05 2b00 0204 01ac 052d   ..t.-J.+......-
00006a80: 5a05 0c82 0518 5805 1d08 2005 0c74 052d  Z.....X... ..t.-
00006a90: 4a05 2b00 0204 019e 0513 3d05 18c9 050c  J.+.......=.....
00006aa0: 5805 1859 0517 9f05 14cd 0508 5805 1291  X..Y........X...
00006ab0: 0509 7405 162f 050d 7405 2c2f 052f 5805  ..t../..t.,/./X.
00006ac0: 34e4 052c 5805 144a 0518 5805 1d66 0522  4..,X..J..X..f."
00006ad0: ba05 1458 052c 5805 273c 0526 0002 0403  ...X.,X.'<.&....
00006ae0: 3b05 1f00 0204 014a 0522 0002 0402 6505  ;......J."....e.
00006af0: 1b00 0204 014a 0512 6905 0974 0510 2f05  .....J..i..t../.
00006b00: 1958 0510 8205 2058 051e 0002 0401 ba05  .X.... X........
00006b10: 2200 0204 033b 051b 0002 0401 4a05 1468  "....;......J..h
00006b20: 0505 a105 0108 4b05 3283 053c ba05 3474  ......K.2..<..4t
00006b30: 054a 0002 0403 2e05 5400 0204 034a 054a  .J......T....J.J
00006b40: 0002 0403 ac05 4600 0204 03c8 0541 0002  ......F......A..
00006b50: 0402 4a05 4000 0204 02ac 055f 4a05 304b  ..J.@......_J.0K
00006b60: 0511 0821 0514 7505 0de4 050b 8205 253c  ...!..u.......%<
00006b70: 0523 9005 2182 0532 3c05 364a 0501 0813  .#..!..2<.6J....
00006b80: 0532 3d05 1108 2f05 1575 050d f205 0b82  .2=.../..u......
00006b90: 052b 3c05 24f2 0522 8205 413c 053a f205  .+<.$.."..A<.:..
00006ba0: 3882 0552 3c05 5090 054e 8205 5f3c 0563  8..R<.P..N.._<.c
00006bb0: 4a05 0108 1305 323d 0511 bb05 0d75 0505  J.....2=.....u..
00006bc0: 7405 2b00 0204 032e 0527 0002 0403 6605  t.+......'....f.
00006bd0: 2f00 0204 0390 0524 0002 0403 5805 1f00  /......$....X...
00006be0: 0204 0358 0524 0002 0403 8205 2200 0204  ...X.$......"...
00006bf0: 033c 0516 0002 0403 4a05 1200 0204 014a  .<......J......J
00006c00: 053c 0002 0404 6605 4000 0204 044a 0501  .<....f.@....J..
00006c10: 0813 0527 3d05 0e67 0505 f305 10e5 0505  ...'=..g........
00006c20: 3c05 1fd7 0505 6605 13d7 050f c905 0874  <.....f........t
00006c30: 0515 0002 0401 4a05 0108 4b05 1f3e 0513  ......J...K..>..
00006c40: 6705 14c9 0505 4a05 01f3 0523 030d 3c05  g.....J....#..<.
00006c50: 2966 0533 7405 3b00 0204 032e 0535 0002  )f.3t.;......5..
00006c60: 0401 4a05 3400 0204 01ac 0546 0002 0404  ..J.4......F....
00006c70: 4a05 493c 0548 3005 0be5 0527 2f05 324a  J.I<.H0....'/.2J
00006c80: 0530 9005 273c 050c 3c05 1158 0521 e405  .0..'<..<..X.!..
00006c90: 1c90 050c 2e05 274a 0525 0002 0401 9e05  ......'J.%......
00006ca0: 0c3b 0501 a105 43a0 0517 e505 0875 0527  .;....C......u.'
00006cb0: 0002 0401 9e05 1400 0204 014a 0518 0002  ...........J....
00006cc0: 0401 5805 2100 0204 01e4 0514 0002 0401  ..X.!...........
00006cd0: 5805 2700 0204 014a 0526 0002 0401 ac05  X.'....J.&......
00006ce0: 3b3c 0522 0002 0402 5905 1f00 0204 0202  ;<."....Y.......
00006cf0: 2312 0518 0002 0402 5805 1f00 0204 0290  #.......X.......
00006d00: 051b 0002 0402 2e05 2900 0204 024a 050d  ........)....J..
00006d10: 0002 0401 089e 050b 6705 2900 0204 022e  ........g.).....
00006d20: 0535 0002 0402 4a05 2900 0204 02ac 0514  .5....J.).......
00006d30: 0002 0402 3c05 1800 0204 0258 0525 0002  ....<......X.%..
00006d40: 0402 e405 2100 0204 0290 0514 0002 0402  ....!...........
00006d50: 2e05 2900 0204 024a 0528 0002 0402 9e05  ..)....J.(......
00006d60: 0d00 0204 013c 050c 0002 0401 9005 014b  .....<.........K
00006d70: 054b 8405 1de5 0508 4a05 0c58 0519 e405  .K......J..X....
00006d80: 1590 0508 2e05 1d4a 051c 0002 0401 ac05  .......J........
00006d90: 1d3d 0508 4a05 0c58 0519 e405 1590 0508  .=..J..X........
00006da0: 2e05 1d4a 051c 0002 0401 ac05 0e3d 0505  ...J.........=..
00006db0: 7405 172f 0513 6605 0d90 050e 6705 1b00  t../..f.....g...
00006dc0: 0204 0166 0523 0002 0402 8205 0e00 0204  ...f.#..........
00006dd0: 0466 0521 3d05 0c82 0510 5805 1de4 0519  .f.!=.....X.....
00006de0: 9005 0c2e 0521 4a05 2000 0204 019e 0518  .....!J. .......
00006df0: 0002 0402 3905 1300 0204 014a 0501 6b05  ....9......J..k.
00006e00: 23a2 050e 6705 0574 0520 2f05 0974 050d  #...g..t. /..t..
00006e10: 2f05 3600 0204 031f 0529 0002 0401 9005  /.6......)......
00006e20: 1f00 0204 029d 0517 0002 0401 4a05 0187  ............J...
00006e30: 0537 4d05 0575 050e 2305 0574 0512 2f05  .7M..u..#..t../.
00006e40: 0974 0510 2f05 1258 051b e405 1058 051f  .t../..X.....X..
00006e50: 5805 1e00 0204 01ba 0522 0002 0403 3b05  X........"....;.
00006e60: 1700 0204 014a 051e 0002 0402 6505 1300  .....J......e...
00006e70: 0204 014a 0511 6b05 1e75 051d 0002 0401  ...J..k..u......
00006e80: c805 0900 0204 0174 0505 bb05 1b08 2305  .......t......#.
00006e90: 1a00 0204 01c8 0509 0002 0401 7405 05bb  ............t...
00006ea0: 0511 0823 051c 7505 1b00 0204 01c8 0509  ...#..u.........
00006eb0: 0002 0401 7405 05bb 0511 0823 051b 7505  ....t......#..u.
00006ec0: 1a00 0204 01c8 0509 0002 0401 7405 05bb  ............t...
00006ed0: 0824 050e 5b05 0574 050d 5991 050c 7505  .$..[..t..Y...u.
00006ee0: 1058 051d e405 1990 050c 2e05 2158 0520  .X..........!X. 
00006ef0: 0002 0401 ba05 093d 050c 082f 4b05 1058  .......=.../K..X
00006f00: 051d e405 1990 050c 2e05 2158 0520 0002  ..........!X. ..
00006f10: 0401 ba05 243d 0509 e405 1800 0204 0303  ....$=..........
00006f20: 7908 2e05 1300 0204 014a 050e 0002 0401  y........J......
00006f30: 0309 9e05 5403 393c 0514 0821 0531 f205  ....T.9<...!.1..
00006f40: 54f2 054e 6605 12bb 052e d605 3366 053f  T..Nf.......3f.?
00006f50: 5805 3974 0526 2e05 609e 0555 6605 01bb  X.9t.&..`..Uf...
00006f60: 052b 3d05 2d3c 0564 6605 2b3d 052d 3c05  .+=.-<.df.+=.-<.
00006f70: 6466 0525 3d05 27c8 0592 0174 0526 3d05  df.%=.'....t.&=.
00006f80: 1267 050c 8305 014b 052e 2f05 053d 0501  .g.....K../..=..
00006f90: d705 4f3d 050d 0883 0515 4a05 2bac 052f  ..O=......J.+../
00006fa0: 4a05 3dba 0545 4a05 5182 0557 4a05 7aac  J.=..EJ.Q..WJ.z.
00006fb0: 0567 8205 6f4a 0501 8305 1c3f 0510 6705  .g..oJ.....?..g.
00006fc0: 1e00 0204 01c8 0505 f305 1600 0204 01ba  ................
00006fd0: 0521 0002 0402 5805 3200 0204 03e4 0505  .!....X.2.......
00006fe0: 5905 1600 0204 01ba 0521 0002 0402 5805  Y........!....X.
00006ff0: 3200 0204 03e4 0505 5905 1600 0204 01ba  2.......Y.......
00007000: 0521 0002 0402 5805 3200 0204 03e4 0505  .!....X.2.......
00007010: 5905 1600 0204 01ba 0521 0002 0402 5805  Y........!....X.
00007020: 3200 0204 03e4 0505 5905 1400 0204 01e4  2.......Y.......
00007030: 0501 0821 0522 3d05 0e67 0505 f305 0fbb  ...!."=..g......
00007040: 0505 3c05 21d7 0505 6605 01d7 051e 0313  ..<.!...f.......
00007050: 3c05 31ba 0529 8205 4482 0542 5805 5200  <.1..)..D..BX.R.
00007060: 0204 0158 0559 0002 0401 5805 6200 0204  ...X.Y....X.b...
00007070: 019e 0568 8205 1a3d 0524 6605 1eac 0534  ...h...=.$f....4
00007080: 0002 0401 4a06 5805 4300 0204 0206 2e05  ....J.X.C.......
00007090: 3d00 0204 0258 0558 0002 0402 9e05 5b00  =....X.X......[.
000070a0: 0204 0282 0551 0002 0402 3c05 6e00 0204  .....Q....<.n...
000070b0: 0258 0576 4a05 2e30 0535 3c05 4700 0204  .X.vJ..0.5<.G...
000070c0: 022e 0536 0002 0401 5805 3f00 0204 019e  ...6....X.?.....
000070d0: 0536 0002 0401 6605 544a 052e 4b05 353c  .6....f.TJ..K.5<
000070e0: 054a 0002 0402 2e05 3800 0204 0158 0541  .J......8....X.A
000070f0: 0002 0401 9e05 3600 0204 0166 0557 4a05  ......6....f.WJ.
00007100: 254b 0527 3c05 3f00 0204 0158 0550 0002  %K.'<.?....X.P..
00007110: 0402 ba05 6f00 0204 0358 057a 9e05 2a2f  ....o....X.z..*/
00007120: 052c ba05 4400 0204 0158 0555 0002 0402  .,..D....X.U....
00007130: ba05 6d00 0204 0358 057d e405 223d 0505  ..m....X.}.."=..
00007140: 6705 1d00 0204 0158 0511 e505 2700 0204  g......X....'...
00007150: 0182 0532 0002 0401 4a05 3b00 0204 014a  ...2....J.;....J
00007160: 0505 c905 1d00 0204 0158 050d e505 0574  .........X.....t
00007170: 0521 0002 0405 2e05 2a00 0204 059e 0520  .!......*...... 
00007180: 0002 0405 6605 3800 0204 024a 0543 9e05  ....f.8....J.C..
00007190: 4c00 0204 032e 0519 0002 0401 5805 1200  L...........X...
000071a0: 0204 044a 0501 9105 1a4d 050a 6705 1300  ...J.....M..g...
000071b0: 0204 019e 0507 0002 0401 6605 1083 0507  ..........f.....
000071c0: c905 1500 0204 0266 052c 0002 0403 6605  .......f.,....f.
000071d0: 309e 0507 5905 2200 0204 0266 0546 0002  0...Y."....f.F..
000071e0: 0403 6605 4a9e 0507 5905 1a00 0204 0166  ..f.J...Y......f
000071f0: 051f c805 0859 0507 4a05 1983 0526 5800  .....Y..J....&X.
00007200: 0204 0106 4a00 0204 0274 0511 0002 0404  ....J....t......
00007210: 0658 0534 0002 0404 3c05 0a4b 0507 4a05  .X.4....<..K..J.
00007220: 1500 0204 014a 0512 0002 0401 9005 0767  .....J.........g
00007230: 050b 6705 1300 0204 0166 0522 0002 0402  ..g......f."....
00007240: 6605 2100 0204 0258 0528 0002 0403 4a05  f.!....X.(....J.
00007250: 2600 0204 0358 0540 0002 0404 4a05 3200  &....X.@....J.2.
00007260: 0204 0474 0521 3c05 102f 0518 0002 0401  ...t.!<../......
00007270: 6605 2700 0204 0266 0526 0002 0402 5805  f.'....f.&....X.
00007280: 2b00 0204 034a 0544 0002 0404 9005 3600  +....J.D......6.
00007290: 0204 0474 0521 5705 0922 051b 0375 e405  ...t.!W.."...u..
000072a0: 1741 0501 4405 0521 0501 bb05 223e 0505  .A..D..!....">..
000072b0: bb05 2b00 0204 01e4 0541 0002 0402 e405  ..+......A......
000072c0: 07e5 0512 0002 0401 6605 2000 0204 0266  ........f. ....f
000072d0: 0507 e505 1200 0204 0166 0520 0002 0402  .........f. ....
000072e0: 6605 05bb 0517 a105 303d 0505 c905 01bb  f.......0=......
000072f0: 0533 4305 053d 050d 084c 0514 d705 1e76  .3C..=...L.....v
00007300: 0514 5805 0d30 0516 0002 0401 e505 143f  ..X..0.........?
00007310: 050e 7605 1477 0501 5a05 5131 0505 082f  ..v..w..Z.Q1.../
00007320: 052b 0002 0401 e405 4100 0204 02e4 0505  .+......A.......
00007330: e505 1d00 0204 01e4 0505 c905 1d00 0204  ................
00007340: 01e4 0505 e505 2100 0204 01e4 053b 0002  ......!......;..
00007350: 0402 c805 05e5 055d a005 0508 2f05 2b00  .......]..../.+.
00007360: 0204 01e4 0541 0002 0402 e405 05e5 051d  .....A..........
00007370: 0002 0401 e405 05c9 051e 0002 0401 e405  ................
00007380: 05c9 051d 0002 0401 e405 05e5 0521 0002  .............!..
00007390: 0401 e405 3b00 0204 02c8 0505 e505 48a0  ....;.........H.
000073a0: 0505 c9e5 051d 0002 0401 e405 05c9 051e  ................
000073b0: 0002 0401 e405 05c9 051d 0002 0401 e405  ................
000073c0: 05e5 0521 0002 0401 e405 3b00 0204 02c8  ...!......;.....
000073d0: 0512 e605 0e3c 7505 17bb 050d 6605 1767  .....<u.....f..g
000073e0: 050d 3c05 0567 051d 0002 0401 e405 05e5  ..<..g..........
000073f0: 051e 0002 0401 e405 05e5 051d 0002 0401  ................
00007400: e400 0204 0206 c800 0204 0458 0505 06ad  ...........X....
00007410: 051e 0002 0401 e400 0204 0206 c800 0204  ................
00007420: 0458 053b 0002 0401 06ac 0505 e605 2300  .X.;..........#.
00007430: 0204 01e4 0505 084b 051d 0002 0401 e405  .......K........
00007440: 0508 4b05 1e00 0204 01e4 0505 f305 1d00  ..K.............
00007450: 0204 01e4 0539 0002 0402 084a 0505 e605  .....9.....J....
00007460: 3000 0204 01e4 0521 0002 0401 7405 05d7  0......!....t...
00007470: 0523 0002 0401 e405 3f00 0204 02f2 0505  .#......?.......
00007480: e605 48a0 0513 c905 0567 e505 1d00 0204  ..H......g......
00007490: 01e4 0505 c905 1e00 0204 01e4 0505 c905  ................
000074a0: 1e00 0204 01e4 0505 c905 1d00 0204 01e4  ................
000074b0: 0505 e505 2100 0204 01e4 053b 0002 0402  ....!......;....
000074c0: c805 05e5 0530 a505 053d 050d 0892 0514  .....0...=......
000074d0: c976 050d 7684 0501 a005 2233 050c 3d05  .v..v....."3..=.
000074e0: 01bb 052a 3005 0c3d 0501 c905 2a30 050c  ...*0..=....*0..
000074f0: 3d05 01c9 0521 2f05 233c 058f 0174 051e  =....!/.#<...t..
00007500: 3f05 053d e5e5 0501 e505 273d 0505 3d05  ?..=......'=..=.
00007510: 2100 0204 01e4 0505 084b 051d 0002 0401  !........K......
00007520: e405 0508 4b05 1e00 0204 01e4 0505 f305  ....K...........
00007530: 1d00 0204 01e4 0539 0002 0402 084a 0501  .......9.....J..
00007540: e505 243d 050e 6775 0505 ad05 2500 0204  ..$=..gu....%...
00007550: 01e4 0505 c905 1e00 0204 01e4 0505 c905  ................
00007560: 2300 0204 01e4 0505 f305 3100 0204 01e4  #.........1.....
00007570: 0522 0002 0401 7405 3d00 0204 02d6 0501  ."....t.=.......
00007580: e505 213d 0505 3d05 2000 0204 01e4 0505  ..!=..=. .......
00007590: 084b 051e 0002 0401 e405 05f3 0521 0002  .K...........!..
000075a0: 0401 e405 05f3 051d 0002 0401 e405 0508  ................
000075b0: 4b05 1e00 0204 01e4 0539 0002 0402 f205  K........9......
000075c0: 01e5 051d 3f05 0591 5a05 1ac9 0509 7605  ....?...Z.....v.
000075d0: 1f00 0204 01c8 0514 7605 0f83 0517 0002  ........v.......
000075e0: 0401 6605 2258 050f 5905 2400 0204 0166  ..f."X..Y.$....f
000075f0: 052b 0002 0401 d605 3ac8 050b 030a 2005  .+......:..... .
00007600: 1466 050f 0377 5805 1a00 0204 0166 0526  .f...wX......f.&
00007610: 0002 0402 6605 2a00 0204 024a 053e c805  ....f.*....J.>..
00007620: 0f2f 0517 0002 0401 6605 1367 051d 9105  ./......f..g....
00007630: 2190 0520 3c05 2375 051a 3c05 15c9 053e  !.. <.#u..<....>
00007640: 0837 0510 1c05 0b03 0e58 051a 0002 0401  .7.......X......
00007650: 6605 1300 0204 0174 0528 0002 0402 4a05  f......t.(....J.
00007660: 2200 0204 0274 0536 0002 0403 4a05 3000  "....t.6....J.0.
00007670: 0204 0374 0544 0002 0404 4a05 3e00 0204  ...t.D....J.>...
00007680: 0474 0552 0002 0405 4a05 4c00 0204 0574  .t.R....J.L....t
00007690: 050d 4b05 129f 0521 0002 0401 6605 1a00  ..K....!....f...
000076a0: 0204 0174 052f 0002 0402 4a05 2900 0204  ...t./....J.)...
000076b0: 0274 053d 0002 0403 4a05 3700 0204 0374  .t.=....J.7....t
000076c0: 054b 0002 0404 4a05 4500 0204 0474 0559  .K....J.E....t.Y
000076d0: 0002 0405 4a05 5300 0204 0574 0567 0002  ....J.S....t.g..
000076e0: 0406 4a05 6100 0204 0674 050d 4b05 129f  ..J.a....t..K...
000076f0: 0521 0002 0401 6605 1a00 0204 0174 052f  .!....f......t./
00007700: 0002 0402 4a05 2900 0204 0274 053d 0002  ....J.)....t.=..
00007710: 0403 4a05 3700 0204 0374 050d 4b05 129f  ..J.7....t..K...
00007720: 0521 0002 0401 6605 1a00 0204 0174 052f  .!....f......t./
00007730: 0002 0402 4a05 2900 0204 0274 053d 0002  ....J.)....t.=..
00007740: 0403 4a05 3700 0204 0374 054b 0002 0404  ..J.7....t.K....
00007750: 4a05 4500 0204 0474 050d 4b05 1208 2805  J.E....t..K...(.
00007760: 2100 0204 0166 051a 0002 0401 7405 2f00  !....f......t./.
00007770: 0204 024a 0529 0002 0402 7405 3d00 0204  ...J.)....t.=...
00007780: 034a 0537 0002 0403 7405 4b00 0204 044a  .J.7....t.K....J
00007790: 0545 0002 0404 7405 194b 0528 ba05 3300  .E....t..K.(..3.
000077a0: 0204 032e 0529 0002 0401 4a05 2b00 0204  .....)....J.+...
000077b0: 0166 050d 4b05 1900 0204 01ac 0554 c605  .f..K........T..
000077c0: 125b 0521 0002 0401 6605 1a00 0204 0174  .[.!....f......t
000077d0: 052f 0002 0402 4a05 2900 0204 0274 053d  ./....J.)....t.=
000077e0: 0002 0403 4a05 3700 0204 0374 054b 0002  ....J.7....t.K..
000077f0: 0404 4a05 4500 0204 0474 050d 4bc9 0512  ..J.E....t..K...
00007800: 0813 0521 0002 0401 6605 1a00 0204 0174  ...!....f......t
00007810: 052f 0002 0402 4a05 2900 0204 0274 053d  ./....J.)....t.=
00007820: 0002 0403 4a05 3700 0204 0374 054b 0002  ....J.7....t.K..
00007830: 0404 4a05 4500 0204 0474 0559 0002 0405  ..J.E....t.Y....
00007840: 4a05 5300 0204 0574 050d 4bc9 e605 0903  J.S....t..K.....
00007850: 58c8 0530 032f 5805 0567 0515 e505 0e58  X..0./X..g.....X
00007860: 0505 8303 0e08 2e05 34a2 0505 1308 2105  ........4.....!.
00007870: 15a0 0504 6705 19e5 0507 c905 0867 0504  ....g........g..
00007880: a005 01ad 0518 3e05 0591 0512 e705 0808  ......>.........
00007890: 6805 0967 050e cd05 0574 0513 2f05 1f00  h..g.....t../...
000078a0: 0204 03d5 0517 0002 0401 4a05 0193 0531  ..........J....1
000078b0: 4c05 0568 0821 089f 089f 089f 0510 08a1  L..h.!..........
000078c0: 0505 7405 3700 0204 032e 053a 0002 0403  ..t.7......:....
000078d0: 8205 2300 0204 033c 0515 0002 0401 4a05  ..#....<......J.
000078e0: 1067 0532 5805 0e58 5905 0f91 050e 9205  .g.2X..XY.......
000078f0: 3074 0505 7505 0d08 6805 2590 0524 5805  0t..u...h.%..$X.
00007900: 3558 0505 c95b 0510 9f05 0e00 0204 0158  5X...[.........X
00007910: 0505 679f e5e5 e608 6708 6708 6708 6708  ..g.....g.g.g.g.
00007920: 6708 6708 6708 6708 6708 6708 6708 6708  g.g.g.g.g.g.g.g.
00007930: 6708 6708 6708 6708 6708 6708 6708 6708  g.g.g.g.g.g.g.g.
00007940: 6708 67e6 0867 0867 0867 0867 0867 0867  g.g..g.g.g.g.g.g
00007950: 0867 0867 0867 0867 0867 0867 0867 0867  .g.g.g.g.g.g.g.g
00007960: 0867 0867 e605 0d08 9205 2590 0524 5805  .g.g......%..$X.
00007970: 3558 0505 ca59 e505 0fa1 051c 0002 0401  5X...Y..........
00007980: c805 2800 0204 014a 0505 e508 2159 5959  ..(....J....!YYY
00007990: 051c 0002 0401 0820 0505 0875 0531 0002  ....... ...u.1..
000079a0: 0401 0820 0522 0002 0401 7405 0508 1305  ... ."....t.....
000079b0: 2300 0204 0108 2005 3f00 0204 0208 2e05  #..... .?.......
000079c0: 0508 2108 2159 0822 020d 0001 017f 0100  ..!.!Y."........
000079d0: 0005 0004 0037 0000 0001 0101 fb0e 0d00  .....7..........
000079e0: 0101 0101 0000 0001 0000 0101 011f 0300  ................
000079f0: 0000 002b 0000 0036 0000 0002 011f 020f  ...+...6........
00007a00: 03a3 0000 0001 a300 0000 017c 0000 0002  ...........|....
00007a10: 0535 0005 02d9 2510 0019 0505 082f 0501  .5....%....../..
00007a20: 9105 2a3e 0505 ca05 0c9f 0501 4b05 4430  ..*>........K.D0
00007a30: 0505 e505 0108 bb05 4b84 0505 e505 0108  ........K.......
00007a40: bb05 2003 2582 0512 6905 0e00 0204 01f3  .. .%...i.......
00007a50: 0514 8305 2774 0002 0401 064a 5800 0204  ....'t.....JX...
00007a60: 022e 0501 0659 051f 3005 1269 0514 f305  .....Y..0..i....
00007a70: 0c74 0529 0002 0401 4a06 5805 1406 2f05  .t.)....J.X.../.
00007a80: 0c74 0528 0002 0401 4a06 5805 1706 2f05  .t.(....J.X.../.
00007a90: 0e74 050c 4b05 0159 052c 3405 083d 0522  .t..K..Y.,4..=."
00007aa0: 0002 0401 9006 5805 0506 5a05 3a5a 0541  ......X...Z.:Z.A
00007ab0: 6605 323c 0505 3c08 1305 29e5 0505 3c05  f.2<..<...)...<.
00007ac0: 3708 1305 0566 0537 0813 0505 6608 1405  7....f.7....f...
00007ad0: 09e6 0508 0002 0401 5805 2400 0204 014a  ........X.$....J
00007ae0: 0658 0505 0630 050c 084b 0501 5905 3334  .X...0...K..Y.34
00007af0: 0508 3d05 2200 0204 0190 0658 0505 065a  ..=."......X...Z
00007b00: 053a 5a05 4166 0532 3c05 053c 0813 0529  .:Z.Af.2<..<...)
00007b10: e505 053c 0537 0813 0505 6605 3708 1305  ...<.7....f.7...
00007b20: 0566 0814 0509 e605 0800 0204 0158 0524  .f...........X.$
00007b30: 0002 0401 4a06 5805 0506 3008 4c08 2105  ....J.X...0.L.!.
00007b40: 0c5a 0501 5905 1535 0501 3e02 0300 0101  .Z..Y..5..>.....
00007b50: ec00 0000 0500 0400 2e00 0000 0101 01fb  ................
00007b60: 0e0d 0001 0101 0100 0000 0100 0001 0101  ................
00007b70: 1f02 0000 0000 2b00 0000 0201 1f02 0f02  ......+.........
00007b80: b200 0000 01b2 0000 0001 0005 02a5 2810  ..............(.
00007b90: 0003 2801 223d 4b67 3d67 2f5b 2121 2f2f  ..(."=Kg=g/[!!//
00007ba0: 4b2f 3021 5922 2f2f 2121 2421 3d4b 673d  K/0!Y"//!!$!=Kg=
00007bb0: 672f 5a21 212f 2f4b 2f30 2159 222f 2f21  g/Z!!//K/0!Y"//!
00007bc0: 2103 1a20 0226 1302 2613 0226 1302 2613  !.. .&..&..&..&.
00007bd0: 0226 1302 2613 0226 1302 2613 0226 1302  .&..&..&..&..&..
00007be0: 2613 0226 1302 2613 0226 1302 2617 2123  &..&..&..&..&.!#
00007bf0: 3d4d 2121 593f 3e21 0328 2008 7508 7508  =M!!Y?>!.( .u.u.
00007c00: 7508 7508 7508 7508 7508 7608 ad08 7508  u.u.u.u.u.v...u.
00007c10: ad08 ad08 b121 2f3d 3d3d 3d21 2121 2159  .....!/====!!!!Y
00007c20: 2124 212f 3d3d 3d3d 2121 2121 5921 2308  !$!/====!!!!Y!#.
00007c30: 7508 ad08 7508 7508 7508 7502 1800 0101  u...u.u.u.u.....
00007c40: 6c6f 6e67 206c 6f6e 6720 696e 7400 7369  long long int.si
00007c50: 7a65 5f74 0047 4e55 2043 3137 2031 342e  ze_t.GNU C17 14.
00007c60: 322e 3020 2d6d 3332 202d 6d74 756e 653d  2.0 -m32 -mtune=
00007c70: 6765 6e65 7269 6320 2d6d 6172 6368 3d69  generic -march=i
00007c80: 3638 3620 2d67 202d 4f30 202d 6666 7265  686 -g -O0 -ffre
00007c90: 6573 7461 6e64 696e 6720 2d66 6e6f 2d70  estanding -fno-p
00007ca0: 6965 202d 666e 6f2d 7374 6163 6b2d 7072  ie -fno-stack-pr
00007cb0: 6f74 6563 746f 7220 2d66 6e6f 2d61 7379  otector -fno-asy
00007cc0: 6e63 6872 6f6e 6f75 732d 756e 7769 6e64  nchronous-unwind
00007cd0: 2d74 6162 6c65 7300 6d65 6d63 6d70 005f  -tables.memcmp._
00007ce0: 466c 6f61 7431 3238 0075 6e73 6967 6e65  Float128.unsigne
00007cf0: 6420 6368 6172 006d 656d 6370 7900 7374  d char.memcpy.st
00007d00: 726c 656e 006c 6f6e 6720 646f 7562 6c65  rlen.long double
00007d10: 006d 656d 7365 7400 6361 7073 0070 7332  .memset.caps.ps2
00007d20: 5f77 7269 7465 5f63 6f6e 6669 6700 5f5f  _write_config.__
00007d30: 6673 5f70 6164 0075 5f72 6561 6463 6800  fs_pad.u_readch.
00007d40: 7667 615f 7075 7463 0069 7372 5f65 7863  vga_putc.isr_exc
00007d50: 5f30 7830 4100 656e 7465 725f 7573 6572  _0x0A.enter_user
00007d60: 6c61 6e64 0075 696e 7470 7472 5f74 0063  land.uintptr_t.c
00007d70: 6865 636b 7375 6d00 7072 6576 0069 7271  hecksum.prev.irq
00007d80: 5f75 6e68 616e 646c 6564 5f63 0069 6474  _unhandled_c.idt
00007d90: 5f65 6e74 7279 0065 7863 5f63 6f6d 6d6f  _entry.exc_commo
00007da0: 6e5f 6572 725f 6300 7667 615f 7075 7464  n_err_c.vga_putd
00007db0: 6563 5f61 7400 7370 6561 6b65 725f 6f66  ec_at.speaker_of
00007dc0: 6600 7761 6974 5f73 6563 6f6e 6473 0069  f.wait_seconds.i
00007dd0: 6f5f 7761 6974 006c 6f6e 6720 6c6f 6e67  o_wait.long long
00007de0: 2075 6e73 6967 6e65 6420 696e 7400 636f   unsigned int.co
00007df0: 616c 6573 6365 0065 7863 5f70 665f 6300  alesce.exc_pf_c.
00007e00: 6672 6565 5f62 6c6f 636b 5f74 006c 6566  free_block_t.lef
00007e10: 746f 7665 7200 7368 6f77 5f72 6574 5f66  tover.show_ret_f
00007e20: 7261 6d65 0070 7332 5f72 6561 645f 636f  rame.ps2_read_co
00007e30: 6e66 6967 006e 6578 7400 7368 6f77 5f73  nfig.next.show_s
00007e40: 7461 636b 5f62 6f75 6e64 7300 5f5f 6773  tack_bounds.__gs
00007e50: 5f70 6164 0074 7373 5f62 6173 6500 6d73  _pad.tss_base.ms
00007e60: 675f 636f 6c00 6973 725f 7379 7363 616c  g_col.isr_syscal
00007e70: 6c00 7265 745f 6573 7000 6672 6571 0068  l.ret_esp.freq.h
00007e80: 6472 5f63 6f6c 0073 7065 616b 6572 5f6f  dr_col.speaker_o
00007e90: 6e00 6b6d 616c 6c6f 6300 636f 7368 5f62  n.kmalloc.cosh_b
00007ea0: 616e 6e65 7200 6764 745f 7074 7200 6375  anner.gdt_ptr.cu
00007eb0: 7273 6f72 5f72 6f77 006e 6577 5f62 6c6f  rsor_row.new_blo
00007ec0: 636b 0069 7271 5f30 7832 3900 5359 535f  ck.irq_0x29.SYS_
00007ed0: 7969 656c 6400 5f5f 7373 315f 7061 6400  yield.__ss1_pad.
00007ee0: 5359 535f 6578 6974 0074 725f 7072 6f62  SYS_exit.tr_prob
00007ef0: 6500 6964 745f 7074 7200 7569 6e74 3136  e.idt_ptr.uint16
00007f00: 5f74 0069 7271 5f74 696d 6572 5f63 0062  _t.irq_timer_c.b
00007f10: 7566 6665 7200 7473 735f 656e 7472 7900  uffer.tss_entry.
00007f20: 6972 715f 3078 3245 0054 6573 745f 4b6d  irq_0x2E.Test_Km
00007f30: 616c 6c6f 6300 7473 735f 6c69 6d69 7400  alloc.tss_limit.
00007f40: 7265 745f 6566 6c61 6773 005f 5f6c 6474  ret_eflags.__ldt
00007f50: 5f70 6164 006b 6572 6e65 6c5f 6d61 696e  _pad.kernel_main
00007f60: 0074 6963 6b73 0053 5953 5f77 7269 7465  .ticks.SYS_write
00007f70: 0069 6474 5f73 6574 5f67 6174 6500 7667  .idt_set_gate.vg
00007f80: 615f 7075 7468 6578 3332 5f61 7400 6b65  a_puthex32_at.ke
00007f90: 7962 6f61 7264 5f69 7372 5f63 006c 696d  yboard_isr_c.lim
00007fa0: 6974 5f6c 6f00 5359 535f 7265 6164 6368  it_lo.SYS_readch
00007fb0: 006d 6172 6b65 725f 746f 7000 6861 6c74  .marker_top.halt
00007fc0: 6564 005f 5f63 735f 7061 6400 6c67 6474  ed.__cs_pad.lgdt
00007fd0: 0076 6761 5f70 7574 735f 6174 0070 7269  .vga_puts_at.pri
00007fe0: 6e74 5f68 6578 3136 0074 7261 7000 7368  nt_hex16.trap.sh
00007ff0: 6f72 7420 756e 7369 676e 6564 2069 6e74  ort unsigned int
00008000: 006c 6f61 645f 6b65 726e 656c 5f73 6567  .load_kernel_seg
00008010: 6d65 6e74 7300 6573 7030 0065 7370 3100  ments.esp0.esp1.
00008020: 6573 7032 0076 6761 5f77 7269 7465 0070  esp2.vga_write.p
00008030: 7269 6e74 5f68 6578 3332 0069 7271 5f74  rint_hex32.irq_t
00008040: 696d 6572 0068 6561 705f 7074 7200 6163  imer.heap_ptr.ac
00008050: 6365 7373 0069 7372 5f65 7863 5f30 7830  cess.isr_exc_0x0
00008060: 3000 6973 725f 6578 635f 3078 3132 006b  0.isr_exc_0x12.k
00008070: 7461 696c 0065 7863 5f63 6f6d 6d6f 6e5f  tail.exc_common_
00008080: 6e6f 6572 725f 6300 755f 7969 656c 6400  noerr_c.u_yield.
00008090: 6b62 7566 5f70 7573 6800 6861 6c74 5f63  kbuf_push.halt_c
000080a0: 6f6c 0063 7572 725f 656e 6400 5f5f 6473  ol.curr_end.__ds
000080b0: 5f70 6164 0073 686f 775f 6973 725f 7374  _pad.show_isr_st
000080c0: 6163 6b5f 7072 6f62 6500 616c 7761 7973  ack_probe.always
000080d0: 3000 6c69 6474 0070 7332 5f77 6169 745f  0.lidt.ps2_wait_
000080e0: 6f75 7470 7574 5f66 756c 6c00 755f 7061  output_full.u_pa
000080f0: 6e69 6300 6261 7365 5f68 6900 6973 725f  nic.base_hi.isr_
00008100: 6578 635f 3078 3031 0069 7372 5f65 7863  exc_0x01.isr_exc
00008110: 5f30 7830 3200 6973 725f 6578 635f 3078  _0x02.isr_exc_0x
00008120: 3033 0069 7372 5f65 7863 5f30 7830 3400  03.isr_exc_0x04.
00008130: 696f 6d61 7000 6772 616e 0069 7372 5f65  iomap.gran.isr_e
00008140: 7863 5f30 7830 3700 6973 725f 6578 635f  xc_0x07.isr_exc_
00008150: 3078 3038 0069 7372 5f65 7863 5f30 7830  0x08.isr_exc_0x0
00008160: 3900 6972 715f 6b65 7962 6f61 7264 5f73  9.irq_keyboard_s
00008170: 7475 6200 6973 725f 7072 6f62 655f 6370  tub.isr_probe_cp
00008180: 6c00 6973 725f 6578 635f 3078 3042 0069  l.isr_exc_0x0B.i
00008190: 7372 5f65 7863 5f30 7830 4300 6973 725f  sr_exc_0x0C.isr_
000081a0: 6578 635f 3078 3044 0069 7372 5f65 7863  exc_0x0D.isr_exc
000081b0: 5f30 7830 4500 6f75 7462 0065 7863 5f67  _0x0E.outb.exc_g
000081c0: 705f 6300 6b6d 616c 6c6f 635f 7465 7374  p_c.kmalloc_test
000081d0: 0069 7372 5f70 726f 6265 5f65 7370 006b  .isr_probe_esp.k
000081e0: 6275 6600 6973 725f 7072 6f62 655f 7373  buf.isr_probe_ss
000081f0: 0068 6561 705f 656e 6400 5f5f 6573 5f70  .heap_end.__es_p
00008200: 6164 005f 5f73 7330 5f70 6164 0075 7365  ad.__ss0_pad.use
00008210: 725f 7368 656c 6c00 696e 7365 7274 5f62  r_shell.insert_b
00008220: 6c6f 636b 5f73 6f72 7465 6400 6973 725f  lock_sorted.isr_
00008230: 7379 7363 616c 6c5f 6300 7069 745f 696e  syscall_c.pit_in
00008240: 6974 0069 7372 5f65 7863 5f30 7831 3000  it.isr_exc_0x10.
00008250: 6973 725f 6578 635f 3078 3131 006b 7374  isr_exc_0x11.kst
00008260: 6163 6b00 6973 725f 6578 635f 3078 3133  ack.isr_exc_0x13
00008270: 0061 7461 5f72 6561 6432 3800 6375 7272  .ata_read28.curr
00008280: 006b 6579 626f 6172 645f 656e 6162 6c65  .keyboard_enable
00008290: 0072 6574 5f63 7300 6973 725f 6578 635f  .ret_cs.isr_exc_
000082a0: 3078 3144 0073 686f 7274 2069 6e74 0069  0x1D.short int.i
000082b0: 7372 5f65 7863 5f30 7831 4600 6d61 6769  sr_exc_0x1F.magi
000082c0: 6300 7374 725f 7265 6164 0074 6f74 616c  c.str_read.total
000082d0: 5f73 697a 6500 6261 7365 5f6c 6f00 6669  _size.base_lo.fi
000082e0: 6c6c 0067 6474 5f73 6574 006b 6275 665f  ll.gdt_set.kbuf_
000082f0: 706f 7000 6261 7365 5f6d 6964 0075 696e  pop.base_mid.uin
00008300: 7433 325f 7400 7072 696e 745f 6865 7838  t32_t.print_hex8
00008310: 0064 6976 6973 6f72 0067 6474 5f65 6e74  .divisor.gdt_ent
00008320: 7279 006d 6172 6b65 725f 7374 6163 6b00  ry.marker_stack.
00008330: 7265 745f 7373 0070 7332 5f77 6169 745f  ret_ss.ps2_wait_
00008340: 696e 7075 745f 636c 6561 7200 7374 725f  input_clear.str_
00008350: 6c65 6e00 6972 715f 3078 3232 0069 7271  len.irq_0x22.irq
00008360: 5f30 7832 3300 6972 715f 3078 3234 0069  _0x23.irq_0x24.i
00008370: 7271 5f30 7832 3500 6972 715f 3078 3236  rq_0x25.irq_0x26
00008380: 0069 7271 5f30 7832 3700 6972 715f 3078  .irq_0x27.irq_0x
00008390: 3238 005f 5f73 735f 7061 6400 6c69 6e65  28.__ss_pad.line
000083a0: 0069 7271 5f30 7832 4100 6972 715f 3078  .irq_0x2A.irq_0x
000083b0: 3242 0069 7271 5f30 7832 4300 6972 715f  2B.irq_0x2C.irq_
000083c0: 3078 3244 0072 6574 5f65 6970 0069 7271  0x2D.ret_eip.irq
000083d0: 5f30 7832 4600 5359 535f 7265 626f 6f74  _0x2F.SYS_reboot
000083e0: 0073 7973 6361 6c6c 5f64 6973 7061 7463  .syscall_dispatc
000083f0: 6800 7667 615f 6365 6c6c 005f 5f73 7332  h.vga_cell.__ss2
00008400: 5f70 6164 0066 7265 655f 6c69 7374 006b  _pad.free_list.k
00008410: 6579 6d61 7000 4b45 524e 454c 5f53 5441  eymap.KERNEL_STA
00008420: 5254 005f 5f70 7265 765f 7061 6400 7573  RT.__prev_pad.us
00008430: 6572 5f73 7461 636b 0076 6761 5f63 6c65  er_stack.vga_cle
00008440: 6172 006d 756c 7469 626f 6f74 5f68 6561  ar.multiboot_hea
00008450: 6465 7200 7069 635f 7265 6d61 7000 6672  der.pic_remap.fr
00008460: 6565 5f62 6c6f 636b 0073 7461 7475 7300  ee_block.status.
00008470: 7565 7370 0063 7572 736f 725f 636f 6c00  uesp.cursor_col.
00008480: 7569 6e74 385f 7400 5359 535f 616c 6c6f  uint8_t.SYS_allo
00008490: 6300 6261 6e6e 6572 5f63 6f6c 0070 6f72  c.banner_col.por
000084a0: 7400 6b65 796d 6170 5f73 6869 6674 0075  t.keymap_shift.u
000084b0: 5f77 7269 7465 0069 7372 5f65 7863 5f30  _write.isr_exc_0
000084c0: 7831 4500 6b66 7265 6500 6174 7472 0054  x1E.kfree.attr.T
000084d0: 6573 745f 426c 6b5f 4472 6976 6572 006b  est_Blk_Driver.k
000084e0: 6865 6164 0069 7372 5f65 7863 5f30 7830  head.isr_exc_0x0
000084f0: 3500 6973 725f 6578 635f 3078 3036 0076  5.isr_exc_0x06.v
00008500: 6761 5f68 775f 6375 7273 6f72 5f73 6574  ga_hw_cursor_set
00008510: 0075 7365 725f 656e 7472 7900 7072 6576  .user_entry.prev
00008520: 5f74 7373 0063 6f75 6e74 0061 6464 7200  _tss.count.addr.
00008530: 6174 615f 7761 6974 5f64 7271 0061 7461  ata_wait_drq.ata
00008540: 5f77 7269 7465 3238 0061 7461 5f77 6169  _write28.ata_wai
00008550: 745f 6275 7379 0069 6e73 7700 6f75 7473  t_busy.insw.outs
00008560: 7700 6174 615f 696e 6974 0073 7263 2f6b  w.ata_init.src/k
00008570: 6572 6e65 6c2f 6972 712e 5300 2f68 6f6d  ernel/irq.S./hom
00008580: 652f 6361 6c6c 756d 2f43 414c 4c55 4d5f  e/callum/CALLUM_
00008590: 4f53 0047 4e55 2041 5320 322e 3434 002f  OS.GNU AS 2.44./
000085a0: 686f 6d65 2f63 616c 6c75 6d2f 4341 4c4c  home/callum/CALL
000085b0: 554d 5f4f 5300 7372 632f 6b65 726e 656c  UM_OS.src/kernel
000085c0: 2f73 7472 696e 672e 6300 7372 632f 6b65  /string.c.src/ke
000085d0: 726e 656c 002f 7573 722f 6c69 622f 6763  rnel./usr/lib/gc
000085e0: 632f 7838 365f 3634 2d6c 696e 7578 2d67  c/x86_64-linux-g
000085f0: 6e75 2f31 342f 696e 636c 7564 6500 7374  nu/14/include.st
00008600: 6464 6566 2e68 0073 7263 2f6b 6572 6e65  ddef.h.src/kerne
00008610: 6c2f 6b65 726e 656c 2e63 0073 7464 696e  l/kernel.c.stdin
00008620: 742d 6763 632e 6800 626c 6f63 6b5f 6465  t-gcc.h.block_de
00008630: 7669 6365 2e68 0073 7263 2f6b 6572 6e65  vice.h.src/kerne
00008640: 6c2f 626c 6f63 6b5f 6465 7669 6365 2e63  l/block_device.c
00008650: 0069 7271 2e53 0047 4343 3a20 2844 6562  .irq.S.GCC: (Deb
00008660: 6961 6e20 3134 2e32 2e30 2d31 3929 2031  ian 14.2.0-19) 1
00008670: 342e 322e 3000 0000 1000 0000 ffff ffff  4.2.0...........
00008680: 0100 017c 080c 0404 8801 0000 1c00 0000  ...|............
00008690: 0000 0000 0c00 1000 3d00 0000 410e 0885  ........=...A...
000086a0: 0242 0d05 79c5 0c04 0400 0000 1c00 0000  .B..y...........
000086b0: 0000 0000 4900 1000 2e00 0000 410e 0885  ....I.......A...
000086c0: 0242 0d05 6ac5 0c04 0400 0000 1c00 0000  .B..j...........
000086d0: 0000 0000 7700 1000 5800 0000 410e 0885  ....w...X...A...
000086e0: 0242 0d05 0254 c50c 0404 0000 1c00 0000  .B...T..........
000086f0: 0000 0000 cf00 1000 2800 0000 410e 0885  ........(...A...
00008700: 0242 0d05 64c5 0c04 0400 0000 1000 0000  .B..d...........
00008710: ffff ffff 0100 017c 080c 0404 8801 0000  .......|........
00008720: 2000 0000 9400 0000 f700 1000 2800 0000   ...........(...
00008730: 410e 0885 0242 0d05 4483 0360 c5c3 0c04  A....B..D..`....
00008740: 0400 0000 1c00 0000 9400 0000 1f01 1000  ................
00008750: 2000 0000 410e 0885 0242 0d05 5cc5 0c04   ...A....B..\...
00008760: 0400 0000 1c00 0000 9400 0000 3f01 1000  ............?...
00008770: 1500 0000 410e 0885 0242 0d05 51c5 0c04  ....A....B..Q...
00008780: 0400 0000 1c00 0000 9400 0000 5401 1000  ............T...
00008790: 5301 0000 410e 0885 0242 0d05 034f 01c5  S...A....B...O..
000087a0: 0c04 0400 1c00 0000 9400 0000 a702 1000  ................
000087b0: 6e00 0000 410e 0885 0242 0d05 026a c50c  n...A....B...j..
000087c0: 0404 0000 1c00 0000 9400 0000 1503 1000  ................
000087d0: 6900 0000 410e 0885 0242 0d05 0265 c50c  i...A....B...e..
000087e0: 0404 0000 1c00 0000 9400 0000 7e03 1000  ............~...
000087f0: 2a00 0000 410e 0885 0242 0d05 66c5 0c04  *...A....B..f...
00008800: 0400 0000 1c00 0000 9400 0000 a803 1000  ................
00008810: 2200 0000 410e 0885 0242 0d05 5ec5 0c04  "...A....B..^...
00008820: 0400 0000 1c00 0000 9400 0000 ca03 1000  ................
00008830: 6f00 0000 410e 0885 0242 0d05 026b c50c  o...A....B...k..
00008840: 0404 0000 1c00 0000 9400 0000 3904 1000  ............9...
00008850: 7400 0000 410e 0885 0242 0d05 0270 c50c  t...A....B...p..
00008860: 0404 0000 2400 0000 9400 0000 ad04 1000  ....$...........
00008870: 1202 0000 410e 0885 0242 0d05 4586 0383  ....A....B..E...
00008880: 0403 0702 c341 c641 c50c 0404 1c00 0000  .....A.A........
00008890: 9400 0000 bf06 1000 4800 0000 410e 0885  ........H...A...
000088a0: 0242 0d05 0244 c50c 0404 0000 1c00 0000  .B...D..........
000088b0: 9400 0000 0707 1000 5f00 0000 410e 0885  ........_...A...
000088c0: 0242 0d05 025b c50c 0404 0000 1c00 0000  .B...[..........
000088d0: 9400 0000 6607 1000 9700 0000 410e 0885  ....f.......A...
000088e0: 0242 0d05 0293 c50c 0404 0000 1c00 0000  .B..............
000088f0: 9400 0000 fd07 1000 6600 0000 410e 0885  ........f...A...
00008900: 0242 0d05 0262 c50c 0404 0000 1c00 0000  .B...b..........
00008910: 9400 0000 6308 1000 7a00 0000 410e 0885  ....c...z...A...
00008920: 0242 0d05 0276 c50c 0404 0000 1c00 0000  .B...v..........
00008930: 9400 0000 dd08 1000 2a00 0000 410e 0885  ........*...A...
00008940: 0242 0d05 66c5 0c04 0400 0000 1c00 0000  .B..f...........
00008950: 9400 0000 0709 1000 2700 0000 410e 0885  ........'...A...
00008960: 0242 0d05 63c5 0c04 0400 0000 2800 0000  .B..c.......(...
00008970: 9400 0000 2e09 1000 6800 0000 410e 0885  ........h...A...
00008980: 0242 0d05 4687 0386 0483 0502 5bc3 41c6  .B..F.......[.A.
00008990: 41c7 41c5 0c04 0400 2800 0000 9400 0000  A.A.....(.......
000089a0: 9609 1000 0501 0000 410e 0885 0242 0d05  ........A....B..
000089b0: 4687 0386 0483 0502 f8c3 41c6 41c7 41c5  F.........A.A.A.
000089c0: 0c04 0400 2800 0000 9400 0000 9b0a 1000  ....(...........
000089d0: fa00 0000 410e 0885 0242 0d05 4687 0386  ....A....B..F...
000089e0: 0483 0502 edc3 41c6 41c7 41c5 0c04 0400  ......A.A.A.....
000089f0: 1c00 0000 9400 0000 950b 1000 3c00 0000  ............<...
00008a00: 410e 0885 0242 0d05 78c5 0c04 0400 0000  A....B..x.......
00008a10: 1800 0000 9400 0000 d10b 1000 0902 0000  ................
00008a20: 410e 0885 0242 0d05 4483 0300 1c00 0000  A....B..D.......
00008a30: 9400 0000 da0d 1000 8500 0000 410e 0885  ............A...
00008a40: 0242 0d05 0281 c50c 0404 0000 1c00 0000  .B..............
00008a50: 9400 0000 5f0e 1000 0c00 0000 410e 0885  ...._.......A...
00008a60: 0242 0d05 48c5 0c04 0400 0000 1c00 0000  .B..H...........
00008a70: 9400 0000 6b0e 1000 0c00 0000 410e 0885  ....k.......A...
00008a80: 0242 0d05 48c5 0c04 0400 0000 1c00 0000  .B..H...........
00008a90: 9400 0000 770e 1000 1700 0000 410e 0885  ....w.......A...
00008aa0: 0242 0d05 53c5 0c04 0400 0000 1c00 0000  .B..S...........
00008ab0: 9400 0000 8e0e 1000 1400 0000 410e 0885  ............A...
00008ac0: 0242 0d05 50c5 0c04 0400 0000 1c00 0000  .B..P...........
00008ad0: 9400 0000 a20e 1000 1400 0000 410e 0885  ............A...
00008ae0: 0242 0d05 50c5 0c04 0400 0000 1c00 0000  .B..P...........
00008af0: 9400 0000 b60e 1000 6a00 0000 410e 0885  ........j...A...
00008b00: 0242 0d05 0266 c50c 0404 0000 1c00 0000  .B...f..........
00008b10: 9400 0000 200f 1000 db00 0000 410e 0885  .... .......A...
00008b20: 0242 0d05 02d7 c50c 0404 0000 1c00 0000  .B..............
00008b30: 9400 0000 fb0f 1000 4a00 0000 410e 0885  ........J...A...
00008b40: 0242 0d05 0246 c50c 0404 0000 1c00 0000  .B...F..........
00008b50: 9400 0000 4510 1000 4000 0000 410e 0885  ....E...@...A...
00008b60: 0242 0d05 7cc5 0c04 0400 0000 1c00 0000  .B..|...........
00008b70: 9400 0000 8510 1000 4100 0000 410e 0885  ........A...A...
00008b80: 0242 0d05 7dc5 0c04 0400 0000 1c00 0000  .B..}...........
00008b90: 9400 0000 c610 1000 2200 0000 410e 0885  ........"...A...
00008ba0: 0242 0d05 5ec5 0c04 0400 0000 1c00 0000  .B..^...........
00008bb0: 9400 0000 e810 1000 2200 0000 410e 0885  ........"...A...
00008bc0: 0242 0d05 5ec5 0c04 0400 0000 1c00 0000  .B..^...........
00008bd0: 9400 0000 0a11 1000 2500 0000 410e 0885  ........%...A...
00008be0: 0242 0d05 61c5 0c04 0400 0000 1c00 0000  .B..a...........
00008bf0: 9400 0000 2f11 1000 3400 0000 410e 0885  ..../...4...A...
00008c00: 0242 0d05 70c5 0c04 0400 0000 1c00 0000  .B..p...........
00008c10: 9400 0000 6311 1000 8a00 0000 410e 0885  ....c.......A...
00008c20: 0242 0d05 0286 c50c 0404 0000 1c00 0000  .B..............
00008c30: 9400 0000 ed11 1000 3801 0000 410e 0885  ........8...A...
00008c40: 0242 0d05 0334 01c5 0c04 0400 1400 0000  .B...4..........
00008c50: 9400 0000 2513 1000 7600 0000 410e 0885  ....%...v...A...
00008c60: 0242 0d05 1c00 0000 9400 0000 9b13 1000  .B..............
00008c70: 1f00 0000 410e 0885 0242 0d05 5bc5 0c04  ....A....B..[...
00008c80: 0400 0000 1c00 0000 9400 0000 ba13 1000  ................
00008c90: 5b00 0000 410e 0885 0242 0d05 0257 c50c  [...A....B...W..
00008ca0: 0404 0000 1400 0000 9400 0000 1514 1000  ................
00008cb0: af00 0000 410e 0885 0242 0d05 1400 0000  ....A....B......
00008cc0: 9400 0000 c414 1000 cb00 0000 410e 0885  ............A...
00008cd0: 0242 0d05 1400 0000 9400 0000 8f15 1000  .B..............
00008ce0: 6102 0000 410e 0885 0242 0d05 1400 0000  a...A....B......
00008cf0: 9400 0000 f017 1000 c900 0000 410e 0885  ............A...
00008d00: 0242 0d05 1c00 0000 9400 0000 b918 1000  .B..............
00008d10: 4c00 0000 410e 0885 0242 0d05 0248 c50c  L...A....B...H..
00008d20: 0404 0000 1c00 0000 9400 0000 0519 1000  ................
00008d30: 1100 0000 410e 0885 0242 0d05 4dc5 0c04  ....A....B..M...
00008d40: 0400 0000 1c00 0000 9400 0000 1619 1000  ................
00008d50: 1200 0000 410e 0885 0242 0d05 4ec5 0c04  ....A....B..N...
00008d60: 0400 0000 1c00 0000 9400 0000 2819 1000  ............(...
00008d70: 1200 0000 410e 0885 0242 0d05 4ec5 0c04  ....A....B..N...
00008d80: 0400 0000 1c00 0000 9400 0000 3a19 1000  ............:...
00008d90: 0d00 0000 410e 0885 0242 0d05 49c5 0c04  ....A....B..I...
00008da0: 0400 0000 1c00 0000 9400 0000 4719 1000  ............G...
00008db0: 3300 0000 410e 0885 0242 0d05 6fc5 0c04  3...A....B..o...
00008dc0: 0400 0000 1c00 0000 9400 0000 7a19 1000  ............z...
00008dd0: a000 0000 410e 0885 0242 0d05 029c c50c  ....A....B......
00008de0: 0404 0000 1c00 0000 9400 0000 1a1a 1000  ................
00008df0: a500 0000 410e 0885 0242 0d05 02a1 c50c  ....A....B......
00008e00: 0404 0000 1c00 0000 9400 0000 bf1a 1000  ................
00008e10: ba00 0000 410e 0885 0242 0d05 02b6 c50c  ....A....B......
00008e20: 0404 0000 1400 0000 9400 0000 791b 1000  ............y...
00008e30: 2003 0000 410e 0885 0242 0d05 1400 0000   ...A....B......
00008e40: 9400 0000 991e 1000 3f00 0000 410e 0885  ........?...A...
00008e50: 0242 0d05 1000 0000 9400 0000 d81e 1000  .B..............
00008e60: 1c00 0000 570e 0800 1c00 0000 9400 0000  ....W...........
00008e70: f41e 1000 4000 0000 410e 0885 0242 0d05  ....@...A....B..
00008e80: 7cc5 0c04 0400 0000 1c00 0000 9400 0000  |...............
00008e90: 341f 1000 6a00 0000 410e 0885 0242 0d05  4...j...A....B..
00008ea0: 0266 c50c 0404 0000 1400 0000 9400 0000  .f..............
00008eb0: 9e1f 1000 3b06 0000 410e 0885 0242 0d05  ....;...A....B..
00008ec0: 1000 0000 ffff ffff 0100 017c 080c 0404  ...........|....
00008ed0: 8801 0000 1c00 0000 4808 0000 d925 1000  ........H....%..
00008ee0: 1f00 0000 410e 0885 0242 0d05 5bc5 0c04  ....A....B..[...
00008ef0: 0400 0000 1c00 0000 4808 0000 f825 1000  ........H....%..
00008f00: 1d00 0000 410e 0885 0242 0d05 59c5 0c04  ....A....B..Y...
00008f10: 0400 0000 2400 0000 4808 0000 1526 1000  ....$...H....&..
00008f20: 3400 0000 410e 0885 0242 0d05 4587 0383  4...A....B..E...
00008f30: 0469 c341 c741 c50c 0404 0000 2400 0000  .i.A.A......$...
00008f40: 4808 0000 4926 1000 3400 0000 410e 0885  H...I&..4...A...
00008f50: 0242 0d05 4586 0383 0469 c341 c641 c50c  .B..E....i.A.A..
00008f60: 0404 0000 1c00 0000 4808 0000 7d26 1000  ........H...}&..
00008f70: 3700 0000 410e 0885 0242 0d05 73c5 0c04  7...A....B..s...
00008f80: 0400 0000 1c00 0000 4808 0000 b426 1000  ........H....&..
00008f90: 4c00 0000 410e 0885 0242 0d05 0248 c50c  L...A....B...H..
00008fa0: 0404 0000 1c00 0000 4808 0000 0027 1000  ........H....'..
00008fb0: c400 0000 410e 0885 0242 0d05 02c0 c50c  ....A....B......
00008fc0: 0404 0000 1c00 0000 4808 0000 c427 1000  ........H....'..
00008fd0: db00 0000 410e 0885 0242 0d05 02d7 c50c  ....A....B......
00008fe0: 0404 0000 1c00 0000 4808 0000 9f28 1000  ........H....(..
00008ff0: 0600 0000 410e 0885 0242 0d05 42c5 0c04  ....A....B..B...
00009000: 0400 0000 1300 0000 0500 0400 0000 0000  ................
00009010: 04b8 35f2 3504 fd35 e936 0000 0000 0000  ..5.5..5.6......
00009020: 0000 0000 0000 0000 0000 0000 0100 0000  ................
00009030: 0000 0000 0000 0000 0400 f1ff 0a00 0000  ................
00009040: 2010 4000 0400 0000 0100 0500 1400 0000   .@.............
00009050: f700 1000 2800 0000 0200 0200 1900 0000  ....(...........
00009060: 1f01 1000 2000 0000 0200 0200 1d00 0000  .... ...........
00009070: 3f01 1000 1500 0000 0200 0200 2500 0000  ?...........%...
00009080: a702 1000 6e00 0000 0200 0200 3900 0000  ....n.......9...
00009090: 1503 1000 6900 0000 0200 0200 4200 0000  ....i.......B...
000090a0: 802d 1000 0400 0000 0100 0300 4600 0000  .-..........F...
000090b0: 2410 4000 0400 0000 0100 0500 5100 0000  $.@.........Q...
000090c0: 2810 4000 0400 0000 0100 0500 5c00 0000  (.@.........\...
000090d0: a803 1000 2200 0000 0200 0200 6500 0000  ....".......e...
000090e0: ca03 1000 6f00 0000 0200 0200 7700 0000  ....o.......w...
000090f0: 3904 1000 7400 0000 0200 0200 8100 0000  9...t...........
00009100: ad04 1000 1202 0000 0200 0200 8a00 0000  ................
00009110: bf06 1000 4800 0000 0200 0200 9400 0000  ....H...........
00009120: 0707 1000 5f00 0000 0200 0200 9f00 0000  ...._...........
00009130: 6607 1000 9700 0000 0200 0200 ab00 0000  f...............
00009140: fd07 1000 6600 0000 0200 0200 b700 0000  ....f...........
00009150: 6308 1000 7a00 0000 0200 0200 c200 0000  c...z...........
00009160: dd08 1000 2a00 0000 0200 0200 ce00 0000  ....*...........
00009170: 0709 1000 2700 0000 0200 0200 d600 0000  ....'...........
00009180: 2e09 1000 6800 0000 0200 0200 e200 0000  ....h...........
00009190: 9609 1000 0501 0000 0200 0200 f000 0000  ................
000091a0: 9b0a 1000 fa00 0000 0200 0200 0001 0000  ................
000091b0: 950b 1000 3c00 0000 0200 0200 2f01 0000  ....<......./...
000091c0: 4010 4000 3000 0000 0100 0500 0d01 0000  @.@.0...........
000091d0: 7010 4000 0600 0000 0100 0500 3401 0000  p.@.........4...
000091e0: 8010 4000 0008 0000 0100 0500 4d03 0000  ..@.........M...
000091f0: 8018 4000 0600 0000 0100 0500 1001 0000  ..@.............
00009200: a018 4000 6800 0000 0100 0500 1401 0000  ..@.h...........
00009210: 1019 4000 0010 0000 0100 0500 1b01 0000  ..@.............
00009220: 1029 4000 0010 0000 0100 0500 2601 0000  .)@.........&...
00009230: da0d 1000 8500 0000 0200 0200 2e01 0000  ................
00009240: 5f0e 1000 0c00 0000 0200 0200 3301 0000  _...........3...
00009250: 6b0e 1000 0c00 0000 0200 0200 3801 0000  k...........8...
00009260: 770e 1000 1700 0000 0200 0200 3c01 0000  w...........<...
00009270: 8e0e 1000 1400 0000 0200 0200 4501 0000  ............E...
00009280: a20e 1000 1400 0000 0200 0200 5a01 0000  ............Z...
00009290: b60e 1000 6a00 0000 0200 0200 6701 0000  ....j.......g...
000092a0: 200f 1000 db00 0000 0200 0200 7101 0000   ...........q...
000092b0: fb0f 1000 4a00 0000 0200 0200 8d01 0000  ....J...........
000092c0: 1039 4000 0400 0000 0100 0500 7a01 0000  .9@.........z...
000092d0: 1439 4000 0400 0000 0100 0500 7f01 0000  .9@.............
000092e0: 002e 1000 8000 0000 0100 0300 8601 0000  ................
000092f0: 802e 1000 8000 0000 0100 0300 9301 0000  ................
00009300: 2039 4000 0001 0000 0100 0500 9801 0000   9@.............
00009310: 203a 4000 0400 0000 0100 0500 9e01 0000   :@.............
00009320: 243a 4000 0400 0000 0100 0500 a401 0000  $:@.............
00009330: 4510 1000 4000 0000 0200 0200 ae01 0000  E...@...........
00009340: 8510 1000 4100 0000 0200 0200 b701 0000  ....A...........
00009350: c610 1000 2200 0000 0200 0200 cc01 0000  ...."...........
00009360: e810 1000 2200 0000 0200 0200 e101 0000  ...."...........
00009370: 0a11 1000 2500 0000 0200 0200 f101 0000  ....%...........
00009380: 2f11 1000 3400 0000 0200 0200 0202 0000  /...4...........
00009390: 6311 1000 8a00 0000 0200 0200 1202 0000  c...............
000093a0: 283a 4000 0400 0000 0100 0500 1a02 0000  (:@.............
000093b0: 0519 1000 1100 0000 0200 0200 2302 0000  ............#...
000093c0: 1619 1000 1200 0000 0200 0200 2b02 0000  ............+...
000093d0: 2819 1000 1200 0000 0200 0200 3302 0000  (...........3...
000093e0: 3a19 1000 0d00 0000 0200 0200 3b02 0000  :...........;...
000093f0: 4719 1000 3300 0000 0200 0200 4702 0000  G...3.......G...
00009400: 7a19 1000 a000 0000 0200 0200 5c02 0000  z...........\...
00009410: 1a1a 1000 a500 0000 0200 0200 6e02 0000  ............n...
00009420: bf1a 1000 ba00 0000 0200 0200 7d02 0000  ............}...
00009430: 791b 1000 2003 0000 0200 0200 8802 0000  y... ...........
00009440: 991e 1000 3f00 0000 0200 0200 9702 0000  ....?...........
00009450: d81e 1000 1c00 0000 0200 0200 a202 0000  ................
00009460: 0000 0000 0000 0000 0400 f1ff ab02 0000  ................
00009470: 0000 0000 0000 0000 0400 f1ff 1400 0000  ................
00009480: d925 1000 1f00 0000 0200 0200 1900 0000  .%..............
00009490: f825 1000 1d00 0000 0200 0200 ba02 0000  .%..............
000094a0: 1526 1000 3400 0000 0200 0200 bf02 0000  .&..4...........
000094b0: 4926 1000 3400 0000 0200 0200 c502 0000  I&..4...........
000094c0: 7d26 1000 3700 0000 0200 0200 d302 0000  }&..7...........
000094d0: b426 1000 4c00 0000 0200 0200 e002 0000  .&..L...........
000094e0: bb2a 1000 0000 0000 1000 0200 e902 0000  .*..............
000094f0: 8d2c 1000 0000 0000 1000 0200 f602 0000  .,..............
00009500: 2d2b 1000 0000 0000 1000 0200 0203 0000  -+..............
00009510: f41e 1000 4000 0000 1200 0200 0f03 0000  ....@...........
00009520: d52b 1000 0000 0000 1000 0200 1c03 0000  .+..............
00009530: 072b 1000 0000 0000 1000 0200 2503 0000  .+..........%...
00009540: fd29 1000 0000 0000 1000 0200 2e03 0000  .)..............
00009550: 1929 1000 0000 0000 1000 0200 3703 0000  .)..........7...
00009560: 3f29 1000 0000 0000 1000 0200 4003 0000  ?)..........@...
00009570: 1810 4000 0400 0000 1100 0500 4803 0000  ..@.........H...
00009580: 1010 4000 0400 0000 1100 0500 5003 0000  ..@.........P...
00009590: 212c 1000 0000 0000 1000 0200 5d03 0000  !,..........]...
000095a0: 0c00 1000 3d00 0000 1200 0200 6403 0000  ....=.......d...
000095b0: 7e03 1000 2a00 0000 1200 0200 6a03 0000  ~...*.......j...
000095c0: 0d2d 1000 0000 0000 1000 0200 7703 0000  .-..........w...
000095d0: 552c 1000 0000 0000 1000 0200 8403 0000  U,..............
000095e0: 9b13 1000 1f00 0000 1200 0200 9003 0000  ................
000095f0: 5d2b 1000 0000 0000 1000 0200 9d03 0000  ]+..............
00009600: 9f28 1000 0600 0000 1200 0200 a603 0000  .(..............
00009610: 0c10 4000 0200 0000 1100 0500 b403 0000  ..@.............
00009620: b433 1000 0400 0000 1100 0400 bd03 0000  .3..............
00009630: 232a 1000 0000 0000 1000 0200 c603 0000  #*..............
00009640: a52b 1000 0000 0000 1000 0200 d303 0000  .+..............
00009650: 1c10 4000 0200 0000 1100 0500 da03 0000  ..@.............
00009660: 3d2d 1000 0000 0000 1000 0200 e703 0000  =-..............
00009670: 8f15 1000 6102 0000 1200 0200 f003 0000  ....a...........
00009680: ba13 1000 5b00 0000 1200 0200 fe03 0000  ....[...........
00009690: 492a 1000 0000 0000 1000 0200 0704 0000  I*..............
000096a0: a72c 1000 0000 0000 1000 0200 1404 0000  .,..............
000096b0: 9e1f 1000 3b06 0000 1200 0200 2004 0000  ....;....... ...
000096c0: b129 1000 0000 0000 1000 0200 2904 0000  .)..........)...
000096d0: d729 1000 0000 0000 1000 0200 3204 0000  .)..........2...
000096e0: 1e10 4000 0200 0000 1100 0500 3904 0000  ..@.........9...
000096f0: d92c 1000 0000 0000 1000 0200 4604 0000  .,..........F...
00009700: 0000 1000 0c00 0000 1100 0100 5704 0000  ............W...
00009710: b918 1000 4c00 0000 1200 0200 6804 0000  ....L.......h...
00009720: 052c 1000 0000 0000 1000 0200 7504 0000  .,..........u...
00009730: ed11 1000 3801 0000 1200 0200 8404 0000  ....8...........
00009740: f017 1000 c900 0000 1200 0200 8d04 0000  ................
00009750: 0027 1000 c400 0000 1200 0200 9804 0000  .'..............
00009760: 1410 4000 0400 0000 1100 0500 2d02 0000  ..@.........-...
00009770: d10b 1000 0902 0000 1200 0200 a304 0000  ................
00009780: 7700 1000 5800 0000 1200 0200 aa04 0000  w...X...........
00009790: 712c 1000 0000 0000 1000 0200 b704 0000  q,..............
000097a0: 0010 4000 0400 0000 1100 0500 c204 0000  ..@.............
000097b0: f52c 1000 0000 0000 1000 0200 cf04 0000  .,..............
000097c0: 8d2b 1000 0000 0000 1000 0200 dc04 0000  .+..............
000097d0: 2513 1000 7600 0000 1200 0200 ec04 0000  %...v...........
000097e0: 952a 1000 0000 0000 1000 0200 f504 0000  .*..............
000097f0: 4900 1000 2e00 0000 1200 0200 fc04 0000  I...............
00009800: 452b 1000 0000 0000 1000 0200 0905 0000  E+..............
00009810: ed2b 1000 0000 0000 1000 0200 1605 0000  .+..............
00009820: b833 1000 0400 0000 1100 0400 1f05 0000  .3..............
00009830: c427 1000 db00 0000 1200 0200 2b05 0000  .'..........+...
00009840: e12a 1000 0000 0000 1000 0200 3405 0000  .*..........4...
00009850: 0410 4000 0200 0000 1100 0500 4105 0000  ..@.........A...
00009860: 1514 1000 af00 0000 1200 0200 5405 0000  ............T...
00009870: 552d 1000 0000 0000 1000 0200 6105 0000  U-..........a...
00009880: 0000 4000 0010 0000 1100 0500 6e05 0000  ..@.........n...
00009890: 6f2a 1000 0000 0000 1000 0200 7705 0000  o*..........w...
000098a0: 8b29 1000 0000 0000 1000 0200 8005 0000  .)..............
000098b0: 6529 1000 0000 0000 1000 0200 8905 0000  e)..............
000098c0: df28 1000 0000 0000 1000 0200 1a05 0000  .(..............
000098d0: 2c3a 4000 0000 0000 1000 0500 9b05 0000  ,:@.............
000098e0: 392c 1000 0000 0000 1000 0200 a805 0000  9,..............
000098f0: c12c 1000 0000 0000 1000 0200 b505 0000  .,..............
00009900: 5401 1000 5301 0000 1200 0200 bd05 0000  T...S...........
00009910: 0000 1000 0000 0000 1000 0100 ca05 0000  ................
00009920: c414 1000 cb00 0000 1200 0200 db05 0000  ................
00009930: cf00 1000 2800 0000 1200 0200 e205 0000  ....(...........
00009940: 341f 1000 6a00 0000 1200 0200 f205 0000  4...j...........
00009950: 0e10 4000 0200 0000 1100 0500 fb05 0000  ..@.............
00009960: a528 1000 0000 0000 1000 0200 0506 0000  .(..............
00009970: bd2b 1000 0000 0000 1000 0200 1206 0000  .+..............
00009980: 0810 4000 0400 0000 1100 0500 2006 0000  ..@......... ...
00009990: 752b 1000 0000 0000 1000 0200 2d06 0000  u+..........-...
000099a0: 252d 1000 0000 0000 1000 0200 006b 6572  %-...........ker
000099b0: 6e65 6c2e 6300 6672 6565 5f6c 6973 7400  nel.c.free_list.
000099c0: 6f75 7462 0069 6e62 0069 6f5f 7761 6974  outb.inb.io_wait
000099d0: 0069 6e73 6572 745f 626c 6f63 6b5f 736f  .insert_block_so
000099e0: 7274 6564 0063 6f61 6c65 7363 6500 5647  rted.coalesce.VG
000099f0: 4100 6375 7273 6f72 5f72 6f77 0063 7572  A.cursor_row.cur
00009a00: 736f 725f 636f 6c00 7667 615f 6365 6c6c  sor_col.vga_cell
00009a10: 0076 6761 5f68 775f 6375 7273 6f72 5f73  .vga_hw_cursor_s
00009a20: 6574 0076 6761 5f63 6c65 6172 0076 6761  et.vga_clear.vga
00009a30: 5f70 7574 6300 7667 615f 7772 6974 6500  _putc.vga_write.
00009a40: 7072 696e 745f 6865 7838 0070 7269 6e74  print_hex8.print
00009a50: 5f68 6578 3136 0070 7269 6e74 5f68 6578  _hex16.print_hex
00009a60: 3332 0073 7065 616b 6572 5f6f 6e00 7370  32.speaker_on.sp
00009a70: 6561 6b65 725f 6f66 6600 7374 725f 6c65  eaker_off.str_le
00009a80: 6e00 7667 615f 7075 7473 5f61 7400 7667  n.vga_puts_at.vg
00009a90: 615f 7075 7464 6563 5f61 7400 7667 615f  a_putdec_at.vga_
00009aa0: 7075 7468 6578 3332 5f61 7400 7761 6974  puthex32_at.wait
00009ab0: 5f73 6563 6f6e 6473 0067 7000 7473 7300  _seconds.gp.tss.
00009ac0: 6b73 7461 636b 0075 7365 725f 7374 6163  kstack.user_stac
00009ad0: 6b00 6764 745f 7365 7400 6c67 6474 006c  k.gdt_set.lgdt.l
00009ae0: 6964 7400 6c74 7200 7374 725f 7265 6164  idt.ltr.str_read
00009af0: 006c 6f61 645f 6b65 726e 656c 5f73 6567  .load_kernel_seg
00009b00: 6d65 6e74 7300 6964 745f 7365 745f 6761  ments.idt_set_ga
00009b10: 7465 0070 6963 5f72 656d 6170 0070 6974  te.pic_remap.pit
00009b20: 5f69 6e69 7400 6361 7073 006b 6579 6d61  _init.caps.keyma
00009b30: 7000 6b65 796d 6170 5f73 6869 6674 006b  p.keymap_shift.k
00009b40: 6275 6600 6b68 6561 6400 6b74 6169 6c00  buf.khead.ktail.
00009b50: 6b62 7566 5f70 7573 6800 6b62 7566 5f70  kbuf_push.kbuf_p
00009b60: 6f70 0070 7332 5f77 6169 745f 696e 7075  op.ps2_wait_inpu
00009b70: 745f 636c 6561 7200 7073 325f 7761 6974  t_clear.ps2_wait
00009b80: 5f6f 7574 7075 745f 6675 6c6c 0070 7332  _output_full.ps2
00009b90: 5f72 6561 645f 636f 6e66 6967 0070 7332  _read_config.ps2
00009ba0: 5f77 7269 7465 5f63 6f6e 6669 6700 6b65  _write_config.ke
00009bb0: 7962 6f61 7264 5f65 6e61 626c 6500 7469  yboard_enable.ti
00009bc0: 636b 732e 3000 755f 7265 6164 6368 0075  cks.0.u_readch.u
00009bd0: 5f77 7269 7465 0075 5f70 616e 6963 0075  _write.u_panic.u
00009be0: 5f79 6965 6c64 0063 6f73 685f 6261 6e6e  _yield.cosh_bann
00009bf0: 6572 0073 686f 775f 6973 725f 7374 6163  er.show_isr_stac
00009c00: 6b5f 7072 6f62 6500 7368 6f77 5f73 7461  k_probe.show_sta
00009c10: 636b 5f62 6f75 6e64 7300 7368 6f77 5f72  ck_bounds.show_r
00009c20: 6574 5f66 7261 6d65 0075 7365 725f 7368  et_frame.user_sh
00009c30: 656c 6c00 656e 7465 725f 7573 6572 6c61  ell.enter_userla
00009c40: 6e64 0075 7365 725f 656e 7472 7900 7374  nd.user_entry.st
00009c50: 7269 6e67 2e63 0062 6c6f 636b 5f64 6576  ring.c.block_dev
00009c60: 6963 652e 6300 696e 7377 006f 7574 7377  ice.c.insw.outsw
00009c70: 0061 7461 5f77 6169 745f 6275 7379 0061  .ata_wait_busy.a
00009c80: 7461 5f77 6169 745f 6472 7100 6972 715f  ta_wait_drq.irq_
00009c90: 3078 3244 0069 7372 5f65 7863 5f30 7830  0x2D.isr_exc_0x0
00009ca0: 4400 6973 725f 7379 7363 616c 6c00 5465  D.isr_syscall.Te
00009cb0: 7374 5f4b 6d61 6c6c 6f63 0069 7372 5f65  st_Kmalloc.isr_e
00009cc0: 7863 5f30 7830 3600 6972 715f 3078 3246  xc_0x06.irq_0x2F
00009cd0: 0069 7271 5f30 7832 3800 6972 715f 3078  .irq_0x28.irq_0x
00009ce0: 3232 0069 7271 5f30 7832 3300 7265 745f  22.irq_0x23.ret_
00009cf0: 6573 7000 7265 745f 6569 7000 6973 725f  esp.ret_eip.isr_
00009d00: 6578 635f 3078 3039 006d 656d 6370 7900  exc_0x09.memcpy.
00009d10: 6b66 7265 6500 6973 725f 6578 635f 3078  kfree.isr_exc_0x
00009d20: 3133 0069 7372 5f65 7863 5f30 7830 4200  13.isr_exc_0x0B.
00009d30: 6972 715f 7469 6d65 725f 6300 6973 725f  irq_timer_c.isr_
00009d40: 6578 635f 3078 3031 0061 7461 5f69 6e69  exc_0x01.ata_ini
00009d50: 7400 6973 725f 7072 6f62 655f 6370 6c00  t.isr_probe_cpl.
00009d60: 6865 6170 5f70 7472 0069 7271 5f30 7832  heap_ptr.irq_0x2
00009d70: 3900 6973 725f 6578 635f 3078 3034 0072  9.isr_exc_0x04.r
00009d80: 6574 5f63 7300 6973 725f 6578 635f 3078  et_cs.isr_exc_0x
00009d90: 3145 0065 7863 5f67 705f 6300 6973 725f  1E.exc_gp_c.isr_
00009da0: 7379 7363 616c 6c5f 6300 6972 715f 3078  syscall_c.irq_0x
00009db0: 3241 0069 7372 5f65 7863 5f30 7830 4500  2A.isr_exc_0x0E.
00009dc0: 6b65 726e 656c 5f6d 6169 6e00 6972 715f  kernel_main.irq_
00009dd0: 3078 3236 0069 7271 5f30 7832 3700 7265  0x26.irq_0x27.re
00009de0: 745f 7373 0069 7372 5f65 7863 5f30 7831  t_ss.isr_exc_0x1
00009df0: 3100 6d75 6c74 6962 6f6f 745f 6865 6164  1.multiboot_head
00009e00: 6572 0073 7973 6361 6c6c 5f64 6973 7061  er.syscall_dispa
00009e10: 7463 6800 6973 725f 6578 635f 3078 3038  tch.isr_exc_0x08
00009e20: 006b 6579 626f 6172 645f 6973 725f 6300  .keyboard_isr_c.
00009e30: 6578 635f 7066 5f63 0061 7461 5f72 6561  exc_pf_c.ata_rea
00009e40: 6432 3800 7265 745f 6566 6c61 6773 006d  d28.ret_eflags.m
00009e50: 656d 636d 7000 6973 725f 6578 635f 3078  emcmp.isr_exc_0x
00009e60: 3043 006d 6172 6b65 725f 746f 7000 6973  0C.marker_top.is
00009e70: 725f 6578 635f 3078 3132 0069 7372 5f65  r_exc_0x12.isr_e
00009e80: 7863 5f30 7830 3300 6972 715f 756e 6861  xc_0x03.irq_unha
00009e90: 6e64 6c65 645f 6300 6972 715f 3078 3243  ndled_c.irq_0x2C
00009ea0: 006d 656d 7365 7400 6973 725f 6578 635f  .memset.isr_exc_
00009eb0: 3078 3030 0069 7372 5f65 7863 5f30 7830  0x00.isr_exc_0x0
00009ec0: 3700 6865 6170 5f65 6e64 0061 7461 5f77  7.heap_end.ata_w
00009ed0: 7269 7465 3238 0069 7271 5f30 7832 4500  rite28.irq_0x2E.
00009ee0: 6973 725f 7072 6f62 655f 7373 0065 7863  isr_probe_ss.exc
00009ef0: 5f63 6f6d 6d6f 6e5f 6e6f 6572 725f 6300  _common_noerr_c.
00009f00: 6973 725f 6578 635f 3078 3146 006d 6172  isr_exc_0x1F.mar
00009f10: 6b65 725f 7374 6163 6b00 6972 715f 3078  ker_stack.irq_0x
00009f20: 3242 0069 7271 5f30 7832 3500 6972 715f  2B.irq_0x25.irq_
00009f30: 3078 3234 0069 7271 5f6b 6579 626f 6172  0x24.irq_keyboar
00009f40: 645f 7374 7562 0069 7372 5f65 7863 5f30  d_stub.isr_exc_0
00009f50: 7830 4100 6973 725f 6578 635f 3078 3130  x0A.isr_exc_0x10
00009f60: 006b 6d61 6c6c 6f63 004b 4552 4e45 4c5f  .kmalloc.KERNEL_
00009f70: 5354 4152 5400 6578 635f 636f 6d6d 6f6e  START.exc_common
00009f80: 5f65 7272 5f63 0073 7472 6c65 6e00 5465  _err_c.strlen.Te
00009f90: 7374 5f42 6c6b 5f44 7269 7665 7200 7472  st_Blk_Driver.tr
00009fa0: 5f70 726f 6265 0069 7271 5f74 696d 6572  _probe.irq_timer
00009fb0: 0069 7372 5f65 7863 5f30 7830 3500 6973  .isr_exc_0x05.is
00009fc0: 725f 7072 6f62 655f 6573 7000 6973 725f  r_probe_esp.isr_
00009fd0: 6578 635f 3078 3032 0069 7372 5f65 7863  exc_0x02.isr_exc
00009fe0: 5f30 7831 4400 002e 7379 6d74 6162 002e  _0x1D...symtab..
00009ff0: 7374 7274 6162 002e 7368 7374 7274 6162  strtab..shstrtab
0000a000: 002e 6d75 6c74 6962 6f6f 7400 2e74 6578  ..multiboot..tex
0000a010: 7400 2e72 6f64 6174 6100 2e64 6174 6100  t..rodata..data.
0000a020: 2e62 7373 002e 6465 6275 675f 696e 666f  .bss..debug_info
0000a030: 002e 6465 6275 675f 6162 6272 6576 002e  ..debug_abbrev..
0000a040: 6465 6275 675f 6172 616e 6765 7300 2e64  debug_aranges..d
0000a050: 6562 7567 5f6c 696e 6500 2e64 6562 7567  ebug_line..debug
0000a060: 5f73 7472 002e 6465 6275 675f 6c69 6e65  _str..debug_line
0000a070: 5f73 7472 002e 636f 6d6d 656e 7400 2e64  _str..comment..d
0000a080: 6562 7567 5f66 7261 6d65 002e 6465 6275  ebug_frame..debu
0000a090: 675f 726e 676c 6973 7473 0000 0000 0000  g_rnglists......
0000a0a0: 0000 0000 0000 0000 0000 0000 0000 0000  ................
0000a0b0: 0000 0000 0000 0000 0000 0000 0000 0000  ................
0000a0c0: 0000 0000 1b00 0000 0100 0000 0200 0000  ................
0000a0d0: 0000 1000 0010 0000 0c00 0000 0000 0000  ................
0000a0e0: 0000 0000 0400 0000 0000 0000 2600 0000  ............&...
0000a0f0: 0100 0000 0600 0000 0c00 1000 0c10 0000  ................
0000a100: 612d 0000 0000 0000 0000 0000 0100 0000  a-..............
0000a110: 0000 0000 2c00 0000 0100 0000 0200 0000  ....,...........
0000a120: 802d 1000 803d 0000 3206 0000 0000 0000  .-...=..2.......
0000a130: 0000 0000 2000 0000 0000 0000 3400 0000  .... .......4...
0000a140: 0100 0000 0300 0000 b433 1000 b443 0000  .........3...C..
0000a150: 0800 0000 0000 0000 0000 0000 0400 0000  ................
0000a160: 0000 0000 3a00 0000 0800 0000 0300 0000  ....:...........
0000a170: 0000 4000 0050 0000 2c3a 0000 0000 0000  ..@..P..,:......
0000a180: 0000 0000 2000 0000 0000 0000 3f00 0000  .... .......?...
0000a190: 0100 0000 0000 0000 0000 0000 bc43 0000  .............C..
0000a1a0: 291c 0000 0000 0000 0000 0000 0100 0000  )...............
0000a1b0: 0000 0000 4b00 0000 0100 0000 0000 0000  ....K...........
0000a1c0: 0000 0000 e55f 0000 9006 0000 0000 0000  ....._..........
0000a1d0: 0000 0000 0100 0000 0000 0000 5900 0000  ............Y...
0000a1e0: 0100 0000 0000 0000 0000 0000 7866 0000  ............xf..
0000a1f0: 8000 0000 0000 0000 0000 0000 0800 0000  ................
0000a200: 0000 0000 6800 0000 0100 0000 0000 0000  ....h...........
0000a210: 0000 0000 f866 0000 4815 0000 0000 0000  .....f..H.......
0000a220: 0000 0000 0100 0000 0000 0000 7400 0000  ............t...
0000a230: 0100 0000 3000 0000 0000 0000 407c 0000  ....0.......@|..
0000a240: 5f09 0000 0000 0000 0000 0000 0100 0000  _...............
0000a250: 0100 0000 7f00 0000 0100 0000 3000 0000  ............0...
0000a260: 0000 0000 9f85 0000 b800 0000 0000 0000  ................
0000a270: 0000 0000 0100 0000 0100 0000 8f00 0000  ................
0000a280: 0100 0000 3000 0000 0000 0000 5786 0000  ....0.......W...
0000a290: 1f00 0000 0000 0000 0000 0000 0100 0000  ................
0000a2a0: 0100 0000 9800 0000 0100 0000 0000 0000  ................
0000a2b0: 0000 0000 7886 0000 8c09 0000 0000 0000  ....x...........
0000a2c0: 0000 0000 0400 0000 0000 0000 a500 0000  ................
0000a2d0: 0100 0000 0000 0000 0000 0000 0490 0000  ................
0000a2e0: 1700 0000 0000 0000 0000 0000 0100 0000  ................
0000a2f0: 0000 0000 0100 0000 0200 0000 0000 0000  ................
0000a300: 0000 0000 1c90 0000 9009 0000 1000 0000  ................
0000a310: 4c00 0000 0400 0000 1000 0000 0900 0000  L...............
0000a320: 0300 0000 0000 0000 0000 0000 ac99 0000  ................
0000a330: 3a06 0000 0000 0000 0000 0000 0100 0000  :...............
0000a340: 0000 0000 1100 0000 0300 0000 0000 0000  ................
0000a350: 0000 0000 e69f 0000 b500 0000 0000 0000  ................
0000a360: 0000 0000 0100 0000 0000 0000            ............
